#,Wilayah,Jumlah Stok (Kg),tahun_filter,diambil_pada_utc,Jenis Komoditas,Nama,Alamat
1.0,Provinsi DI Yogyakarta,0.0,2019,2026-08-30T15:26:57.755825+00:00,,,
2.0,Kabupaten Kulon Progo,0.0,2019,2026-08-30T15:26:57.755825+00:00,,,
3.0,Kabupaten Bantul,0.0,2019,2026-08-30T15:26:57.755825+00:00,,,
4.0,Kabupaten Gunung Kidul,0.0,2019,2026-08-30T15:26:57.755825+00:00,,,
5.0,Kota Yogyakarta,101.46,2019,2026-08-30T15:26:57.755825+00:00,,,
6.0,Kabupaten Sleman,182.24,2019,2026-08-30T15:26:57.755825+00:00,,,
,Total,283.7,2019,2026-08-30T15:26:57.755825+00:00,,,
1.0,,89.45,2019,2026-08-30T15:26:57.756278+00:00,Gabah Kering Giling (GKG),,
2.0,,135.19,2019,2026-08-30T15:26:57.756278+00:00,Beras Medium,,
3.0,,59.02,2019,2026-08-30T15:26:57.756278+00:00,Beras Premium,,
4.0,,0.0,2019,2026-08-30T15:26:57.756278+00:00,Jagung,,
5.0,,15.0,2019,2026-08-30T15:26:57.756278+00:00,Kedelai,,
,,283.675,2019,2026-08-30T15:26:57.756278+00:00,Total,,
1.0,Provinsi DI Yogyakarta,,2019,2026-08-30T15:26:57.756601+00:00,,Dinas Pertanian dan Ketahanan Pangan DIY,Jl. Gondosuli No. 6 Yogyakarta
2.0,Kabupaten Kulon Progo,,2019,2026-08-30T15:26:57.756601+00:00,,Among Tani,"Pencengan , Kedundang, Temon"
3.0,Kabupaten Kulon Progo,,2019,2026-08-30T15:26:57.756601+00:00,,Asih,"Plono Timur, Pagerharjo, Samigaluh"
4.0,Kabupaten Kulon Progo,,2019,2026-08-30T15:26:57.756601+00:00,,Asri Lestari,"Kepiton, Banjar Asri, Kalibawang"
5.0,Kabupaten Kulon Progo,,2019,2026-08-30T15:26:57.756601+00:00,,Catur Legowo,"Sidatan, Kalidengen, Temon"
6.0,Kabupaten Kulon Progo,,2019,2026-08-30T15:26:57.756601+00:00,,Cipta Boga,Galur Kulon Progo
7.0,Kabupaten Kulon Progo,,2019,2026-08-30T15:26:57.756601+00:00,,Dinas Pertanian dan Pangan,"Jl. Sugiman No.21, Serut, Pengasih, Wates, Kabupaten Kulon Progo, Daerah Istimewa Yogyakarta 55652"
8.0,Kabupaten Kulon Progo,,2019,2026-08-30T15:26:57.756601+00:00,,Jatimakmur,"Jimatan, Jatirejo, Lendah"
9.0,Kabupaten Kulon Progo,,2019,2026-08-30T15:26:57.756601+00:00,,KWT Giriloji,"Tegiri II, Hargowilis, Kokap"
10.0,Kabupaten Kulon Progo,,2019,2026-08-30T15:26:57.756601+00:00,,KWT Sarwodadi,"Menguri, Hargotirto, Kokap"
1.0,Provinsi DI Yogyakarta,0.0,2020,2026-08-30T15:27:00.321521+00:00,,,
2.0,Kabupaten Kulon Progo,0.0,2020,2026-08-30T15:27:00.321521+00:00,,,
3.0,Kabupaten Bantul,0.0,2020,2026-08-30T15:27:00.321521+00:00,,,
4.0,Kabupaten Gunung Kidul,0.0,2020,2026-08-30T15:27:00.321521+00:00,,,
5.0,Kota Yogyakarta,101.46,2020,2026-08-30T15:27:00.321521+00:00,,,
6.0,Kabupaten Sleman,182.24,2020,2026-08-30T15:27:00.321521+00:00,,,
,Total,283.7,2020,2026-08-30T15:27:00.321521+00:00,,,
1.0,,89.45,2020,2026-08-30T15:27:00.321933+00:00,Gabah Kering Giling (GKG),,
2.0,,135.19,2020,2026-08-30T15:27:00.321933+00:00,Beras Medium,,
3.0,,59.02,2020,2026-08-30T15:27:00.321933+00:00,Beras Premium,,
,,283.66,2020,2026-08-30T15:27:00.321933+00:00,Total,,
1.0,Provinsi DI Yogyakarta,,2020,2026-08-30T15:27:00.322245+00:00,,Dinas Pertanian dan Ketahanan Pangan DIY,Jl. Gondosuli No. 6 Yogyakarta
2.0,Kabupaten Kulon Progo,,2020,2026-08-30T15:27:00.322245+00:00,,Among Tani,"Pencengan , Kedundang, Temon"
3.0,Kabupaten Kulon Progo,,2020,2026-08-30T15:27:00.322245+00:00,,Asih,"Plono Timur, Pagerharjo, Samigaluh"
4.0,Kabupaten Kulon Progo,,2020,2026-08-30T15:27:00.322245+00:00,,Asri Lestari,"Kepiton, Banjar Asri, Kalibawang"
5.0,Kabupaten Kulon Progo,,2020,2026-08-30T15:27:00.322245+00:00,,Catur Legowo,"Sidatan, Kalidengen, Temon"
6.0,Kabupaten Kulon Progo,,2020,2026-08-30T15:27:00.322245+00:00,,Cipta Boga,Galur Kulon Progo
7.0,Kabupaten Kulon Progo,,2020,2026-08-30T15:27:00.322245+00:00,,Dinas Pertanian dan Pangan,"Jl. Sugiman No.21, Serut, Pengasih, Wates, Kabupaten Kulon Progo, Daerah Istimewa Yogyakarta 55652"
8.0,Kabupaten Kulon Progo,,2020,2026-08-30T15:27:00.322245+00:00,,Jatimakmur,"Jimatan, Jatirejo, Lendah"
9.0,Kabupaten Kulon Progo,,2020,2026-08-30T15:27:00.322245+00:00,,KWT Giriloji,"Tegiri II, Hargowilis, Kokap"
10.0,Kabupaten Kulon Progo,,2020,2026-08-30T15:27:00.322245+00:00,,KWT Sarwodadi,"Menguri, Hargotirto, Kokap"
1.0,Provinsi DI Yogyakarta,0.0,2021,2026-08-30T15:27:02.892530+00:00,,,
2.0,Kabupaten Kulon Progo,0.0,2021,2026-08-30T15:27:02.892530+00:00,,,
3.0,Kabupaten Bantul,0.0,2021,2026-08-30T15:27:02.892530+00:00,,,
4.0,Kabupaten Gunung Kidul,0.0,2021,2026-08-30T15:27:02.892530+00:00,,,
5.0,Kota Yogyakarta,101.46,2021,2026-08-30T15:27:02.892530+00:00,,,
6.0,Kabupaten Sleman,182.24,2021,2026-08-30T15:27:02.892530+00:00,,,
,Total,283.7,2021,2026-08-30T15:27:02.892530+00:00,,,
1.0,,89.45,2021,2026-08-30T15:27:02.892893+00:00,Gabah Kering Giling (GKG),,
2.0,,135.19,2021,2026-08-30T15:27:02.892893+00:00,Beras Medium,,
3.0,,59.02,2021,2026-08-30T15:27:02.892893+00:00,Beras Premium,,
,,283.66,2021,2026-08-30T15:27:02.892893+00:00,Total,,
1.0,Provinsi DI Yogyakarta,,2021,2026-08-30T15:27:02.893191+00:00,,Dinas Pertanian dan Ketahanan Pangan DIY,Jl. Gondosuli No. 6 Yogyakarta
2.0,Kabupaten Kulon Progo,,2021,2026-08-30T15:27:02.893191+00:00,,Among Tani,"Pencengan , Kedundang, Temon"
3.0,Kabupaten Kulon Progo,,2021,2026-08-30T15:27:02.893191+00:00,,Asih,"Plono Timur, Pagerharjo, Samigaluh"
4.0,Kabupaten Kulon Progo,,2021,2026-08-30T15:27:02.893191+00:00,,Asri Lestari,"Kepiton, Banjar Asri, Kalibawang"
5.0,Kabupaten Kulon Progo,,2021,2026-08-30T15:27:02.893191+00:00,,Catur Legowo,"Sidatan, Kalidengen, Temon"
6.0,Kabupaten Kulon Progo,,2021,2026-08-30T15:27:02.893191+00:00,,Cipta Boga,Galur Kulon Progo
7.0,Kabupaten Kulon Progo,,2021,2026-08-30T15:27:02.893191+00:00,,Dinas Pertanian dan Pangan,"Jl. Sugiman No.21, Serut, Pengasih, Wates, Kabupaten Kulon Progo, Daerah Istimewa Yogyakarta 55652"
8.0,Kabupaten Kulon Progo,,2021,2026-08-30T15:27:02.893191+00:00,,Jatimakmur,"Jimatan, Jatirejo, Lendah"
9.0,Kabupaten Kulon Progo,,2021,2026-08-30T15:27:02.893191+00:00,,KWT Giriloji,"Tegiri II, Hargowilis, Kokap"
10.0,Kabupaten Kulon Progo,,2021,2026-08-30T15:27:02.893191+00:00,,KWT Sarwodadi,"Menguri, Hargotirto, Kokap"
1.0,Provinsi DI Yogyakarta,0.0,2022,2026-08-30T15:27:05.566011+00:00,,,
2.0,Kabupaten Kulon Progo,0.0,2022,2026-08-30T15:27:05.566011+00:00,,,
3.0,Kabupaten Bantul,0.0,2022,2026-08-30T15:27:05.566011+00:00,,,
4.0,Kabupaten Gunung Kidul,0.0,2022,2026-08-30T15:27:05.566011+00:00,,,
5.0,Kota Yogyakarta,101.46,2022,2026-08-30T15:27:05.566011+00:00,,,
6.0,Kabupaten Sleman,182.24,2022,2026-08-30T15:27:05.566011+00:00,,,
,Total,283.7,2022,2026-08-30T15:27:05.566011+00:00,,,
1.0,,89.45,2022,2026-08-30T15:27:05.566400+00:00,Gabah Kering Giling (GKG),,
2.0,,135.19,2022,2026-08-30T15:27:05.566400+00:00,Beras Medium,,
3.0,,59.02,2022,2026-08-30T15:27:05.566400+00:00,Beras Premium,,
4.0,,0.0,2022,2026-08-30T15:27:05.566400+00:00,Jagung,,
5.0,,15.0,2022,2026-08-30T15:27:05.566400+00:00,Kedelai,,
6.0,,0.0,2022,2026-08-30T15:27:05.566400+00:00,Ubi Kayu,,
7.0,,0.0,2022,2026-08-30T15:27:05.566400+00:00,Ubi Jalar,,
8.0,,25.0,2022,2026-08-30T15:27:05.566400+00:00,Kacang Tanah,,
9.0,,0.0,2022,2026-08-30T15:27:05.566400+00:00,Kacang Hijau,,
,,283.7,2022,2026-08-30T15:27:05.566400+00:00,Total,,
1.0,Provinsi DI Yogyakarta,,2022,2026-08-30T15:27:05.566679+00:00,,Dinas Pertanian dan Ketahanan Pangan DIY,Jl. Gondosuli No. 6 Yogyakarta
2.0,Kabupaten Kulon Progo,,2022,2026-08-30T15:27:05.566679+00:00,,Among Tani,"Pencengan , Kedundang, Temon"
3.0,Kabupaten Kulon Progo,,2022,2026-08-30T15:27:05.566679+00:00,,Asih,"Plono Timur, Pagerharjo, Samigaluh"
4.0,Kabupaten Kulon Progo,,2022,2026-08-30T15:27:05.566679+00:00,,Asri Lestari,"Kepiton, Banjar Asri, Kalibawang"
5.0,Kabupaten Kulon Progo,,2022,2026-08-30T15:27:05.566679+00:00,,Catur Legowo,"Sidatan, Kalidengen, Temon"
6.0,Kabupaten Kulon Progo,,2022,2026-08-30T15:27:05.566679+00:00,,Cipta Boga,Galur Kulon Progo
7.0,Kabupaten Kulon Progo,,2022,2026-08-30T15:27:05.566679+00:00,,Dinas Pertanian dan Pangan,"Jl. Sugiman No.21, Serut, Pengasih, Wates, Kabupaten Kulon Progo, Daerah Istimewa Yogyakarta 55652"
8.0,Kabupaten Kulon Progo,,2022,2026-08-30T15:27:05.566679+00:00,,Jatimakmur,"Jimatan, Jatirejo, Lendah"
9.0,Kabupaten Kulon Progo,,2022,2026-08-30T15:27:05.566679+00:00,,KWT Giriloji,"Tegiri II, Hargowilis, Kokap"
10.0,Kabupaten Kulon Progo,,2022,2026-08-30T15:27:05.566679+00:00,,KWT Sarwodadi,"Menguri, Hargotirto, Kokap"
1.0,Kabupaten Kulon Progo,0.0,2023,2026-08-30T15:27:08.216566+00:00,,,
2.0,Kabupaten Bantul,0.0,2023,2026-08-30T15:27:08.216566+00:00,,,
3.0,Kabupaten Gunung Kidul,0.0,2023,2026-08-30T15:27:08.216566+00:00,,,
4.0,Kota Yogyakarta,101.46,2023,2026-08-30T15:27:08.216566+00:00,,,
5.0,Kabupaten Sleman,182.24,2023,2026-08-30T15:27:08.216566+00:00,,,
,Total,283.7,2023,2026-08-30T15:27:08.216566+00:00,,,
1.0,,89.45,2023,2026-08-30T15:27:08.216919+00:00,Gabah Kering Giling (GKG),,
2.0,,135.19,2023,2026-08-30T15:27:08.216919+00:00,Beras Medium,,
3.0,,59.02,2023,2026-08-30T15:27:08.216919+00:00,Beras Premium,,
4.0,,0.0,2023,2026-08-30T15:27:08.216919+00:00,Jagung,,
5.0,,15.0,2023,2026-08-30T15:27:08.216919+00:00,Kedelai,,
6.0,,0.0,2023,2026-08-30T15:27:08.216919+00:00,Ubi Kayu,,
7.0,,25.0,2023,2026-08-30T15:27:08.216919+00:00,Kacang Tanah,,
8.0,,0.0,2023,2026-08-30T15:27:08.216919+00:00,Kacang Hijau,,
9.0,,0.0,2023,2026-08-30T15:27:08.216919+00:00,Komoditas Lainnya,,
,,283.7,2023,2026-08-30T15:27:08.216919+00:00,Total,,
1.0,Provinsi DI Yogyakarta,,2023,2026-08-30T15:27:08.217212+00:00,,Dinas Pertanian dan Ketahanan Pangan DIY,Jl. Gondosuli No. 6 Yogyakarta
2.0,Kabupaten Kulon Progo,,2023,2026-08-30T15:27:08.217212+00:00,,Among Tani,"Pencengan , Kedundang, Temon"
3.0,Kabupaten Kulon Progo,,2023,2026-08-30T15:27:08.217212+00:00,,Asih,"Plono Timur, Pagerharjo, Samigaluh"
4.0,Kabupaten Kulon Progo,,2023,2026-08-30T15:27:08.217212+00:00,,Asri Lestari,"Kepiton, Banjar Asri, Kalibawang"
5.0,Kabupaten Kulon Progo,,2023,2026-08-30T15:27:08.217212+00:00,,Catur Legowo,"Sidatan, Kalidengen, Temon"
6.0,Kabupaten Kulon Progo,,2023,2026-08-30T15:27:08.217212+00:00,,Cipta Boga,Galur Kulon Progo
7.0,Kabupaten Kulon Progo,,2023,2026-08-30T15:27:08.217212+00:00,,Dinas Pertanian dan Pangan,"Jl. Sugiman No.21, Serut, Pengasih, Wates, Kabupaten Kulon Progo, Daerah Istimewa Yogyakarta 55652"
8.0,Kabupaten Kulon Progo,,2023,2026-08-30T15:27:08.217212+00:00,,Jatimakmur,"Jimatan, Jatirejo, Lendah"
9.0,Kabupaten Kulon Progo,,2023,2026-08-30T15:27:08.217212+00:00,,KWT Giriloji,"Tegiri II, Hargowilis, Kokap"
10.0,Kabupaten Kulon Progo,,2023,2026-08-30T15:27:08.217212+00:00,,KWT Sarwodadi,"Menguri, Hargotirto, Kokap"
1.0,Provinsi DI Yogyakarta,0.0,2024,2026-08-30T15:27:10.918671+00:00,,,
2.0,Kabupaten Kulon Progo,0.0,2024,2026-08-30T15:27:10.918671+00:00,,,
3.0,Kabupaten Bantul,0.0,2024,2026-08-30T15:27:10.918671+00:00,,,
4.0,Kabupaten Gunung Kidul,0.0,2024,2026-08-30T15:27:10.918671+00:00,,,
5.0,Kota Yogyakarta,101.46,2024,2026-08-30T15:27:10.918671+00:00,,,
6.0,Kabupaten Sleman,182.24,2024,2026-08-30T15:27:10.918671+00:00,,,
,Total,283.7,2024,2026-08-30T15:27:10.918671+00:00,,,
1.0,,89.45,2024,2026-08-30T15:27:10.919025+00:00,Gabah Kering Giling (GKG),,
2.0,,135.19,2024,2026-08-30T15:27:10.919025+00:00,Beras Medium,,
3.0,,59.02,2024,2026-08-30T15:27:10.919025+00:00,Beras Premium,,
4.0,,0.0,2024,2026-08-30T15:27:10.919025+00:00,Jagung,,
5.0,,15.0,2024,2026-08-30T15:27:10.919025+00:00,Kedelai,,
6.0,,25.0,2024,2026-08-30T15:27:10.919025+00:00,Kacang Tanah,,
7.0,,0.0,2024,2026-08-30T15:27:10.919025+00:00,Kacang Hijau,,
,,283.7,2024,2026-08-30T15:27:10.919025+00:00,Total,,
1.0,Provinsi DI Yogyakarta,,2024,2026-08-30T15:27:10.919335+00:00,,Dinas Pertanian dan Ketahanan Pangan DIY,Jl. Gondosuli No. 6 Yogyakarta
2.0,Kabupaten Kulon Progo,,2024,2026-08-30T15:27:10.919335+00:00,,Among Tani,"Pencengan , Kedundang, Temon"
3.0,Kabupaten Kulon Progo,,2024,2026-08-30T15:27:10.919335+00:00,,Asih,"Plono Timur, Pagerharjo, Samigaluh"
4.0,Kabupaten Kulon Progo,,2024,2026-08-30T15:27:10.919335+00:00,,Asri Lestari,"Kepiton, Banjar Asri, Kalibawang"
5.0,Kabupaten Kulon Progo,,2024,2026-08-30T15:27:10.919335+00:00,,Catur Legowo,"Sidatan, Kalidengen, Temon"
6.0,Kabupaten Kulon Progo,,2024,2026-08-30T15:27:10.919335+00:00,,Cipta Boga,Galur Kulon Progo
7.0,Kabupaten Kulon Progo,,2024,2026-08-30T15:27:10.919335+00:00,,Dinas Pertanian dan Pangan,"Jl. Sugiman No.21, Serut, Pengasih, Wates, Kabupaten Kulon Progo, Daerah Istimewa Yogyakarta 55652"
8.0,Kabupaten Kulon Progo,,2024,2026-08-30T15:27:10.919335+00:00,,Jatimakmur,"Jimatan, Jatirejo, Lendah"
9.0,Kabupaten Kulon Progo,,2024,2026-08-30T15:27:10.919335+00:00,,KWT Giriloji,"Tegiri II, Hargowilis, Kokap"
10.0,Kabupaten Kulon Progo,,2024,2026-08-30T15:27:10.919335+00:00,,KWT Sarwodadi,"Menguri, Hargotirto, Kokap"
1.0,Kabupaten Kulon Progo,0.0,2025,2026-08-30T15:27:13.511894+00:00,,,
2.0,Kabupaten Bantul,0.0,2025,2026-08-30T15:27:13.511894+00:00,,,
3.0,Kabupaten Gunung Kidul,0.0,2025,2026-08-30T15:27:13.511894+00:00,,,
4.0,Kota Yogyakarta,101.46,2025,2026-08-30T15:27:13.511894+00:00,,,
5.0,Kabupaten Sleman,182.24,2025,2026-08-30T15:27:13.511894+00:00,,,
,Total,283.7,2025,2026-08-30T15:27:13.511894+00:00,,,
1.0,,89.45,2025,2026-08-30T15:27:13.512269+00:00,Gabah Kering Giling (GKG),,
2.0,,135.19,2025,2026-08-30T15:27:13.512269+00:00,Beras Medium,,
3.0,,59.02,2025,2026-08-30T15:27:13.512269+00:00,Beras Premium,,
4.0,,0.0,2025,2026-08-30T15:27:13.512269+00:00,Jagung,,
5.0,,15.0,2025,2026-08-30T15:27:13.512269+00:00,Kedelai,,
,,283.675,2025,2026-08-30T15:27:13.512269+00:00,Total,,
1.0,Provinsi DI Yogyakarta,,2025,2026-08-30T15:27:13.512539+00:00,,Dinas Pertanian dan Ketahanan Pangan DIY,Jl. Gondosuli No. 6 Yogyakarta
2.0,Kabupaten Kulon Progo,,2025,2026-08-30T15:27:13.512539+00:00,,Among Tani,"Pencengan , Kedundang, Temon"
3.0,Kabupaten Kulon Progo,,2025,2026-08-30T15:27:13.512539+00:00,,Asih,"Plono Timur, Pagerharjo, Samigaluh"
4.0,Kabupaten Kulon Progo,,2025,2026-08-30T15:27:13.512539+00:00,,Asri Lestari,"Kepiton, Banjar Asri, Kalibawang"
5.0,Kabupaten Kulon Progo,,2025,2026-08-30T15:27:13.512539+00:00,,Catur Legowo,"Sidatan, Kalidengen, Temon"
6.0,Kabupaten Kulon Progo,,2025,2026-08-30T15:27:13.512539+00:00,,Cipta Boga,Galur Kulon Progo
7.0,Kabupaten Kulon Progo,,2025,2026-08-30T15:27:13.512539+00:00,,Dinas Pertanian dan Pangan,"Jl. Sugiman No.21, Serut, Pengasih, Wates, Kabupaten Kulon Progo, Daerah Istimewa Yogyakarta 55652"
8.0,Kabupaten Kulon Progo,,2025,2026-08-30T15:27:13.512539+00:00,,Jatimakmur,"Jimatan, Jatirejo, Lendah"
9.0,Kabupaten Kulon Progo,,2025,2026-08-30T15:27:13.512539+00:00,,KWT Giriloji,"Tegiri II, Hargowilis, Kokap"
10.0,Kabupaten Kulon Progo,,2025,2026-08-30T15:27:13.512539+00:00,,KWT Sarwodadi,"Menguri, Hargotirto, Kokap"
1.0,Provinsi DI Yogyakarta,0.0,2026,2026-08-30T15:27:16.101016+00:00,,,
2.0,Kabupaten Kulon Progo,0.0,2026,2026-08-30T15:27:16.101016+00:00,,,
3.0,Kabupaten Bantul,0.0,2026,2026-08-30T15:27:16.101016+00:00,,,
4.0,Kabupaten Gunung Kidul,0.0,2026,2026-08-30T15:27:16.101016+00:00,,,
5.0,Kota Yogyakarta,101.46,2026,2026-08-30T15:27:16.101016+00:00,,,
6.0,Kabupaten Sleman,182.24,2026,2026-08-30T15:27:16.101016+00:00,,,
7.0,Kecamatan Sleman,0.0,2026,2026-08-30T15:27:16.101016+00:00,,,
,Total,283.7,2026,2026-08-30T15:27:16.101016+00:00,,,
1.0,,89.45,2026,2026-08-30T15:27:16.101385+00:00,Gabah Kering Giling (GKG),,
2.0,,135.19,2026,2026-08-30T15:27:16.101385+00:00,Beras Medium,,
3.0,,59.02,2026,2026-08-30T15:27:16.101385+00:00,Beras Premium,,
4.0,,0.0,2026,2026-08-30T15:27:16.101385+00:00,Jagung,,
5.0,,15.0,2026,2026-08-30T15:27:16.101385+00:00,Kedelai,,
6.0,,25.0,2026,2026-08-30T15:27:16.101385+00:00,Kacang Tanah,,
7.0,,0.0,2026,2026-08-30T15:27:16.101385+00:00,Kacang Hijau,,
,,283.7,2026,2026-08-30T15:27:16.101385+00:00,Total,,
1.0,Provinsi DI Yogyakarta,,2026,2026-08-30T15:27:16.101669+00:00,,Dinas Pertanian dan Ketahanan Pangan DIY,Jl. Gondosuli No. 6 Yogyakarta
2.0,Kabupaten Kulon Progo,,2026,2026-08-30T15:27:16.101669+00:00,,Among Tani,"Pencengan , Kedundang, Temon"
3.0,Kabupaten Kulon Progo,,2026,2026-08-30T15:27:16.101669+00:00,,Asih,"Plono Timur, Pagerharjo, Samigaluh"
4.0,Kabupaten Kulon Progo,,2026,2026-08-30T15:27:16.101669+00:00,,Asri Lestari,"Kepiton, Banjar Asri, Kalibawang"
5.0,Kabupaten Kulon Progo,,2026,2026-08-30T15:27:16.101669+00:00,,Catur Legowo,"Sidatan, Kalidengen, Temon"
6.0,Kabupaten Kulon Progo,,2026,2026-08-30T15:27:16.101669+00:00,,Cipta Boga,Galur Kulon Progo
7.0,Kabupaten Kulon Progo,,2026,2026-08-30T15:27:16.101669+00:00,,Dinas Pertanian dan Pangan,"Jl. Sugiman No.21, Serut, Pengasih, Wates, Kabupaten Kulon Progo, Daerah Istimewa Yogyakarta 55652"
8.0,Kabupaten Kulon Progo,,2026,2026-08-30T15:27:16.101669+00:00,,Jatimakmur,"Jimatan, Jatirejo, Lendah"
9.0,Kabupaten Kulon Progo,,2026,2026-08-30T15:27:16.101669+00:00,,KWT Giriloji,"Tegiri II, Hargowilis, Kokap"
10.0,Kabupaten Kulon Progo,,2026,2026-08-30T15:27:16.101669+00:00,,KWT Sarwodadi,"Menguri, Hargotirto, Kokap"
5.0,Kota Yogyakarta,79.1,2019,2026-08-31T02:02:33.264581+00:00,,,
6.0,Kabupaten Sleman,0.0,2019,2026-08-31T02:02:33.264581+00:00,,,
,Total,79.1,2019,2026-08-31T02:02:33.264581+00:00,,,
1.0,,0.0,2019,2026-08-31T02:02:33.265077+00:00,Gabah Kering Giling (GKG),,
2.0,,69.23,2019,2026-08-31T02:02:33.265077+00:00,Beras Medium,,
3.0,,9.87,2019,2026-08-31T02:02:33.265077+00:00,Beras Premium,,
5.0,,0.0,2019,2026-08-31T02:02:33.265077+00:00,Kedelai,,
,,79.1,2019,2026-08-31T02:02:33.265077+00:00,Total,,
5.0,Kota Yogyakarta,79.1,2020,2026-08-31T02:02:36.004093+00:00,,,
6.0,Kabupaten Sleman,0.0,2020,2026-08-31T02:02:36.004093+00:00,,,
,Total,79.1,2020,2026-08-31T02:02:36.004093+00:00,,,
1.0,,0.0,2020,2026-08-31T02:02:36.004549+00:00,Gabah Kering Giling (GKG),,
2.0,,69.23,2020,2026-08-31T02:02:36.004549+00:00,Beras Medium,,
3.0,,9.87,2020,2026-08-31T02:02:36.004549+00:00,Beras Premium,,
,,79.1,2020,2026-08-31T02:02:36.004549+00:00,Total,,
5.0,Kota Yogyakarta,79.1,2021,2026-08-31T02:02:38.800940+00:00,,,
6.0,Kabupaten Sleman,0.0,2021,2026-08-31T02:02:38.800940+00:00,,,
,Total,79.1,2021,2026-08-31T02:02:38.800940+00:00,,,
1.0,,0.0,2021,2026-08-31T02:02:38.801378+00:00,Gabah Kering Giling (GKG),,
2.0,,69.23,2021,2026-08-31T02:02:38.801378+00:00,Beras Medium,,
3.0,,9.87,2021,2026-08-31T02:02:38.801378+00:00,Beras Premium,,
,,79.1,2021,2026-08-31T02:02:38.801378+00:00,Total,,
5.0,Kota Yogyakarta,79.1,2022,2026-08-31T02:02:41.811184+00:00,,,
6.0,Kabupaten Sleman,0.0,2022,2026-08-31T02:02:41.811184+00:00,,,
,Total,79.1,2022,2026-08-31T02:02:41.811184+00:00,,,
1.0,,0.0,2022,2026-08-31T02:02:41.811589+00:00,Gabah Kering Giling (GKG),,
2.0,,69.23,2022,2026-08-31T02:02:41.811589+00:00,Beras Medium,,
3.0,,9.87,2022,2026-08-31T02:02:41.811589+00:00,Beras Premium,,
5.0,,0.0,2022,2026-08-31T02:02:41.811589+00:00,Kedelai,,
8.0,,0.0,2022,2026-08-31T02:02:41.811589+00:00,Kacang Tanah,,
,,79.1,2022,2026-08-31T02:02:41.811589+00:00,Total,,
4.0,Kota Yogyakarta,79.1,2023,2026-08-31T02:02:44.785124+00:00,,,
5.0,Kabupaten Sleman,0.0,2023,2026-08-31T02:02:44.785124+00:00,,,
,Total,79.1,2023,2026-08-31T02:02:44.785124+00:00,,,
1.0,,0.0,2023,2026-08-31T02:02:44.785527+00:00,Gabah Kering Giling (GKG),,
2.0,,69.23,2023,2026-08-31T02:02:44.785527+00:00,Beras Medium,,
3.0,,9.87,2023,2026-08-31T02:02:44.785527+00:00,Beras Premium,,
5.0,,0.0,2023,2026-08-31T02:02:44.785527+00:00,Kedelai,,
7.0,,0.0,2023,2026-08-31T02:02:44.785527+00:00,Kacang Tanah,,
,,79.1,2023,2026-08-31T02:02:44.785527+00:00,Total,,
5.0,Kota Yogyakarta,79.1,2024,2026-08-31T02:02:47.644684+00:00,,,
6.0,Kabupaten Sleman,0.0,2024,2026-08-31T02:02:47.644684+00:00,,,
,Total,79.1,2024,2026-08-31T02:02:47.644684+00:00,,,
1.0,,0.0,2024,2026-08-31T02:02:47.645097+00:00,Gabah Kering Giling (GKG),,
2.0,,69.23,2024,2026-08-31T02:02:47.645097+00:00,Beras Medium,,
3.0,,9.87,2024,2026-08-31T02:02:47.645097+00:00,Beras Premium,,
5.0,,0.0,2024,2026-08-31T02:02:47.645097+00:00,Kedelai,,
6.0,,0.0,2024,2026-08-31T02:02:47.645097+00:00,Kacang Tanah,,
,,79.1,2024,2026-08-31T02:02:47.645097+00:00,Total,,
4.0,Kota Yogyakarta,79.1,2025,2026-08-31T02:02:50.379905+00:00,,,
5.0,Kabupaten Sleman,0.0,2025,2026-08-31T02:02:50.379905+00:00,,,
,Total,79.1,2025,2026-08-31T02:02:50.379905+00:00,,,
1.0,,0.0,2025,2026-08-31T02:02:50.380312+00:00,Gabah Kering Giling (GKG),,
2.0,,69.23,2025,2026-08-31T02:02:50.380312+00:00,Beras Medium,,
3.0,,9.87,2025,2026-08-31T02:02:50.380312+00:00,Beras Premium,,
5.0,,0.0,2025,2026-08-31T02:02:50.380312+00:00,Kedelai,,
,,79.1,2025,2026-08-31T02:02:50.380312+00:00,Total,,
5.0,Kota Yogyakarta,79.1,2026,2026-08-31T02:02:53.154199+00:00,,,
6.0,Kabupaten Sleman,0.0,2026,2026-08-31T02:02:53.154199+00:00,,,
,Total,79.1,2026,2026-08-31T02:02:53.154199+00:00,,,
1.0,,0.0,2026,2026-08-31T02:02:53.154584+00:00,Gabah Kering Giling (GKG),,
2.0,,69.23,2026,2026-08-31T02:02:53.154584+00:00,Beras Medium,,
3.0,,9.87,2026,2026-08-31T02:02:53.154584+00:00,Beras Premium,,
5.0,,0.0,2026,2026-08-31T02:02:53.154584+00:00,Kedelai,,
6.0,,0.0,2026,2026-08-31T02:02:53.154584+00:00,Kacang Tanah,,
,,79.1,2026,2026-08-31T02:02:53.154584+00:00,Total,,
4.0,Kabupaten Gunung Kidul,6.33,2019,2026-08-31T06:04:08.892397+00:00,,,
,Total,85.43,2019,2026-08-31T06:04:08.892397+00:00,,,
1.0,,5.5,2019,2026-08-31T06:04:08.892874+00:00,Gabah Kering Giling (GKG),,
2.0,,70.03,2019,2026-08-31T06:04:08.892874+00:00,Beras Medium,,
5.0,,30.0,2019,2026-08-31T06:04:08.892874+00:00,Kedelai,,
,,85.43,2019,2026-08-31T06:04:08.892874+00:00,Total,,
4.0,Kabupaten Gunung Kidul,6.33,2020,2026-08-31T06:04:11.773850+00:00,,,
,Total,85.43,2020,2026-08-31T06:04:11.773850+00:00,,,
1.0,,5.5,2020,2026-08-31T06:04:11.774287+00:00,Gabah Kering Giling (GKG),,
2.0,,70.03,2020,2026-08-31T06:04:11.774287+00:00,Beras Medium,,
,,85.4,2020,2026-08-31T06:04:11.774287+00:00,Total,,
4.0,Kabupaten Gunung Kidul,6.33,2021,2026-08-31T06:04:14.573932+00:00,,,
,Total,85.43,2021,2026-08-31T06:04:14.573932+00:00,,,
1.0,,5.5,2021,2026-08-31T06:04:14.574352+00:00,Gabah Kering Giling (GKG),,
2.0,,70.03,2021,2026-08-31T06:04:14.574352+00:00,Beras Medium,,
,,85.4,2021,2026-08-31T06:04:14.574352+00:00,Total,,
4.0,Kabupaten Gunung Kidul,6.33,2022,2026-08-31T06:04:17.505620+00:00,,,
,Total,85.43,2022,2026-08-31T06:04:17.505620+00:00,,,
1.0,,5.5,2022,2026-08-31T06:04:17.506027+00:00,Gabah Kering Giling (GKG),,
2.0,,70.03,2022,2026-08-31T06:04:17.506027+00:00,Beras Medium,,
5.0,,30.0,2022,2026-08-31T06:04:17.506027+00:00,Kedelai,,
,,85.43,2022,2026-08-31T06:04:17.506027+00:00,Total,,
3.0,Kabupaten Gunung Kidul,6.33,2023,2026-08-31T06:04:20.364034+00:00,,,
,Total,85.43,2023,2026-08-31T06:04:20.364034+00:00,,,
1.0,,5.5,2023,2026-08-31T06:04:20.364449+00:00,Gabah Kering Giling (GKG),,
2.0,,70.03,2023,2026-08-31T06:04:20.364449+00:00,Beras Medium,,
5.0,,30.0,2023,2026-08-31T06:04:20.364449+00:00,Kedelai,,
,,85.43,2023,2026-08-31T06:04:20.364449+00:00,Total,,
4.0,Kabupaten Gunung Kidul,6.33,2024,2026-08-31T06:04:23.214858+00:00,,,
,Total,85.43,2024,2026-08-31T06:04:23.214858+00:00,,,
1.0,,5.5,2024,2026-08-31T06:04:23.215241+00:00,Gabah Kering Giling (GKG),,
2.0,,70.03,2024,2026-08-31T06:04:23.215241+00:00,Beras Medium,,
5.0,,30.0,2024,2026-08-31T06:04:23.215241+00:00,Kedelai,,
,,85.43,2024,2026-08-31T06:04:23.215241+00:00,Total,,
3.0,Kabupaten Gunung Kidul,6.33,2025,2026-08-31T06:04:26.102017+00:00,,,
,Total,85.43,2025,2026-08-31T06:04:26.102017+00:00,,,
1.0,,5.5,2025,2026-08-31T06:04:26.102416+00:00,Gabah Kering Giling (GKG),,
2.0,,70.03,2025,2026-08-31T06:04:26.102416+00:00,Beras Medium,,
5.0,,30.0,2025,2026-08-31T06:04:26.102416+00:00,Kedelai,,
,,85.43,2025,2026-08-31T06:04:26.102416+00:00,Total,,
4.0,Kabupaten Gunung Kidul,6.33,2026,2026-08-31T06:04:28.975697+00:00,,,
,Total,85.43,2026,2026-08-31T06:04:28.975697+00:00,,,
1.0,,5.5,2026,2026-08-31T06:04:28.976083+00:00,Gabah Kering Giling (GKG),,
2.0,,70.03,2026,2026-08-31T06:04:28.976083+00:00,Beras Medium,,
5.0,,30.0,2026,2026-08-31T06:04:28.976083+00:00,Kedelai,,
,,85.43,2026,2026-08-31T06:04:28.976083+00:00,Total,,
3.0,Kabupaten Bantul,6.7,2019,2026-08-31T07:51:21.902824+00:00,,,
,Total,92.13,2019,2026-08-31T07:51:21.902824+00:00,,,
1.0,,9.0,2019,2026-08-31T07:51:21.903293+00:00,Gabah Kering Giling (GKG),,
2.0,,72.48,2019,2026-08-31T07:51:21.903293+00:00,Beras Medium,,
3.0,,10.62,2019,2026-08-31T07:51:21.903293+00:00,Beras Premium,,
,,92.13,2019,2026-08-31T07:51:21.903293+00:00,Total,,
3.0,Kabupaten Bantul,6.7,2020,2026-08-31T07:51:24.345207+00:00,,,
,Total,92.13,2020,2026-08-31T07:51:24.345207+00:00,,,
1.0,,9.0,2020,2026-08-31T07:51:24.345697+00:00,Gabah Kering Giling (GKG),,
2.0,,72.48,2020,2026-08-31T07:51:24.345697+00:00,Beras Medium,,
3.0,,10.62,2020,2026-08-31T07:51:24.345697+00:00,Beras Premium,,
,,92.1,2020,2026-08-31T07:51:24.345697+00:00,Total,,
3.0,Kabupaten Bantul,6.7,2021,2026-08-31T07:51:26.836958+00:00,,,
,Total,92.13,2021,2026-08-31T07:51:26.836958+00:00,,,
1.0,,9.0,2021,2026-08-31T07:51:26.837368+00:00,Gabah Kering Giling (GKG),,
2.0,,72.48,2021,2026-08-31T07:51:26.837368+00:00,Beras Medium,,
3.0,,10.62,2021,2026-08-31T07:51:26.837368+00:00,Beras Premium,,
,,92.1,2021,2026-08-31T07:51:26.837368+00:00,Total,,
3.0,Kabupaten Bantul,6.7,2022,2026-08-31T07:51:29.546895+00:00,,,
,Total,92.13,2022,2026-08-31T07:51:29.546895+00:00,,,
1.0,,9.0,2022,2026-08-31T07:51:29.547303+00:00,Gabah Kering Giling (GKG),,
2.0,,72.48,2022,2026-08-31T07:51:29.547303+00:00,Beras Medium,,
3.0,,10.62,2022,2026-08-31T07:51:29.547303+00:00,Beras Premium,,
,,92.13,2022,2026-08-31T07:51:29.547303+00:00,Total,,
2.0,Kabupaten Bantul,6.7,2023,2026-08-31T07:51:32.136687+00:00,,,
,Total,92.13,2023,2026-08-31T07:51:32.136687+00:00,,,
1.0,,9.0,2023,2026-08-31T07:51:32.137387+00:00,Gabah Kering Giling (GKG),,
2.0,,72.48,2023,2026-08-31T07:51:32.137387+00:00,Beras Medium,,
3.0,,10.62,2023,2026-08-31T07:51:32.137387+00:00,Beras Premium,,
,,92.13,2023,2026-08-31T07:51:32.137387+00:00,Total,,
3.0,Kabupaten Bantul,6.7,2024,2026-08-31T07:51:34.666099+00:00,,,
,Total,92.13,2024,2026-08-31T07:51:34.666099+00:00,,,
1.0,,9.0,2024,2026-08-31T07:51:34.666493+00:00,Gabah Kering Giling (GKG),,
2.0,,72.48,2024,2026-08-31T07:51:34.666493+00:00,Beras Medium,,
3.0,,10.62,2024,2026-08-31T07:51:34.666493+00:00,Beras Premium,,
,,92.13,2024,2026-08-31T07:51:34.666493+00:00,Total,,
2.0,Kabupaten Bantul,6.7,2025,2026-08-31T07:51:37.109671+00:00,,,
,Total,92.13,2025,2026-08-31T07:51:37.109671+00:00,,,
1.0,,9.0,2025,2026-08-31T07:51:37.110074+00:00,Gabah Kering Giling (GKG),,
2.0,,72.48,2025,2026-08-31T07:51:37.110074+00:00,Beras Medium,,
3.0,,10.62,2025,2026-08-31T07:51:37.110074+00:00,Beras Premium,,
,,92.13,2025,2026-08-31T07:51:37.110074+00:00,Total,,
3.0,Kabupaten Bantul,6.7,2026,2026-08-31T07:51:39.596044+00:00,,,
,Total,92.13,2026,2026-08-31T07:51:39.596044+00:00,,,
1.0,,9.0,2026,2026-08-31T07:51:39.596436+00:00,Gabah Kering Giling (GKG),,
2.0,,72.48,2026,2026-08-31T07:51:39.596436+00:00,Beras Medium,,
3.0,,10.62,2026,2026-08-31T07:51:39.596436+00:00,Beras Premium,,
,,92.13,2026,2026-08-31T07:51:39.596436+00:00,Total,,
2.0,Kabupaten Kulon Progo,2.9,2019,2026-09-02T12:07:11.608630+00:00,,,
,Total,95.03,2019,2026-09-02T12:07:11.608630+00:00,,,
1.0,,9.5,2019,2026-09-02T12:07:11.609096+00:00,Gabah Kering Giling (GKG),,
2.0,,74.88,2019,2026-09-02T12:07:11.609096+00:00,Beras Medium,,
,,95.03,2019,2026-09-02T12:07:11.609096+00:00,Total,,
2.0,Kabupaten Kulon Progo,2.9,2020,2026-09-02T12:07:14.369137+00:00,,,
,Total,95.03,2020,2026-09-02T12:07:14.369137+00:00,,,
1.0,,9.5,2020,2026-09-02T12:07:14.369617+00:00,Gabah Kering Giling (GKG),,
2.0,,74.88,2020,2026-09-02T12:07:14.369617+00:00,Beras Medium,,
,,95.0,2020,2026-09-02T12:07:14.369617+00:00,Total,,
2.0,Kabupaten Kulon Progo,2.9,2021,2026-09-02T12:07:17.207802+00:00,,,
,Total,95.03,2021,2026-09-02T12:07:17.207802+00:00,,,
1.0,,9.5,2021,2026-09-02T12:07:17.208199+00:00,Gabah Kering Giling (GKG),,
2.0,,74.88,2021,2026-09-02T12:07:17.208199+00:00,Beras Medium,,
,,95.0,2021,2026-09-02T12:07:17.208199+00:00,Total,,
2.0,Kabupaten Kulon Progo,2.9,2022,2026-09-02T12:07:20.090257+00:00,,,
,Total,95.03,2022,2026-09-02T12:07:20.090257+00:00,,,
1.0,,9.5,2022,2026-09-02T12:07:20.090709+00:00,Gabah Kering Giling (GKG),,
2.0,,74.88,2022,2026-09-02T12:07:20.090709+00:00,Beras Medium,,
,,95.03,2022,2026-09-02T12:07:20.090709+00:00,Total,,
1.0,Kabupaten Kulon Progo,2.9,2023,2026-09-02T12:07:22.911417+00:00,,,
,Total,95.03,2023,2026-09-02T12:07:22.911417+00:00,,,
1.0,,9.5,2023,2026-09-02T12:07:22.911810+00:00,Gabah Kering Giling (GKG),,
2.0,,74.88,2023,2026-09-02T12:07:22.911810+00:00,Beras Medium,,
,,95.03,2023,2026-09-02T12:07:22.911810+00:00,Total,,
2.0,Kabupaten Kulon Progo,2.9,2024,2026-09-02T12:07:25.722985+00:00,,,
,Total,95.03,2024,2026-09-02T12:07:25.722985+00:00,,,
1.0,,9.5,2024,2026-09-02T12:07:25.723394+00:00,Gabah Kering Giling (GKG),,
2.0,,74.88,2024,2026-09-02T12:07:25.723394+00:00,Beras Medium,,
,,95.03,2024,2026-09-02T12:07:25.723394+00:00,Total,,
1.0,Kabupaten Kulon Progo,2.9,2025,2026-09-02T12:07:28.587486+00:00,,,
,Total,95.03,2025,2026-09-02T12:07:28.587486+00:00,,,
1.0,,9.5,2025,2026-09-02T12:07:28.587869+00:00,Gabah Kering Giling (GKG),,
2.0,,74.88,2025,2026-09-02T12:07:28.587869+00:00,Beras Medium,,
,,95.03,2025,2026-09-02T12:07:28.587869+00:00,Total,,
2.0,Kabupaten Kulon Progo,2.9,2026,2026-09-02T12:07:31.377162+00:00,,,
,Total,95.03,2026,2026-09-02T12:07:31.377162+00:00,,,
1.0,,9.5,2026,2026-09-02T12:07:31.377586+00:00,Gabah Kering Giling (GKG),,
2.0,,74.88,2026,2026-09-02T12:07:31.377586+00:00,Beras Medium,,
,,95.03,2026,2026-09-02T12:07:31.377586+00:00,Total,,
2.0,Kabupaten Kulon Progo,30.4,2019,2026-09-02T18:06:51.026686+00:00,,,
,Total,122.53,2019,2026-09-02T18:06:51.026686+00:00,,,
1.0,,26.7,2019,2026-09-02T18:06:51.027167+00:00,Gabah Kering Giling (GKG),,
2.0,,85.18,2019,2026-09-02T18:06:51.027167+00:00,Beras Medium,,
,,122.53,2019,2026-09-02T18:06:51.027167+00:00,Total,,
2.0,Kabupaten Kulon Progo,30.4,2020,2026-09-02T18:06:53.543883+00:00,,,
,Total,122.53,2020,2026-09-02T18:06:53.543883+00:00,,,
1.0,,26.7,2020,2026-09-02T18:06:53.544360+00:00,Gabah Kering Giling (GKG),,
2.0,,85.18,2020,2026-09-02T18:06:53.544360+00:00,Beras Medium,,
,,122.5,2020,2026-09-02T18:06:53.544360+00:00,Total,,
2.0,Kabupaten Kulon Progo,30.4,2021,2026-09-02T18:06:56.164259+00:00,,,
,Total,122.53,2021,2026-09-02T18:06:56.164259+00:00,,,
1.0,,26.7,2021,2026-09-02T18:06:56.164670+00:00,Gabah Kering Giling (GKG),,
2.0,,85.18,2021,2026-09-02T18:06:56.164670+00:00,Beras Medium,,
,,122.5,2021,2026-09-02T18:06:56.164670+00:00,Total,,
2.0,Kabupaten Kulon Progo,30.4,2022,2026-09-02T18:06:58.733103+00:00,,,
,Total,122.53,2022,2026-09-02T18:06:58.733103+00:00,,,
1.0,,26.7,2022,2026-09-02T18:06:58.733515+00:00,Gabah Kering Giling (GKG),,
2.0,,85.18,2022,2026-09-02T18:06:58.733515+00:00,Beras Medium,,
,,122.53,2022,2026-09-02T18:06:58.733515+00:00,Total,,
1.0,Kabupaten Kulon Progo,30.4,2023,2026-09-02T18:07:01.329456+00:00,,,
,Total,122.53,2023,2026-09-02T18:07:01.329456+00:00,,,
1.0,,26.7,2023,2026-09-02T18:07:01.329856+00:00,Gabah Kering Giling (GKG),,
2.0,,85.18,2023,2026-09-02T18:07:01.329856+00:00,Beras Medium,,
,,122.53,2023,2026-09-02T18:07:01.329856+00:00,Total,,
2.0,Kabupaten Kulon Progo,30.4,2024,2026-09-02T18:07:04.030406+00:00,,,
,Total,122.53,2024,2026-09-02T18:07:04.030406+00:00,,,
1.0,,26.7,2024,2026-09-02T18:07:04.030801+00:00,Gabah Kering Giling (GKG),,
2.0,,85.18,2024,2026-09-02T18:07:04.030801+00:00,Beras Medium,,
,,122.53,2024,2026-09-02T18:07:04.030801+00:00,Total,,
1.0,Kabupaten Kulon Progo,30.4,2025,2026-09-02T18:07:06.511681+00:00,,,
,Total,122.53,2025,2026-09-02T18:07:06.511681+00:00,,,
1.0,,26.7,2025,2026-09-02T18:07:06.512089+00:00,Gabah Kering Giling (GKG),,
2.0,,85.18,2025,2026-09-02T18:07:06.512089+00:00,Beras Medium,,
,,122.53,2025,2026-09-02T18:07:06.512089+00:00,Total,,
2.0,Kabupaten Kulon Progo,30.4,2026,2026-09-02T18:07:09.025826+00:00,,,
,Total,122.53,2026,2026-09-02T18:07:09.025826+00:00,,,
1.0,,26.7,2026,2026-09-02T18:07:09.026239+00:00,Gabah Kering Giling (GKG),,
2.0,,85.18,2026,2026-09-02T18:07:09.026239+00:00,Beras Medium,,
,,122.53,2026,2026-09-02T18:07:09.026239+00:00,Total,,
6.0,Kabupaten Sleman,97.83,2019,2026-09-04T06:06:24.927382+00:00,,,
,Total,220.36,2019,2026-09-04T06:06:24.927382+00:00,,,
1.0,,40.1,2019,2026-09-04T06:06:24.927846+00:00,Gabah Kering Giling (GKG),,
2.0,,134.38,2019,2026-09-04T06:06:24.927846+00:00,Beras Medium,,
3.0,,45.82,2019,2026-09-04T06:06:24.927846+00:00,Beras Premium,,
5.0,,40.0,2019,2026-09-04T06:06:24.927846+00:00,Kedelai,,
,,220.34,2019,2026-09-04T06:06:24.927846+00:00,Total,,
6.0,Kabupaten Sleman,97.83,2020,2026-09-04T06:06:27.607839+00:00,,,
,Total,220.36,2020,2026-09-04T06:06:27.607839+00:00,,,
1.0,,40.1,2020,2026-09-04T06:06:27.608318+00:00,Gabah Kering Giling (GKG),,
2.0,,134.38,2020,2026-09-04T06:06:27.608318+00:00,Beras Medium,,
3.0,,45.82,2020,2026-09-04T06:06:27.608318+00:00,Beras Premium,,
,,220.3,2020,2026-09-04T06:06:27.608318+00:00,Total,,
6.0,Kabupaten Sleman,97.83,2021,2026-09-04T06:06:30.185571+00:00,,,
,Total,220.36,2021,2026-09-04T06:06:30.185571+00:00,,,
1.0,,40.1,2021,2026-09-04T06:06:30.185987+00:00,Gabah Kering Giling (GKG),,
2.0,,134.38,2021,2026-09-04T06:06:30.185987+00:00,Beras Medium,,
3.0,,45.82,2021,2026-09-04T06:06:30.185987+00:00,Beras Premium,,
,,220.3,2021,2026-09-04T06:06:30.185987+00:00,Total,,
6.0,Kabupaten Sleman,97.83,2022,2026-09-04T06:06:32.905674+00:00,,,
,Total,220.36,2022,2026-09-04T06:06:32.905674+00:00,,,
1.0,,40.1,2022,2026-09-04T06:06:32.906105+00:00,Gabah Kering Giling (GKG),,
2.0,,134.38,2022,2026-09-04T06:06:32.906105+00:00,Beras Medium,,
3.0,,45.82,2022,2026-09-04T06:06:32.906105+00:00,Beras Premium,,
5.0,,40.0,2022,2026-09-04T06:06:32.906105+00:00,Kedelai,,
8.0,,20.0,2022,2026-09-04T06:06:32.906105+00:00,Kacang Tanah,,
,,220.36,2022,2026-09-04T06:06:32.906105+00:00,Total,,
5.0,Kabupaten Sleman,97.83,2023,2026-09-04T06:06:35.555482+00:00,,,
,Total,220.36,2023,2026-09-04T06:06:35.555482+00:00,,,
1.0,,40.1,2023,2026-09-04T06:06:35.555880+00:00,Gabah Kering Giling (GKG),,
2.0,,134.38,2023,2026-09-04T06:06:35.555880+00:00,Beras Medium,,
3.0,,45.82,2023,2026-09-04T06:06:35.555880+00:00,Beras Premium,,
5.0,,40.0,2023,2026-09-04T06:06:35.555880+00:00,Kedelai,,
7.0,,20.0,2023,2026-09-04T06:06:35.555880+00:00,Kacang Tanah,,
,,220.36,2023,2026-09-04T06:06:35.555880+00:00,Total,,
6.0,Kabupaten Sleman,97.83,2024,2026-09-04T06:06:38.215353+00:00,,,
,Total,220.36,2024,2026-09-04T06:06:38.215353+00:00,,,
1.0,,40.1,2024,2026-09-04T06:06:38.215749+00:00,Gabah Kering Giling (GKG),,
2.0,,134.38,2024,2026-09-04T06:06:38.215749+00:00,Beras Medium,,
3.0,,45.82,2024,2026-09-04T06:06:38.215749+00:00,Beras Premium,,
5.0,,40.0,2024,2026-09-04T06:06:38.215749+00:00,Kedelai,,
6.0,,20.0,2024,2026-09-04T06:06:38.215749+00:00,Kacang Tanah,,
,,220.36,2024,2026-09-04T06:06:38.215749+00:00,Total,,
5.0,Kabupaten Sleman,97.83,2025,2026-09-04T06:06:40.817105+00:00,,,
,Total,220.36,2025,2026-09-04T06:06:40.817105+00:00,,,
1.0,,40.1,2025,2026-09-04T06:06:40.817503+00:00,Gabah Kering Giling (GKG),,
2.0,,134.38,2025,2026-09-04T06:06:40.817503+00:00,Beras Medium,,
3.0,,45.82,2025,2026-09-04T06:06:40.817503+00:00,Beras Premium,,
5.0,,40.0,2025,2026-09-04T06:06:40.817503+00:00,Kedelai,,
,,220.34,2025,2026-09-04T06:06:40.817503+00:00,Total,,
6.0,Kabupaten Sleman,97.83,2026,2026-09-04T06:06:43.432949+00:00,,,
,Total,220.36,2026,2026-09-04T06:06:43.432949+00:00,,,
1.0,,40.1,2026,2026-09-04T06:06:43.433382+00:00,Gabah Kering Giling (GKG),,
2.0,,134.38,2026,2026-09-04T06:06:43.433382+00:00,Beras Medium,,
3.0,,45.82,2026,2026-09-04T06:06:43.433382+00:00,Beras Premium,,
5.0,,40.0,2026,2026-09-04T06:06:43.433382+00:00,Kedelai,,
6.0,,20.0,2026,2026-09-04T06:06:43.433382+00:00,Kacang Tanah,,
,,220.36,2026,2026-09-04T06:06:43.433382+00:00,Total,,
5.0,Kota Yogyakarta,76.99,2019,2026-09-07T06:07:26.610809+00:00,,,
,Total,76.99,2019,2026-09-07T06:07:26.610809+00:00,,,
2.0,,68.54,2019,2026-09-07T06:07:26.611273+00:00,Beras Medium,,
3.0,,8.45,2019,2026-09-07T06:07:26.611273+00:00,Beras Premium,,
,,76.99,2019,2026-09-07T06:07:26.611273+00:00,Total,,
5.0,Kota Yogyakarta,76.99,2020,2026-09-07T06:07:29.269127+00:00,,,
,Total,76.99,2020,2026-09-07T06:07:29.269127+00:00,,,
2.0,,68.54,2020,2026-09-07T06:07:29.269595+00:00,Beras Medium,,
3.0,,8.45,2020,2026-09-07T06:07:29.269595+00:00,Beras Premium,,
,,76.99,2020,2026-09-07T06:07:29.269595+00:00,Total,,
5.0,Kota Yogyakarta,76.99,2021,2026-09-07T06:07:31.773518+00:00,,,
,Total,76.99,2021,2026-09-07T06:07:31.773518+00:00,,,
2.0,,68.54,2021,2026-09-07T06:07:31.773923+00:00,Beras Medium,,
3.0,,8.45,2021,2026-09-07T06:07:31.773923+00:00,Beras Premium,,
,,76.99,2021,2026-09-07T06:07:31.773923+00:00,Total,,
5.0,Kota Yogyakarta,76.99,2022,2026-09-07T06:07:34.340325+00:00,,,
,Total,76.99,2022,2026-09-07T06:07:34.340325+00:00,,,
2.0,,68.54,2022,2026-09-07T06:07:34.340765+00:00,Beras Medium,,
3.0,,8.45,2022,2026-09-07T06:07:34.340765+00:00,Beras Premium,,
,,76.99,2022,2026-09-07T06:07:34.340765+00:00,Total,,
4.0,Kota Yogyakarta,76.99,2023,2026-09-07T06:07:36.892850+00:00,,,
,Total,76.99,2023,2026-09-07T06:07:36.892850+00:00,,,
2.0,,68.54,2023,2026-09-07T06:07:36.893246+00:00,Beras Medium,,
3.0,,8.45,2023,2026-09-07T06:07:36.893246+00:00,Beras Premium,,
,,76.99,2023,2026-09-07T06:07:36.893246+00:00,Total,,
5.0,Kota Yogyakarta,76.99,2024,2026-09-07T06:07:39.494240+00:00,,,
,Total,76.99,2024,2026-09-07T06:07:39.494240+00:00,,,
2.0,,68.54,2024,2026-09-07T06:07:39.494659+00:00,Beras Medium,,
3.0,,8.45,2024,2026-09-07T06:07:39.494659+00:00,Beras Premium,,
,,76.99,2024,2026-09-07T06:07:39.494659+00:00,Total,,
4.0,Kota Yogyakarta,76.99,2025,2026-09-07T06:07:42.004981+00:00,,,
,Total,76.99,2025,2026-09-07T06:07:42.004981+00:00,,,
2.0,,68.54,2025,2026-09-07T06:07:42.005394+00:00,Beras Medium,,
3.0,,8.45,2025,2026-09-07T06:07:42.005394+00:00,Beras Premium,,
,,76.99,2025,2026-09-07T06:07:42.005394+00:00,Total,,
5.0,Kota Yogyakarta,76.99,2026,2026-09-07T06:07:44.579159+00:00,,,
,Total,76.99,2026,2026-09-07T06:07:44.579159+00:00,,,
2.0,,68.54,2026,2026-09-07T06:07:44.579567+00:00,Beras Medium,,
3.0,,8.45,2026,2026-09-07T06:07:44.579567+00:00,Beras Premium,,
,,76.99,2026,2026-09-07T06:07:44.579567+00:00,Total,,
6.0,Kabupaten Sleman,3.0,2019,2026-09-14T01:10:28.934908+00:00,,,
,Total,79.99,2019,2026-09-14T01:10:28.934908+00:00,,,
1.0,,3.0,2019,2026-09-14T01:10:28.935276+00:00,Gabah Kering Giling (GKG),,
,,79.99,2019,2026-09-14T01:10:28.935276+00:00,Total,,
6.0,Kabupaten Sleman,3.0,2020,2026-09-14T01:10:31.587125+00:00,,,
,Total,79.99,2020,2026-09-14T01:10:31.587125+00:00,,,
1.0,,3.0,2020,2026-09-14T01:10:31.587499+00:00,Gabah Kering Giling (GKG),,
,,79.99,2020,2026-09-14T01:10:31.587499+00:00,Total,,
6.0,Kabupaten Sleman,3.0,2021,2026-09-14T01:10:34.242745+00:00,,,
,Total,79.99,2021,2026-09-14T01:10:34.242745+00:00,,,
1.0,,3.0,2021,2026-09-14T01:10:34.243065+00:00,Gabah Kering Giling (GKG),,
,,79.99,2021,2026-09-14T01:10:34.243065+00:00,Total,,
6.0,Kabupaten Sleman,3.0,2022,2026-09-14T01:10:36.928831+00:00,,,
,Total,79.99,2022,2026-09-14T01:10:36.928831+00:00,,,
1.0,,3.0,2022,2026-09-14T01:10:36.929142+00:00,Gabah Kering Giling (GKG),,
,,79.99,2022,2026-09-14T01:10:36.929142+00:00,Total,,
5.0,Kabupaten Sleman,3.0,2023,2026-09-14T01:10:39.653550+00:00,,,
,Total,79.99,2023,2026-09-14T01:10:39.653550+00:00,,,
1.0,,3.0,2023,2026-09-14T01:10:39.653878+00:00,Gabah Kering Giling (GKG),,
,,79.99,2023,2026-09-14T01:10:39.653878+00:00,Total,,
6.0,Kabupaten Sleman,3.0,2024,2026-09-14T01:10:42.295977+00:00,,,
,Total,79.99,2024,2026-09-14T01:10:42.295977+00:00,,,
1.0,,3.0,2024,2026-09-14T01:10:42.296275+00:00,Gabah Kering Giling (GKG),,
,,79.99,2024,2026-09-14T01:10:42.296275+00:00,Total,,
5.0,Kabupaten Sleman,20.0,2025,2026-09-14T01:10:44.907920+00:00,,,
,Total,96.99,2025,2026-09-14T01:10:44.907920+00:00,,,
1.0,,3.0,2025,2026-09-14T01:10:44.908222+00:00,Gabah Kering Giling (GKG),,
2.0,,85.54,2025,2026-09-14T01:10:44.908222+00:00,Beras Medium,,
,,96.99,2025,2026-09-14T01:10:44.908222+00:00,Total,,
6.0,Kabupaten Sleman,20.0,2026,2026-09-14T01:10:47.565518+00:00,,,
,Total,96.99,2026,2026-09-14T01:10:47.565518+00:00,,,
1.0,,3.0,2026,2026-09-14T01:10:47.565847+00:00,Gabah Kering Giling (GKG),,
2.0,,85.54,2026,2026-09-14T01:10:47.565847+00:00,Beras Medium,,
,,96.99,2026,2026-09-14T01:10:47.565847+00:00,Total,,
6.0,Kabupaten Sleman,95.115,2019,2026-09-14T02:03:47.049137+00:00,,,
,Total,172.105,2019,2026-09-14T02:03:47.049137+00:00,,,
1.0,,465.8,2019,2026-09-14T02:03:47.049598+00:00,Gabah Kering Giling (GKG),,
2.0,,238.04,2019,2026-09-14T02:03:47.049598+00:00,Beras Medium,,
3.0,,38.25,2019,2026-09-14T02:03:47.049598+00:00,Beras Premium,,
5.0,,5.0,2019,2026-09-14T02:03:47.049598+00:00,Kedelai,,
,,742.095,2019,2026-09-14T02:03:47.049598+00:00,Total,,
6.0,Kabupaten Sleman,95.115,2020,2026-09-14T02:03:49.888443+00:00,,,
,Total,172.105,2020,2026-09-14T02:03:49.888443+00:00,,,
1.0,,465.8,2020,2026-09-14T02:03:49.888916+00:00,Gabah Kering Giling (GKG),,
2.0,,238.04,2020,2026-09-14T02:03:49.888916+00:00,Beras Medium,,
3.0,,38.25,2020,2026-09-14T02:03:49.888916+00:00,Beras Premium,,
,,742.09,2020,2026-09-14T02:03:49.888916+00:00,Total,,
6.0,Kabupaten Sleman,95.115,2021,2026-09-14T02:03:52.747070+00:00,,,
,Total,172.105,2021,2026-09-14T02:03:52.747070+00:00,,,
1.0,,465.8,2021,2026-09-14T02:03:52.747483+00:00,Gabah Kering Giling (GKG),,
2.0,,238.04,2021,2026-09-14T02:03:52.747483+00:00,Beras Medium,,
3.0,,38.25,2021,2026-09-14T02:03:52.747483+00:00,Beras Premium,,
,,742.09,2021,2026-09-14T02:03:52.747483+00:00,Total,,
6.0,Kabupaten Sleman,95.115,2022,2026-09-14T02:03:55.697777+00:00,,,
,Total,172.105,2022,2026-09-14T02:03:55.697777+00:00,,,
1.0,,465.8,2022,2026-09-14T02:03:55.698232+00:00,Gabah Kering Giling (GKG),,
2.0,,238.04,2022,2026-09-14T02:03:55.698232+00:00,Beras Medium,,
3.0,,38.25,2022,2026-09-14T02:03:55.698232+00:00,Beras Premium,,
5.0,,5.0,2022,2026-09-14T02:03:55.698232+00:00,Kedelai,,
8.0,,10.0,2022,2026-09-14T02:03:55.698232+00:00,Kacang Tanah,,
,,742.105,2022,2026-09-14T02:03:55.698232+00:00,Total,,
5.0,Kabupaten Sleman,95.115,2023,2026-09-14T02:03:58.628571+00:00,,,
,Total,172.105,2023,2026-09-14T02:03:58.628571+00:00,,,
1.0,,465.8,2023,2026-09-14T02:03:58.628993+00:00,Gabah Kering Giling (GKG),,
2.0,,238.04,2023,2026-09-14T02:03:58.628993+00:00,Beras Medium,,
3.0,,38.25,2023,2026-09-14T02:03:58.628993+00:00,Beras Premium,,
5.0,,5.0,2023,2026-09-14T02:03:58.628993+00:00,Kedelai,,
7.0,,10.0,2023,2026-09-14T02:03:58.628993+00:00,Kacang Tanah,,
,,742.105,2023,2026-09-14T02:03:58.628993+00:00,Total,,
6.0,Kabupaten Sleman,95.115,2024,2026-09-14T02:04:01.529623+00:00,,,
,Total,172.105,2024,2026-09-14T02:04:01.529623+00:00,,,
1.0,,465.8,2024,2026-09-14T02:04:01.530042+00:00,Gabah Kering Giling (GKG),,
2.0,,238.04,2024,2026-09-14T02:04:01.530042+00:00,Beras Medium,,
3.0,,38.25,2024,2026-09-14T02:04:01.530042+00:00,Beras Premium,,
5.0,,5.0,2024,2026-09-14T02:04:01.530042+00:00,Kedelai,,
6.0,,10.0,2024,2026-09-14T02:04:01.530042+00:00,Kacang Tanah,,
,,742.105,2024,2026-09-14T02:04:01.530042+00:00,Total,,
5.0,Kabupaten Sleman,95.115,2025,2026-09-14T02:04:04.390537+00:00,,,
,Total,172.105,2025,2026-09-14T02:04:04.390537+00:00,,,
1.0,,465.8,2025,2026-09-14T02:04:04.390949+00:00,Gabah Kering Giling (GKG),,
2.0,,238.04,2025,2026-09-14T02:04:04.390949+00:00,Beras Medium,,
3.0,,38.25,2025,2026-09-14T02:04:04.390949+00:00,Beras Premium,,
5.0,,5.0,2025,2026-09-14T02:04:04.390949+00:00,Kedelai,,
,,742.095,2025,2026-09-14T02:04:04.390949+00:00,Total,,
6.0,Kabupaten Sleman,95.115,2026,2026-09-14T02:04:07.177819+00:00,,,
7.0,Kecamatan Sleman,570.0,2026,2026-09-14T02:04:07.177819+00:00,,,
,Total,742.105,2026,2026-09-14T02:04:07.177819+00:00,,,
1.0,,465.8,2026,2026-09-14T02:04:07.178244+00:00,Gabah Kering Giling (GKG),,
2.0,,238.04,2026,2026-09-14T02:04:07.178244+00:00,Beras Medium,,
3.0,,38.25,2026,2026-09-14T02:04:07.178244+00:00,Beras Premium,,
5.0,,5.0,2026,2026-09-14T02:04:07.178244+00:00,Kedelai,,
6.0,,10.0,2026,2026-09-14T02:04:07.178244+00:00,Kacang Tanah,,
,,742.105,2026,2026-09-14T02:04:07.178244+00:00,Total,,
5.0,Kota Yogyakarta,99.25,2019,2026-09-14T06:07:21.882648+00:00,,,
6.0,Kabupaten Sleman,74.715,2019,2026-09-14T06:07:21.882648+00:00,,,
,Total,173.965,2019,2026-09-14T06:07:21.882648+00:00,,,
1.0,,14.7,2019,2026-09-14T06:07:21.883066+00:00,Gabah Kering Giling (GKG),,
2.0,,109.45,2019,2026-09-14T06:07:21.883066+00:00,Beras Medium,,
3.0,,49.8,2019,2026-09-14T06:07:21.883066+00:00,Beras Premium,,
,,173.955,2019,2026-09-14T06:07:21.883066+00:00,Total,,
5.0,Kota Yogyakarta,99.25,2020,2026-09-14T06:07:24.653406+00:00,,,
6.0,Kabupaten Sleman,74.715,2020,2026-09-14T06:07:24.653406+00:00,,,
,Total,173.965,2020,2026-09-14T06:07:24.653406+00:00,,,
1.0,,14.7,2020,2026-09-14T06:07:24.653822+00:00,Gabah Kering Giling (GKG),,
2.0,,109.45,2020,2026-09-14T06:07:24.653822+00:00,Beras Medium,,
3.0,,49.8,2020,2026-09-14T06:07:24.653822+00:00,Beras Premium,,
,,173.95,2020,2026-09-14T06:07:24.653822+00:00,Total,,
5.0,Kota Yogyakarta,99.25,2021,2026-09-14T06:07:27.483978+00:00,,,
6.0,Kabupaten Sleman,74.715,2021,2026-09-14T06:07:27.483978+00:00,,,
,Total,173.965,2021,2026-09-14T06:07:27.483978+00:00,,,
1.0,,14.7,2021,2026-09-14T06:07:27.484384+00:00,Gabah Kering Giling (GKG),,
2.0,,109.45,2021,2026-09-14T06:07:27.484384+00:00,Beras Medium,,
3.0,,49.8,2021,2026-09-14T06:07:27.484384+00:00,Beras Premium,,
,,173.95,2021,2026-09-14T06:07:27.484384+00:00,Total,,
5.0,Kota Yogyakarta,99.25,2022,2026-09-14T06:07:30.386612+00:00,,,
6.0,Kabupaten Sleman,74.715,2022,2026-09-14T06:07:30.386612+00:00,,,
,Total,173.965,2022,2026-09-14T06:07:30.386612+00:00,,,
1.0,,14.7,2022,2026-09-14T06:07:30.386975+00:00,Gabah Kering Giling (GKG),,
2.0,,109.45,2022,2026-09-14T06:07:30.386975+00:00,Beras Medium,,
3.0,,49.8,2022,2026-09-14T06:07:30.386975+00:00,Beras Premium,,
,,173.965,2022,2026-09-14T06:07:30.386975+00:00,Total,,
4.0,Kota Yogyakarta,99.25,2023,2026-09-14T06:07:33.183993+00:00,,,
5.0,Kabupaten Sleman,74.715,2023,2026-09-14T06:07:33.183993+00:00,,,
,Total,173.965,2023,2026-09-14T06:07:33.183993+00:00,,,
1.0,,14.7,2023,2026-09-14T06:07:33.184362+00:00,Gabah Kering Giling (GKG),,
2.0,,109.45,2023,2026-09-14T06:07:33.184362+00:00,Beras Medium,,
3.0,,49.8,2023,2026-09-14T06:07:33.184362+00:00,Beras Premium,,
,,173.965,2023,2026-09-14T06:07:33.184362+00:00,Total,,
5.0,Kota Yogyakarta,99.25,2024,2026-09-14T06:07:36.010167+00:00,,,
6.0,Kabupaten Sleman,74.715,2024,2026-09-14T06:07:36.010167+00:00,,,
,Total,173.965,2024,2026-09-14T06:07:36.010167+00:00,,,
1.0,,14.7,2024,2026-09-14T06:07:36.010551+00:00,Gabah Kering Giling (GKG),,
2.0,,109.45,2024,2026-09-14T06:07:36.010551+00:00,Beras Medium,,
3.0,,49.8,2024,2026-09-14T06:07:36.010551+00:00,Beras Premium,,
,,173.965,2024,2026-09-14T06:07:36.010551+00:00,Total,,
4.0,Kota Yogyakarta,99.25,2025,2026-09-14T06:07:38.840574+00:00,,,
5.0,Kabupaten Sleman,74.715,2025,2026-09-14T06:07:38.840574+00:00,,,
,Total,173.965,2025,2026-09-14T06:07:38.840574+00:00,,,
1.0,,14.7,2025,2026-09-14T06:07:38.840916+00:00,Gabah Kering Giling (GKG),,
2.0,,109.45,2025,2026-09-14T06:07:38.840916+00:00,Beras Medium,,
3.0,,49.8,2025,2026-09-14T06:07:38.840916+00:00,Beras Premium,,
,,173.955,2025,2026-09-14T06:07:38.840916+00:00,Total,,
5.0,Kota Yogyakarta,99.25,2026,2026-09-14T06:07:41.726229+00:00,,,
6.0,Kabupaten Sleman,74.715,2026,2026-09-14T06:07:41.726229+00:00,,,
,Total,173.965,2026,2026-09-14T06:07:41.726229+00:00,,,
1.0,,14.7,2026,2026-09-14T06:07:41.726601+00:00,Gabah Kering Giling (GKG),,
2.0,,109.45,2026,2026-09-14T06:07:41.726601+00:00,Beras Medium,,
3.0,,49.8,2026,2026-09-14T06:07:41.726601+00:00,Beras Premium,,
,,173.965,2026,2026-09-14T06:07:41.726601+00:00,Total,,
5.0,Kota Yogyakarta,97.45,2019,2026-09-18T06:06:48.074827+00:00,,,
6.0,Kabupaten Sleman,154.515,2019,2026-09-18T06:06:48.074827+00:00,,,
,Total,251.965,2019,2026-09-18T06:06:48.074827+00:00,,,
1.0,,70.7,2019,2026-09-18T06:06:48.075274+00:00,Gabah Kering Giling (GKG),,
2.0,,134.3,2019,2026-09-18T06:06:48.075274+00:00,Beras Medium,,
3.0,,51.0,2019,2026-09-18T06:06:48.075274+00:00,Beras Premium,,
,,256.005,2019,2026-09-18T06:06:48.075274+00:00,Total,,
5.0,Kota Yogyakarta,97.45,2020,2026-09-18T06:06:50.743486+00:00,,,
6.0,Kabupaten Sleman,154.515,2020,2026-09-18T06:06:50.743486+00:00,,,
,Total,251.965,2020,2026-09-18T06:06:50.743486+00:00,,,
1.0,,70.7,2020,2026-09-18T06:06:50.743900+00:00,Gabah Kering Giling (GKG),,
2.0,,134.3,2020,2026-09-18T06:06:50.743900+00:00,Beras Medium,,
3.0,,51.0,2020,2026-09-18T06:06:50.743900+00:00,Beras Premium,,
,,256.0,2020,2026-09-18T06:06:50.743900+00:00,Total,,
5.0,Kota Yogyakarta,97.45,2021,2026-09-18T06:06:53.508072+00:00,,,
6.0,Kabupaten Sleman,154.515,2021,2026-09-18T06:06:53.508072+00:00,,,
,Total,251.965,2021,2026-09-18T06:06:53.508072+00:00,,,
1.0,,70.7,2021,2026-09-18T06:06:53.508515+00:00,Gabah Kering Giling (GKG),,
2.0,,134.3,2021,2026-09-18T06:06:53.508515+00:00,Beras Medium,,
3.0,,51.0,2021,2026-09-18T06:06:53.508515+00:00,Beras Premium,,
,,256.0,2021,2026-09-18T06:06:53.508515+00:00,Total,,
5.0,Kota Yogyakarta,97.45,2022,2026-09-18T06:06:56.296843+00:00,,,
6.0,Kabupaten Sleman,154.515,2022,2026-09-18T06:06:56.296843+00:00,,,
,Total,251.965,2022,2026-09-18T06:06:56.296843+00:00,,,
1.0,,70.7,2022,2026-09-18T06:06:56.297277+00:00,Gabah Kering Giling (GKG),,
2.0,,134.3,2022,2026-09-18T06:06:56.297277+00:00,Beras Medium,,
3.0,,51.0,2022,2026-09-18T06:06:56.297277+00:00,Beras Premium,,
,,256.015,2022,2026-09-18T06:06:56.297277+00:00,Total,,
4.0,Kota Yogyakarta,97.45,2023,2026-09-18T06:06:58.995935+00:00,,,
5.0,Kabupaten Sleman,154.515,2023,2026-09-18T06:06:58.995935+00:00,,,
,Total,251.965,2023,2026-09-18T06:06:58.995935+00:00,,,
1.0,,70.7,2023,2026-09-18T06:06:58.996290+00:00,Gabah Kering Giling (GKG),,
2.0,,134.3,2023,2026-09-18T06:06:58.996290+00:00,Beras Medium,,
3.0,,51.0,2023,2026-09-18T06:06:58.996290+00:00,Beras Premium,,
,,256.015,2023,2026-09-18T06:06:58.996290+00:00,Total,,
5.0,Kota Yogyakarta,97.45,2024,2026-09-18T06:07:01.711266+00:00,,,
6.0,Kabupaten Sleman,154.515,2024,2026-09-18T06:07:01.711266+00:00,,,
,Total,251.965,2024,2026-09-18T06:07:01.711266+00:00,,,
1.0,,70.7,2024,2026-09-18T06:07:01.711713+00:00,Gabah Kering Giling (GKG),,
2.0,,134.3,2024,2026-09-18T06:07:01.711713+00:00,Beras Medium,,
3.0,,51.0,2024,2026-09-18T06:07:01.711713+00:00,Beras Premium,,
,,256.015,2024,2026-09-18T06:07:01.711713+00:00,Total,,
4.0,Kota Yogyakarta,97.45,2025,2026-09-18T06:07:04.355357+00:00,,,
5.0,Kabupaten Sleman,154.515,2025,2026-09-18T06:07:04.355357+00:00,,,
,Total,251.965,2025,2026-09-18T06:07:04.355357+00:00,,,
1.0,,70.7,2025,2026-09-18T06:07:04.355950+00:00,Gabah Kering Giling (GKG),,
2.0,,134.3,2025,2026-09-18T06:07:04.355950+00:00,Beras Medium,,
3.0,,51.0,2025,2026-09-18T06:07:04.355950+00:00,Beras Premium,,
,,256.005,2025,2026-09-18T06:07:04.355950+00:00,Total,,
5.0,Kota Yogyakarta,97.45,2026,2026-09-18T06:07:07.215250+00:00,,,
6.0,Kabupaten Sleman,154.515,2026,2026-09-18T06:07:07.215250+00:00,,,
7.0,Kecamatan Sleman,4.05,2026,2026-09-18T06:07:07.215250+00:00,,,
,Total,256.015,2026,2026-09-18T06:07:07.215250+00:00,,,
1.0,,70.7,2026,2026-09-18T06:07:07.215695+00:00,Gabah Kering Giling (GKG),,
2.0,,134.3,2026,2026-09-18T06:07:07.215695+00:00,Beras Medium,,
3.0,,51.0,2026,2026-09-18T06:07:07.215695+00:00,Beras Premium,,
,,256.015,2026,2026-09-18T06:07:07.215695+00:00,Total,,
5.0,Kota Yogyakarta,24.0,2019,2026-09-21T02:03:08.216493+00:00,,,
,Total,24.0,2019,2026-09-21T02:03:08.216493+00:00,,,
2.0,,6.0,2019,2026-09-21T02:03:08.216951+00:00,Beras Medium,,
3.0,,18.0,2019,2026-09-21T02:03:08.216951+00:00,Beras Premium,,
,,24.0,2019,2026-09-21T02:03:08.216951+00:00,Total,,
5.0,Kota Yogyakarta,24.0,2020,2026-09-21T02:03:11.061718+00:00,,,
,Total,24.0,2020,2026-09-21T02:03:11.061718+00:00,,,
2.0,,6.0,2020,2026-09-21T02:03:11.062179+00:00,Beras Medium,,
3.0,,18.0,2020,2026-09-21T02:03:11.062179+00:00,Beras Premium,,
,,24.0,2020,2026-09-21T02:03:11.062179+00:00,Total,,
5.0,Kota Yogyakarta,24.0,2021,2026-09-21T02:03:13.829364+00:00,,,
,Total,24.0,2021,2026-09-21T02:03:13.829364+00:00,,,
2.0,,6.0,2021,2026-09-21T02:03:13.829786+00:00,Beras Medium,,
3.0,,18.0,2021,2026-09-21T02:03:13.829786+00:00,Beras Premium,,
,,24.0,2021,2026-09-21T02:03:13.829786+00:00,Total,,
5.0,Kota Yogyakarta,24.0,2022,2026-09-21T02:03:16.682197+00:00,,,
,Total,24.0,2022,2026-09-21T02:03:16.682197+00:00,,,
2.0,,6.0,2022,2026-09-21T02:03:16.682596+00:00,Beras Medium,,
3.0,,18.0,2022,2026-09-21T02:03:16.682596+00:00,Beras Premium,,
,,24.0,2022,2026-09-21T02:03:16.682596+00:00,Total,,
4.0,Kota Yogyakarta,24.0,2023,2026-09-21T02:03:19.494734+00:00,,,
,Total,24.0,2023,2026-09-21T02:03:19.494734+00:00,,,
2.0,,6.0,2023,2026-09-21T02:03:19.495178+00:00,Beras Medium,,
3.0,,18.0,2023,2026-09-21T02:03:19.495178+00:00,Beras Premium,,
,,24.0,2023,2026-09-21T02:03:19.495178+00:00,Total,,
5.0,Kota Yogyakarta,24.0,2024,2026-09-21T02:03:22.341421+00:00,,,
,Total,24.0,2024,2026-09-21T02:03:22.341421+00:00,,,
2.0,,6.0,2024,2026-09-21T02:03:22.341813+00:00,Beras Medium,,
3.0,,18.0,2024,2026-09-21T02:03:22.341813+00:00,Beras Premium,,
,,24.0,2024,2026-09-21T02:03:22.341813+00:00,Total,,
4.0,Kota Yogyakarta,24.0,2025,2026-09-21T02:03:25.191260+00:00,,,
,Total,24.0,2025,2026-09-21T02:03:25.191260+00:00,,,
2.0,,6.0,2025,2026-09-21T02:03:25.191783+00:00,Beras Medium,,
3.0,,18.0,2025,2026-09-21T02:03:25.191783+00:00,Beras Premium,,
,,24.0,2025,2026-09-21T02:03:25.191783+00:00,Total,,
5.0,Kota Yogyakarta,24.0,2026,2026-09-21T02:03:27.978101+00:00,,,
,Total,24.0,2026,2026-09-21T02:03:27.978101+00:00,,,
2.0,,6.0,2026,2026-09-21T02:03:27.978521+00:00,Beras Medium,,
3.0,,18.0,2026,2026-09-21T02:03:27.978521+00:00,Beras Premium,,
,,24.0,2026,2026-09-21T02:03:27.978521+00:00,Total,,
5.0,Kota Yogyakarta,34.1,2019,2026-09-21T06:07:39.765596+00:00,,,
,Total,34.1,2019,2026-09-21T06:07:39.765596+00:00,,,
2.0,,10.5,2019,2026-09-21T06:07:39.766005+00:00,Beras Medium,,
3.0,,23.6,2019,2026-09-21T06:07:39.766005+00:00,Beras Premium,,
,,34.1,2019,2026-09-21T06:07:39.766005+00:00,Total,,
5.0,Kota Yogyakarta,34.1,2020,2026-09-21T06:07:42.572000+00:00,,,
,Total,34.1,2020,2026-09-21T06:07:42.572000+00:00,,,
2.0,,10.5,2020,2026-09-21T06:07:42.572379+00:00,Beras Medium,,
3.0,,23.6,2020,2026-09-21T06:07:42.572379+00:00,Beras Premium,,
,,34.1,2020,2026-09-21T06:07:42.572379+00:00,Total,,
5.0,Kota Yogyakarta,34.1,2021,2026-09-21T06:07:45.406537+00:00,,,
,Total,34.1,2021,2026-09-21T06:07:45.406537+00:00,,,
2.0,,10.5,2021,2026-09-21T06:07:45.406893+00:00,Beras Medium,,
3.0,,23.6,2021,2026-09-21T06:07:45.406893+00:00,Beras Premium,,
,,34.1,2021,2026-09-21T06:07:45.406893+00:00,Total,,
5.0,Kota Yogyakarta,34.1,2022,2026-09-21T06:07:48.332345+00:00,,,
,Total,34.1,2022,2026-09-21T06:07:48.332345+00:00,,,
2.0,,10.5,2022,2026-09-21T06:07:48.332693+00:00,Beras Medium,,
3.0,,23.6,2022,2026-09-21T06:07:48.332693+00:00,Beras Premium,,
,,34.1,2022,2026-09-21T06:07:48.332693+00:00,Total,,
4.0,Kota Yogyakarta,34.1,2023,2026-09-21T06:07:51.219334+00:00,,,
,Total,34.1,2023,2026-09-21T06:07:51.219334+00:00,,,
2.0,,10.5,2023,2026-09-21T06:07:51.219666+00:00,Beras Medium,,
3.0,,23.6,2023,2026-09-21T06:07:51.219666+00:00,Beras Premium,,
,,34.1,2023,2026-09-21T06:07:51.219666+00:00,Total,,
5.0,Kota Yogyakarta,34.1,2024,2026-09-21T06:07:54.105139+00:00,,,
,Total,34.1,2024,2026-09-21T06:07:54.105139+00:00,,,
2.0,,10.5,2024,2026-09-21T06:07:54.105456+00:00,Beras Medium,,
3.0,,23.6,2024,2026-09-21T06:07:54.105456+00:00,Beras Premium,,
,,34.1,2024,2026-09-21T06:07:54.105456+00:00,Total,,
4.0,Kota Yogyakarta,34.1,2025,2026-09-21T06:07:57.030344+00:00,,,
,Total,34.1,2025,2026-09-21T06:07:57.030344+00:00,,,
2.0,,10.5,2025,2026-09-21T06:07:57.030822+00:00,Beras Medium,,
3.0,,23.6,2025,2026-09-21T06:07:57.030822+00:00,Beras Premium,,
,,34.1,2025,2026-09-21T06:07:57.030822+00:00,Total,,
5.0,Kota Yogyakarta,34.1,2026,2026-09-21T06:07:59.876295+00:00,,,
,Total,34.1,2026,2026-09-21T06:07:59.876295+00:00,,,
2.0,,10.5,2026,2026-09-21T06:07:59.876634+00:00,Beras Medium,,
3.0,,23.6,2026,2026-09-21T06:07:59.876634+00:00,Beras Premium,,
,,34.1,2026,2026-09-21T06:07:59.876634+00:00,Total,,
4.0,Kabupaten Gunung Kidul,9.15,2019,2026-09-21T12:06:29.843592+00:00,,,
,Total,43.25,2019,2026-09-21T12:06:29.843592+00:00,,,
1.0,,5.9,2019,2026-09-21T12:06:29.844115+00:00,Gabah Kering Giling (GKG),,
2.0,,11.5,2019,2026-09-21T12:06:29.844115+00:00,Beras Medium,,
3.0,,23.8,2019,2026-09-21T12:06:29.844115+00:00,Beras Premium,,
4.0,,2.0,2019,2026-09-21T12:06:29.844115+00:00,Jagung,,
5.0,,50.0,2019,2026-09-21T12:06:29.844115+00:00,Kedelai,,
,,43.25,2019,2026-09-21T12:06:29.844115+00:00,Total,,
4.0,Kabupaten Gunung Kidul,9.15,2020,2026-09-21T12:06:32.595649+00:00,,,
,Total,43.25,2020,2026-09-21T12:06:32.595649+00:00,,,
1.0,,5.9,2020,2026-09-21T12:06:32.596120+00:00,Gabah Kering Giling (GKG),,
2.0,,11.5,2020,2026-09-21T12:06:32.596120+00:00,Beras Medium,,
3.0,,23.8,2020,2026-09-21T12:06:32.596120+00:00,Beras Premium,,
,,41.2,2020,2026-09-21T12:06:32.596120+00:00,Total,,
4.0,Kabupaten Gunung Kidul,9.15,2021,2026-09-21T12:06:35.387701+00:00,,,
,Total,43.25,2021,2026-09-21T12:06:35.387701+00:00,,,
1.0,,5.9,2021,2026-09-21T12:06:35.388142+00:00,Gabah Kering Giling (GKG),,
2.0,,11.5,2021,2026-09-21T12:06:35.388142+00:00,Beras Medium,,
3.0,,23.8,2021,2026-09-21T12:06:35.388142+00:00,Beras Premium,,
,,41.2,2021,2026-09-21T12:06:35.388142+00:00,Total,,
4.0,Kabupaten Gunung Kidul,9.15,2022,2026-09-21T12:06:38.298192+00:00,,,
,Total,43.25,2022,2026-09-21T12:06:38.298192+00:00,,,
1.0,,5.9,2022,2026-09-21T12:06:38.298604+00:00,Gabah Kering Giling (GKG),,
2.0,,11.5,2022,2026-09-21T12:06:38.298604+00:00,Beras Medium,,
3.0,,23.8,2022,2026-09-21T12:06:38.298604+00:00,Beras Premium,,
4.0,,2.0,2022,2026-09-21T12:06:38.298604+00:00,Jagung,,
5.0,,50.0,2022,2026-09-21T12:06:38.298604+00:00,Kedelai,,
,,43.25,2022,2026-09-21T12:06:38.298604+00:00,Total,,
3.0,Kabupaten Gunung Kidul,9.15,2023,2026-09-21T12:06:41.141693+00:00,,,
,Total,43.25,2023,2026-09-21T12:06:41.141693+00:00,,,
1.0,,5.9,2023,2026-09-21T12:06:41.142139+00:00,Gabah Kering Giling (GKG),,
2.0,,11.5,2023,2026-09-21T12:06:41.142139+00:00,Beras Medium,,
3.0,,23.8,2023,2026-09-21T12:06:41.142139+00:00,Beras Premium,,
4.0,,2.0,2023,2026-09-21T12:06:41.142139+00:00,Jagung,,
5.0,,50.0,2023,2026-09-21T12:06:41.142139+00:00,Kedelai,,
,,43.25,2023,2026-09-21T12:06:41.142139+00:00,Total,,
4.0,Kabupaten Gunung Kidul,9.15,2024,2026-09-21T12:06:43.969477+00:00,,,
,Total,43.25,2024,2026-09-21T12:06:43.969477+00:00,,,
1.0,,5.9,2024,2026-09-21T12:06:43.969930+00:00,Gabah Kering Giling (GKG),,
2.0,,11.5,2024,2026-09-21T12:06:43.969930+00:00,Beras Medium,,
3.0,,23.8,2024,2026-09-21T12:06:43.969930+00:00,Beras Premium,,
4.0,,2.0,2024,2026-09-21T12:06:43.969930+00:00,Jagung,,
5.0,,50.0,2024,2026-09-21T12:06:43.969930+00:00,Kedelai,,
,,43.25,2024,2026-09-21T12:06:43.969930+00:00,Total,,
3.0,Kabupaten Gunung Kidul,9.15,2025,2026-09-21T12:06:46.740621+00:00,,,
,Total,43.25,2025,2026-09-21T12:06:46.740621+00:00,,,
1.0,,5.9,2025,2026-09-21T12:06:46.741216+00:00,Gabah Kering Giling (GKG),,
2.0,,11.5,2025,2026-09-21T12:06:46.741216+00:00,Beras Medium,,
3.0,,23.8,2025,2026-09-21T12:06:46.741216+00:00,Beras Premium,,
4.0,,2.0,2025,2026-09-21T12:06:46.741216+00:00,Jagung,,
5.0,,50.0,2025,2026-09-21T12:06:46.741216+00:00,Kedelai,,
,,43.25,2025,2026-09-21T12:06:46.741216+00:00,Total,,
4.0,Kabupaten Gunung Kidul,9.15,2026,2026-09-21T12:06:49.658375+00:00,,,
,Total,43.25,2026,2026-09-21T12:06:49.658375+00:00,,,
1.0,,5.9,2026,2026-09-21T12:06:49.658802+00:00,Gabah Kering Giling (GKG),,
2.0,,11.5,2026,2026-09-21T12:06:49.658802+00:00,Beras Medium,,
3.0,,23.8,2026,2026-09-21T12:06:49.658802+00:00,Beras Premium,,
4.0,,2.0,2026,2026-09-21T12:06:49.658802+00:00,Jagung,,
5.0,,50.0,2026,2026-09-21T12:06:49.658802+00:00,Kedelai,,
,,43.25,2026,2026-09-21T12:06:49.658802+00:00,Total,,
6.0,Kabupaten Sleman,73.455,2019,2026-09-23T02:03:19.289330+00:00,,,
,Total,116.705,2019,2026-09-23T02:03:19.289330+00:00,,,
1.0,,17.1,2019,2026-09-23T02:03:19.289618+00:00,Gabah Kering Giling (GKG),,
2.0,,43.0,2019,2026-09-23T02:03:19.289618+00:00,Beras Medium,,
3.0,,54.4,2019,2026-09-23T02:03:19.289618+00:00,Beras Premium,,
5.0,,155.0,2019,2026-09-23T02:03:19.289618+00:00,Kedelai,,
,,116.655,2019,2026-09-23T02:03:19.289618+00:00,Total,,
6.0,Kabupaten Sleman,73.455,2020,2026-09-23T02:03:21.957785+00:00,,,
,Total,116.705,2020,2026-09-23T02:03:21.957785+00:00,,,
1.0,,17.1,2020,2026-09-23T02:03:21.958050+00:00,Gabah Kering Giling (GKG),,
2.0,,43.0,2020,2026-09-23T02:03:21.958050+00:00,Beras Medium,,
3.0,,54.4,2020,2026-09-23T02:03:21.958050+00:00,Beras Premium,,
,,114.5,2020,2026-09-23T02:03:21.958050+00:00,Total,,
6.0,Kabupaten Sleman,73.455,2021,2026-09-23T02:03:24.599583+00:00,,,
,Total,116.705,2021,2026-09-23T02:03:24.599583+00:00,,,
1.0,,17.1,2021,2026-09-23T02:03:24.599823+00:00,Gabah Kering Giling (GKG),,
2.0,,43.0,2021,2026-09-23T02:03:24.599823+00:00,Beras Medium,,
3.0,,54.4,2021,2026-09-23T02:03:24.599823+00:00,Beras Premium,,
,,114.5,2021,2026-09-23T02:03:24.599823+00:00,Total,,
6.0,Kabupaten Sleman,73.455,2022,2026-09-23T02:03:27.467104+00:00,,,
,Total,116.705,2022,2026-09-23T02:03:27.467104+00:00,,,
1.0,,17.1,2022,2026-09-23T02:03:27.467391+00:00,Gabah Kering Giling (GKG),,
2.0,,43.0,2022,2026-09-23T02:03:27.467391+00:00,Beras Medium,,
3.0,,54.4,2022,2026-09-23T02:03:27.467391+00:00,Beras Premium,,
5.0,,155.0,2022,2026-09-23T02:03:27.467391+00:00,Kedelai,,
8.0,,50.0,2022,2026-09-23T02:03:27.467391+00:00,Kacang Tanah,,
,,116.705,2022,2026-09-23T02:03:27.467391+00:00,Total,,
5.0,Kabupaten Sleman,73.455,2023,2026-09-23T02:03:30.198713+00:00,,,
,Total,116.705,2023,2026-09-23T02:03:30.198713+00:00,,,
1.0,,17.1,2023,2026-09-23T02:03:30.198956+00:00,Gabah Kering Giling (GKG),,
2.0,,43.0,2023,2026-09-23T02:03:30.198956+00:00,Beras Medium,,
3.0,,54.4,2023,2026-09-23T02:03:30.198956+00:00,Beras Premium,,
5.0,,155.0,2023,2026-09-23T02:03:30.198956+00:00,Kedelai,,
7.0,,50.0,2023,2026-09-23T02:03:30.198956+00:00,Kacang Tanah,,
,,116.705,2023,2026-09-23T02:03:30.198956+00:00,Total,,
6.0,Kabupaten Sleman,73.455,2024,2026-09-23T02:03:32.928638+00:00,,,
,Total,116.705,2024,2026-09-23T02:03:32.928638+00:00,,,
1.0,,17.1,2024,2026-09-23T02:03:32.928868+00:00,Gabah Kering Giling (GKG),,
2.0,,43.0,2024,2026-09-23T02:03:32.928868+00:00,Beras Medium,,
3.0,,54.4,2024,2026-09-23T02:03:32.928868+00:00,Beras Premium,,
5.0,,155.0,2024,2026-09-23T02:03:32.928868+00:00,Kedelai,,
6.0,,50.0,2024,2026-09-23T02:03:32.928868+00:00,Kacang Tanah,,
,,116.705,2024,2026-09-23T02:03:32.928868+00:00,Total,,
5.0,Kabupaten Sleman,73.455,2025,2026-09-23T02:03:35.588861+00:00,,,
,Total,116.705,2025,2026-09-23T02:03:35.588861+00:00,,,
1.0,,17.1,2025,2026-09-23T02:03:35.589254+00:00,Gabah Kering Giling (GKG),,
2.0,,43.0,2025,2026-09-23T02:03:35.589254+00:00,Beras Medium,,
3.0,,54.4,2025,2026-09-23T02:03:35.589254+00:00,Beras Premium,,
5.0,,155.0,2025,2026-09-23T02:03:35.589254+00:00,Kedelai,,
,,116.655,2025,2026-09-23T02:03:35.589254+00:00,Total,,
6.0,Kabupaten Sleman,73.455,2026,2026-09-23T02:03:38.264757+00:00,,,
,Total,116.705,2026,2026-09-23T02:03:38.264757+00:00,,,
1.0,,17.1,2026,2026-09-23T02:03:38.264983+00:00,Gabah Kering Giling (GKG),,
2.0,,43.0,2026,2026-09-23T02:03:38.264983+00:00,Beras Medium,,
3.0,,54.4,2026,2026-09-23T02:03:38.264983+00:00,Beras Premium,,
5.0,,155.0,2026,2026-09-23T02:03:38.264983+00:00,Kedelai,,
6.0,,50.0,2026,2026-09-23T02:03:38.264983+00:00,Kacang Tanah,,
,,116.705,2026,2026-09-23T02:03:38.264983+00:00,Total,,
6.0,Kabupaten Sleman,155.455,2019,2026-09-28T02:03:26.682087+00:00,,,
,Total,198.705,2019,2026-09-28T02:03:26.682087+00:00,,,
1.0,,72.1,2019,2026-09-28T02:03:26.682563+00:00,Gabah Kering Giling (GKG),,
2.0,,69.6,2019,2026-09-28T02:03:26.682563+00:00,Beras Medium,,
3.0,,57.4,2019,2026-09-28T02:03:26.682563+00:00,Beras Premium,,
,,201.255,2019,2026-09-28T02:03:26.682563+00:00,Total,,
6.0,Kabupaten Sleman,155.455,2020,2026-09-28T02:03:29.486961+00:00,,,
,Total,198.705,2020,2026-09-28T02:03:29.486961+00:00,,,
1.0,,72.1,2020,2026-09-28T02:03:29.487405+00:00,Gabah Kering Giling (GKG),,
2.0,,69.6,2020,2026-09-28T02:03:29.487405+00:00,Beras Medium,,
3.0,,57.4,2020,2026-09-28T02:03:29.487405+00:00,Beras Premium,,
,,199.1,2020,2026-09-28T02:03:29.487405+00:00,Total,,
6.0,Kabupaten Sleman,155.455,2021,2026-09-28T02:03:32.253464+00:00,,,
,Total,198.705,2021,2026-09-28T02:03:32.253464+00:00,,,
1.0,,72.1,2021,2026-09-28T02:03:32.253911+00:00,Gabah Kering Giling (GKG),,
2.0,,69.6,2021,2026-09-28T02:03:32.253911+00:00,Beras Medium,,
3.0,,57.4,2021,2026-09-28T02:03:32.253911+00:00,Beras Premium,,
,,199.1,2021,2026-09-28T02:03:32.253911+00:00,Total,,
6.0,Kabupaten Sleman,155.455,2022,2026-09-28T02:03:35.260551+00:00,,,
,Total,198.705,2022,2026-09-28T02:03:35.260551+00:00,,,
1.0,,72.1,2022,2026-09-28T02:03:35.260989+00:00,Gabah Kering Giling (GKG),,
2.0,,69.6,2022,2026-09-28T02:03:35.260989+00:00,Beras Medium,,
3.0,,57.4,2022,2026-09-28T02:03:35.260989+00:00,Beras Premium,,
,,201.305,2022,2026-09-28T02:03:35.260989+00:00,Total,,
5.0,Kabupaten Sleman,155.455,2023,2026-09-28T02:03:38.139606+00:00,,,
,Total,198.705,2023,2026-09-28T02:03:38.139606+00:00,,,
1.0,,72.1,2023,2026-09-28T02:03:38.140032+00:00,Gabah Kering Giling (GKG),,
2.0,,69.6,2023,2026-09-28T02:03:38.140032+00:00,Beras Medium,,
3.0,,57.4,2023,2026-09-28T02:03:38.140032+00:00,Beras Premium,,
,,201.305,2023,2026-09-28T02:03:38.140032+00:00,Total,,
6.0,Kabupaten Sleman,155.455,2024,2026-09-28T02:03:41.084793+00:00,,,
,Total,198.705,2024,2026-09-28T02:03:41.084793+00:00,,,
1.0,,72.1,2024,2026-09-28T02:03:41.085201+00:00,Gabah Kering Giling (GKG),,
2.0,,69.6,2024,2026-09-28T02:03:41.085201+00:00,Beras Medium,,
3.0,,57.4,2024,2026-09-28T02:03:41.085201+00:00,Beras Premium,,
,,201.305,2024,2026-09-28T02:03:41.085201+00:00,Total,,
5.0,Kabupaten Sleman,155.455,2025,2026-09-28T02:03:43.856094+00:00,,,
,Total,198.705,2025,2026-09-28T02:03:43.856094+00:00,,,
1.0,,72.1,2025,2026-09-28T02:03:43.856627+00:00,Gabah Kering Giling (GKG),,
2.0,,69.6,2025,2026-09-28T02:03:43.856627+00:00,Beras Medium,,
3.0,,57.4,2025,2026-09-28T02:03:43.856627+00:00,Beras Premium,,
,,201.255,2025,2026-09-28T02:03:43.856627+00:00,Total,,
6.0,Kabupaten Sleman,155.455,2026,2026-09-28T02:03:46.778526+00:00,,,
7.0,Kecamatan Sleman,2.6,2026,2026-09-28T02:03:46.778526+00:00,,,
,Total,201.305,2026,2026-09-28T02:03:46.778526+00:00,,,
1.0,,72.1,2026,2026-09-28T02:03:46.778968+00:00,Gabah Kering Giling (GKG),,
2.0,,69.6,2026,2026-09-28T02:03:46.778968+00:00,Beras Medium,,
3.0,,57.4,2026,2026-09-28T02:03:46.778968+00:00,Beras Premium,,
,,201.305,2026,2026-09-28T02:03:46.778968+00:00,Total,,
4.0,Kabupaten Gunung Kidul,9.3,2019,2026-09-28T06:07:29.824511+00:00,,,
5.0,Kota Yogyakarta,0.0,2019,2026-09-28T06:07:29.824511+00:00,,,
,Total,9.3,2019,2026-09-28T06:07:29.824511+00:00,,,
1.0,,6.5,2019,2026-09-28T06:07:29.824911+00:00,Gabah Kering Giling (GKG),,
2.0,,1.5,2019,2026-09-28T06:07:29.824911+00:00,Beras Medium,,
3.0,,200.0,2019,2026-09-28T06:07:29.824911+00:00,Beras Premium,,
4.0,,1.0,2019,2026-09-28T06:07:29.824911+00:00,Jagung,,
5.0,,100.0,2019,2026-09-28T06:07:29.824911+00:00,Kedelai,,
,,9.3,2019,2026-09-28T06:07:29.824911+00:00,Total,,
4.0,Kabupaten Gunung Kidul,9.3,2020,2026-09-28T06:07:32.465783+00:00,,,
5.0,Kota Yogyakarta,0.0,2020,2026-09-28T06:07:32.465783+00:00,,,
,Total,9.3,2020,2026-09-28T06:07:32.465783+00:00,,,
1.0,,6.5,2020,2026-09-28T06:07:32.466180+00:00,Gabah Kering Giling (GKG),,
2.0,,1.5,2020,2026-09-28T06:07:32.466180+00:00,Beras Medium,,
3.0,,200.0,2020,2026-09-28T06:07:32.466180+00:00,Beras Premium,,
,,8.2,2020,2026-09-28T06:07:32.466180+00:00,Total,,
4.0,Kabupaten Gunung Kidul,9.3,2021,2026-09-28T06:07:35.082788+00:00,,,
5.0,Kota Yogyakarta,0.0,2021,2026-09-28T06:07:35.082788+00:00,,,
,Total,9.3,2021,2026-09-28T06:07:35.082788+00:00,,,
1.0,,6.5,2021,2026-09-28T06:07:35.083146+00:00,Gabah Kering Giling (GKG),,
2.0,,1.5,2021,2026-09-28T06:07:35.083146+00:00,Beras Medium,,
3.0,,200.0,2021,2026-09-28T06:07:35.083146+00:00,Beras Premium,,
,,8.2,2021,2026-09-28T06:07:35.083146+00:00,Total,,
4.0,Kabupaten Gunung Kidul,9.3,2022,2026-09-28T06:07:37.817687+00:00,,,
5.0,Kota Yogyakarta,0.0,2022,2026-09-28T06:07:37.817687+00:00,,,
,Total,9.3,2022,2026-09-28T06:07:37.817687+00:00,,,
1.0,,6.5,2022,2026-09-28T06:07:37.818025+00:00,Gabah Kering Giling (GKG),,
2.0,,1.5,2022,2026-09-28T06:07:37.818025+00:00,Beras Medium,,
3.0,,200.0,2022,2026-09-28T06:07:37.818025+00:00,Beras Premium,,
4.0,,1.0,2022,2026-09-28T06:07:37.818025+00:00,Jagung,,
5.0,,100.0,2022,2026-09-28T06:07:37.818025+00:00,Kedelai,,
,,9.3,2022,2026-09-28T06:07:37.818025+00:00,Total,,
3.0,Kabupaten Gunung Kidul,9.3,2023,2026-09-28T06:07:40.619116+00:00,,,
4.0,Kota Yogyakarta,0.0,2023,2026-09-28T06:07:40.619116+00:00,,,
,Total,9.3,2023,2026-09-28T06:07:40.619116+00:00,,,
1.0,,6.5,2023,2026-09-28T06:07:40.619425+00:00,Gabah Kering Giling (GKG),,
2.0,,1.5,2023,2026-09-28T06:07:40.619425+00:00,Beras Medium,,
3.0,,200.0,2023,2026-09-28T06:07:40.619425+00:00,Beras Premium,,
4.0,,1.0,2023,2026-09-28T06:07:40.619425+00:00,Jagung,,
5.0,,100.0,2023,2026-09-28T06:07:40.619425+00:00,Kedelai,,
,,9.3,2023,2026-09-28T06:07:40.619425+00:00,Total,,
4.0,Kabupaten Gunung Kidul,9.3,2024,2026-09-28T06:07:43.291380+00:00,,,
5.0,Kota Yogyakarta,0.0,2024,2026-09-28T06:07:43.291380+00:00,,,
,Total,9.3,2024,2026-09-28T06:07:43.291380+00:00,,,
1.0,,6.5,2024,2026-09-28T06:07:43.291703+00:00,Gabah Kering Giling (GKG),,
2.0,,1.5,2024,2026-09-28T06:07:43.291703+00:00,Beras Medium,,
3.0,,200.0,2024,2026-09-28T06:07:43.291703+00:00,Beras Premium,,
4.0,,1.0,2024,2026-09-28T06:07:43.291703+00:00,Jagung,,
5.0,,100.0,2024,2026-09-28T06:07:43.291703+00:00,Kedelai,,
,,9.3,2024,2026-09-28T06:07:43.291703+00:00,Total,,
3.0,Kabupaten Gunung Kidul,9.3,2025,2026-09-28T06:07:46.058453+00:00,,,
4.0,Kota Yogyakarta,0.0,2025,2026-09-28T06:07:46.058453+00:00,,,
,Total,9.3,2025,2026-09-28T06:07:46.058453+00:00,,,
1.0,,6.5,2025,2026-09-28T06:07:46.058934+00:00,Gabah Kering Giling (GKG),,
2.0,,1.5,2025,2026-09-28T06:07:46.058934+00:00,Beras Medium,,
3.0,,200.0,2025,2026-09-28T06:07:46.058934+00:00,Beras Premium,,
4.0,,1.0,2025,2026-09-28T06:07:46.058934+00:00,Jagung,,
5.0,,100.0,2025,2026-09-28T06:07:46.058934+00:00,Kedelai,,
,,9.3,2025,2026-09-28T06:07:46.058934+00:00,Total,,
4.0,Kabupaten Gunung Kidul,9.3,2026,2026-09-28T06:07:48.719992+00:00,,,
5.0,Kota Yogyakarta,0.0,2026,2026-09-28T06:07:48.719992+00:00,,,
,Total,9.3,2026,2026-09-28T06:07:48.719992+00:00,,,
1.0,,6.5,2026,2026-09-28T06:07:48.720322+00:00,Gabah Kering Giling (GKG),,
2.0,,1.5,2026,2026-09-28T06:07:48.720322+00:00,Beras Medium,,
3.0,,200.0,2026,2026-09-28T06:07:48.720322+00:00,Beras Premium,,
4.0,,1.0,2026,2026-09-28T06:07:48.720322+00:00,Jagung,,
5.0,,100.0,2026,2026-09-28T06:07:48.720322+00:00,Kedelai,,
,,9.3,2026,2026-09-28T06:07:48.720322+00:00,Total,,
3.0,Kabupaten Bantul,134.6,2019,2026-09-28T12:07:00.783821+00:00,,,
,Total,143.9,2019,2026-09-28T12:07:00.783821+00:00,,,
1.0,,34.9,2019,2026-09-28T12:07:00.784062+00:00,Gabah Kering Giling (GKG),,
2.0,,107.7,2019,2026-09-28T12:07:00.784062+00:00,Beras Medium,,
,,143.9,2019,2026-09-28T12:07:00.784062+00:00,Total,,
3.0,Kabupaten Bantul,134.6,2020,2026-09-28T12:07:03.306044+00:00,,,
,Total,143.9,2020,2026-09-28T12:07:03.306044+00:00,,,
1.0,,34.9,2020,2026-09-28T12:07:03.306263+00:00,Gabah Kering Giling (GKG),,
2.0,,107.7,2020,2026-09-28T12:07:03.306263+00:00,Beras Medium,,
,,142.8,2020,2026-09-28T12:07:03.306263+00:00,Total,,
3.0,Kabupaten Bantul,134.6,2021,2026-09-28T12:07:05.923966+00:00,,,
,Total,143.9,2021,2026-09-28T12:07:05.923966+00:00,,,
1.0,,34.9,2021,2026-09-28T12:07:05.924175+00:00,Gabah Kering Giling (GKG),,
2.0,,107.7,2021,2026-09-28T12:07:05.924175+00:00,Beras Medium,,
,,142.8,2021,2026-09-28T12:07:05.924175+00:00,Total,,
3.0,Kabupaten Bantul,134.6,2022,2026-09-28T12:07:08.627203+00:00,,,
,Total,143.9,2022,2026-09-28T12:07:08.627203+00:00,,,
1.0,,34.9,2022,2026-09-28T12:07:08.627416+00:00,Gabah Kering Giling (GKG),,
2.0,,107.7,2022,2026-09-28T12:07:08.627416+00:00,Beras Medium,,
,,143.9,2022,2026-09-28T12:07:08.627416+00:00,Total,,
2.0,Kabupaten Bantul,134.6,2023,2026-09-28T12:07:11.137044+00:00,,,
,Total,143.9,2023,2026-09-28T12:07:11.137044+00:00,,,
1.0,,34.9,2023,2026-09-28T12:07:11.137279+00:00,Gabah Kering Giling (GKG),,
2.0,,107.7,2023,2026-09-28T12:07:11.137279+00:00,Beras Medium,,
,,143.9,2023,2026-09-28T12:07:11.137279+00:00,Total,,
3.0,Kabupaten Bantul,134.6,2024,2026-09-28T12:07:13.687657+00:00,,,
,Total,143.9,2024,2026-09-28T12:07:13.687657+00:00,,,
1.0,,34.9,2024,2026-09-28T12:07:13.687852+00:00,Gabah Kering Giling (GKG),,
2.0,,107.7,2024,2026-09-28T12:07:13.687852+00:00,Beras Medium,,
,,143.9,2024,2026-09-28T12:07:13.687852+00:00,Total,,
2.0,Kabupaten Bantul,134.6,2025,2026-09-28T12:07:16.359467+00:00,,,
,Total,143.9,2025,2026-09-28T12:07:16.359467+00:00,,,
1.0,,34.9,2025,2026-09-28T12:07:16.359789+00:00,Gabah Kering Giling (GKG),,
2.0,,107.7,2025,2026-09-28T12:07:16.359789+00:00,Beras Medium,,
,,143.9,2025,2026-09-28T12:07:16.359789+00:00,Total,,
3.0,Kabupaten Bantul,134.6,2026,2026-09-28T12:07:18.888364+00:00,,,
,Total,143.9,2026,2026-09-28T12:07:18.888364+00:00,,,
1.0,,34.9,2026,2026-09-28T12:07:18.888580+00:00,Gabah Kering Giling (GKG),,
2.0,,107.7,2026,2026-09-28T12:07:18.888580+00:00,Beras Medium,,
,,143.9,2026,2026-09-28T12:07:18.888580+00:00,Total,,
5.0,Kota Yogyakarta,94.46,2019,2026-09-30T02:13:55.700317+00:00,,,
,Total,238.36,2019,2026-09-30T02:13:55.700317+00:00,,,
2.0,,182.74,2019,2026-09-30T02:13:55.700804+00:00,Beras Medium,,
3.0,,19.62,2019,2026-09-30T02:13:55.700804+00:00,Beras Premium,,
,,238.36,2019,2026-09-30T02:13:55.700804+00:00,Total,,
5.0,Kota Yogyakarta,94.46,2020,2026-09-30T02:13:58.289575+00:00,,,
,Total,238.36,2020,2026-09-30T02:13:58.289575+00:00,,,
2.0,,182.74,2020,2026-09-30T02:13:58.289982+00:00,Beras Medium,,
3.0,,19.62,2020,2026-09-30T02:13:58.289982+00:00,Beras Premium,,
,,237.26,2020,2026-09-30T02:13:58.289982+00:00,Total,,
5.0,Kota Yogyakarta,94.46,2021,2026-09-30T02:14:00.878777+00:00,,,
,Total,238.36,2021,2026-09-30T02:14:00.878777+00:00,,,
2.0,,182.74,2021,2026-09-30T02:14:00.879152+00:00,Beras Medium,,
3.0,,19.62,2021,2026-09-30T02:14:00.879152+00:00,Beras Premium,,
,,237.26,2021,2026-09-30T02:14:00.879152+00:00,Total,,
5.0,Kota Yogyakarta,94.46,2022,2026-09-30T02:14:03.592890+00:00,,,
,Total,238.36,2022,2026-09-30T02:14:03.592890+00:00,,,
2.0,,182.74,2022,2026-09-30T02:14:03.593261+00:00,Beras Medium,,
3.0,,19.62,2022,2026-09-30T02:14:03.593261+00:00,Beras Premium,,
,,238.36,2022,2026-09-30T02:14:03.593261+00:00,Total,,
4.0,Kota Yogyakarta,94.46,2023,2026-09-30T02:14:06.225149+00:00,,,
,Total,238.36,2023,2026-09-30T02:14:06.225149+00:00,,,
2.0,,182.74,2023,2026-09-30T02:14:06.225527+00:00,Beras Medium,,
3.0,,19.62,2023,2026-09-30T02:14:06.225527+00:00,Beras Premium,,
,,238.36,2023,2026-09-30T02:14:06.225527+00:00,Total,,
5.0,Kota Yogyakarta,94.46,2024,2026-09-30T02:14:09.031095+00:00,,,
,Total,238.36,2024,2026-09-30T02:14:09.031095+00:00,,,
2.0,,182.74,2024,2026-09-30T02:14:09.031457+00:00,Beras Medium,,
3.0,,19.62,2024,2026-09-30T02:14:09.031457+00:00,Beras Premium,,
,,238.36,2024,2026-09-30T02:14:09.031457+00:00,Total,,
4.0,Kota Yogyakarta,94.46,2025,2026-09-30T02:14:11.588527+00:00,,,
,Total,238.36,2025,2026-09-30T02:14:11.588527+00:00,,,
2.0,,182.74,2025,2026-09-30T02:14:11.589073+00:00,Beras Medium,,
3.0,,19.62,2025,2026-09-30T02:14:11.589073+00:00,Beras Premium,,
,,238.36,2025,2026-09-30T02:14:11.589073+00:00,Total,,
5.0,Kota Yogyakarta,94.46,2026,2026-09-30T02:14:14.208300+00:00,,,
,Total,238.36,2026,2026-09-30T02:14:14.208300+00:00,,,
2.0,,182.74,2026,2026-09-30T02:14:14.208682+00:00,Beras Medium,,
3.0,,19.62,2026,2026-09-30T02:14:14.208682+00:00,Beras Premium,,
,,238.36,2026,2026-09-30T02:14:14.208682+00:00,Total,,
2.0,Kabupaten Kulon Progo,103.925,2019,2026-09-30T03:07:38.035241+00:00,,,
,Total,342.285,2019,2026-09-30T03:07:38.035241+00:00,,,
1.0,,132.4,2019,2026-09-30T03:07:38.035666+00:00,Gabah Kering Giling (GKG),,
2.0,,189.165,2019,2026-09-30T03:07:38.035666+00:00,Beras Medium,,
,,342.285,2019,2026-09-30T03:07:38.035666+00:00,Total,,
2.0,Kabupaten Kulon Progo,103.925,2020,2026-09-30T03:07:40.621447+00:00,,,
,Total,342.285,2020,2026-09-30T03:07:40.621447+00:00,,,
1.0,,132.4,2020,2026-09-30T03:07:40.621835+00:00,Gabah Kering Giling (GKG),,
2.0,,189.165,2020,2026-09-30T03:07:40.621835+00:00,Beras Medium,,
,,341.185,2020,2026-09-30T03:07:40.621835+00:00,Total,,
2.0,Kabupaten Kulon Progo,103.925,2021,2026-09-30T03:07:43.233013+00:00,,,
,Total,342.285,2021,2026-09-30T03:07:43.233013+00:00,,,
1.0,,132.4,2021,2026-09-30T03:07:43.233367+00:00,Gabah Kering Giling (GKG),,
2.0,,189.165,2021,2026-09-30T03:07:43.233367+00:00,Beras Medium,,
,,341.185,2021,2026-09-30T03:07:43.233367+00:00,Total,,
2.0,Kabupaten Kulon Progo,103.925,2022,2026-09-30T03:07:45.941879+00:00,,,
,Total,342.285,2022,2026-09-30T03:07:45.941879+00:00,,,
1.0,,132.4,2022,2026-09-30T03:07:45.942203+00:00,Gabah Kering Giling (GKG),,
2.0,,189.165,2022,2026-09-30T03:07:45.942203+00:00,Beras Medium,,
,,342.285,2022,2026-09-30T03:07:45.942203+00:00,Total,,
1.0,Kabupaten Kulon Progo,103.925,2023,2026-09-30T03:07:48.657290+00:00,,,
,Total,342.285,2023,2026-09-30T03:07:48.657290+00:00,,,
1.0,,132.4,2023,2026-09-30T03:07:48.657642+00:00,Gabah Kering Giling (GKG),,
2.0,,189.165,2023,2026-09-30T03:07:48.657642+00:00,Beras Medium,,
,,342.285,2023,2026-09-30T03:07:48.657642+00:00,Total,,
2.0,Kabupaten Kulon Progo,103.925,2024,2026-09-30T03:07:51.276129+00:00,,,
,Total,342.285,2024,2026-09-30T03:07:51.276129+00:00,,,
1.0,,132.4,2024,2026-09-30T03:07:51.276468+00:00,Gabah Kering Giling (GKG),,
2.0,,189.165,2024,2026-09-30T03:07:51.276468+00:00,Beras Medium,,
,,342.285,2024,2026-09-30T03:07:51.276468+00:00,Total,,
1.0,Kabupaten Kulon Progo,103.925,2025,2026-09-30T03:07:53.894357+00:00,,,
,Total,342.285,2025,2026-09-30T03:07:53.894357+00:00,,,
1.0,,132.4,2025,2026-09-30T03:07:53.894824+00:00,Gabah Kering Giling (GKG),,
2.0,,189.165,2025,2026-09-30T03:07:53.894824+00:00,Beras Medium,,
,,342.285,2025,2026-09-30T03:07:53.894824+00:00,Total,,
2.0,Kabupaten Kulon Progo,103.925,2026,2026-09-30T03:07:56.528585+00:00,,,
,Total,342.285,2026,2026-09-30T03:07:56.528585+00:00,,,
1.0,,132.4,2026,2026-09-30T03:07:56.528908+00:00,Gabah Kering Giling (GKG),,
2.0,,189.165,2026,2026-09-30T03:07:56.528908+00:00,Beras Medium,,
,,342.285,2026,2026-09-30T03:07:56.528908+00:00,Total,,
2.0,Kabupaten Kulon Progo,622.925,2019,2026-09-30T07:37:30.100909+00:00,,,
,Total,861.285,2019,2026-09-30T07:37:30.100909+00:00,,,
1.0,,437.4,2019,2026-09-30T07:37:30.101373+00:00,Gabah Kering Giling (GKG),,
2.0,,403.165,2019,2026-09-30T07:37:30.101373+00:00,Beras Medium,,
,,861.285,2019,2026-09-30T07:37:30.101373+00:00,Total,,
2.0,Kabupaten Kulon Progo,622.925,2020,2026-09-30T07:37:32.749205+00:00,,,
,Total,861.285,2020,2026-09-30T07:37:32.749205+00:00,,,
1.0,,437.4,2020,2026-09-30T07:37:32.749605+00:00,Gabah Kering Giling (GKG),,
2.0,,403.165,2020,2026-09-30T07:37:32.749605+00:00,Beras Medium,,
,,860.185,2020,2026-09-30T07:37:32.749605+00:00,Total,,
2.0,Kabupaten Kulon Progo,622.925,2021,2026-09-30T07:37:35.535819+00:00,,,
,Total,861.285,2021,2026-09-30T07:37:35.535819+00:00,,,
1.0,,437.4,2021,2026-09-30T07:37:35.536218+00:00,Gabah Kering Giling (GKG),,
2.0,,403.165,2021,2026-09-30T07:37:35.536218+00:00,Beras Medium,,
,,860.185,2021,2026-09-30T07:37:35.536218+00:00,Total,,
2.0,Kabupaten Kulon Progo,622.925,2022,2026-09-30T07:37:38.436940+00:00,,,
,Total,861.285,2022,2026-09-30T07:37:38.436940+00:00,,,
1.0,,437.4,2022,2026-09-30T07:37:38.437326+00:00,Gabah Kering Giling (GKG),,
2.0,,403.165,2022,2026-09-30T07:37:38.437326+00:00,Beras Medium,,
,,861.285,2022,2026-09-30T07:37:38.437326+00:00,Total,,
1.0,Kabupaten Kulon Progo,622.925,2023,2026-09-30T07:37:41.265834+00:00,,,
,Total,861.285,2023,2026-09-30T07:37:41.265834+00:00,,,
1.0,,437.4,2023,2026-09-30T07:37:41.266219+00:00,Gabah Kering Giling (GKG),,
2.0,,403.165,2023,2026-09-30T07:37:41.266219+00:00,Beras Medium,,
,,861.285,2023,2026-09-30T07:37:41.266219+00:00,Total,,
2.0,Kabupaten Kulon Progo,622.925,2024,2026-09-30T07:37:44.082526+00:00,,,
,Total,861.285,2024,2026-09-30T07:37:44.082526+00:00,,,
1.0,,437.4,2024,2026-09-30T07:37:44.082881+00:00,Gabah Kering Giling (GKG),,
2.0,,403.165,2024,2026-09-30T07:37:44.082881+00:00,Beras Medium,,
,,861.285,2024,2026-09-30T07:37:44.082881+00:00,Total,,
1.0,Kabupaten Kulon Progo,622.925,2025,2026-09-30T07:37:46.852415+00:00,,,
,Total,861.285,2025,2026-09-30T07:37:46.852415+00:00,,,
1.0,,437.4,2025,2026-09-30T07:37:46.852943+00:00,Gabah Kering Giling (GKG),,
2.0,,403.165,2025,2026-09-30T07:37:46.852943+00:00,Beras Medium,,
,,861.285,2025,2026-09-30T07:37:46.852943+00:00,Total,,
2.0,Kabupaten Kulon Progo,622.925,2026,2026-09-30T07:37:49.529700+00:00,,,
,Total,861.285,2026,2026-09-30T07:37:49.529700+00:00,,,
1.0,,437.4,2026,2026-09-30T07:37:49.530072+00:00,Gabah Kering Giling (GKG),,
2.0,,403.165,2026,2026-09-30T07:37:49.530072+00:00,Beras Medium,,
,,861.285,2026,2026-09-30T07:37:49.530072+00:00,Total,,
6.0,Kabupaten Sleman,19.0,2019,2026-10-02T07:39:40.474728+00:00,,,
,Total,880.285,2019,2026-10-02T07:39:40.474728+00:00,,,
1.0,,441.4,2019,2026-10-02T07:39:40.475027+00:00,Gabah Kering Giling (GKG),,
2.0,,418.165,2019,2026-10-02T07:39:40.475027+00:00,Beras Medium,,
,,880.285,2019,2026-10-02T07:39:40.475027+00:00,Total,,
6.0,Kabupaten Sleman,19.0,2020,2026-10-02T07:39:43.129540+00:00,,,
,Total,880.285,2020,2026-10-02T07:39:43.129540+00:00,,,
1.0,,441.4,2020,2026-10-02T07:39:43.129809+00:00,Gabah Kering Giling (GKG),,
2.0,,418.165,2020,2026-10-02T07:39:43.129809+00:00,Beras Medium,,
,,879.185,2020,2026-10-02T07:39:43.129809+00:00,Total,,
6.0,Kabupaten Sleman,19.0,2021,2026-10-02T07:39:45.826417+00:00,,,
,Total,880.285,2021,2026-10-02T07:39:45.826417+00:00,,,
1.0,,441.4,2021,2026-10-02T07:39:45.826651+00:00,Gabah Kering Giling (GKG),,
2.0,,418.165,2021,2026-10-02T07:39:45.826651+00:00,Beras Medium,,
,,879.185,2021,2026-10-02T07:39:45.826651+00:00,Total,,
6.0,Kabupaten Sleman,19.0,2022,2026-10-02T07:39:48.618475+00:00,,,
,Total,880.285,2022,2026-10-02T07:39:48.618475+00:00,,,
1.0,,441.4,2022,2026-10-02T07:39:48.618781+00:00,Gabah Kering Giling (GKG),,
2.0,,418.165,2022,2026-10-02T07:39:48.618781+00:00,Beras Medium,,
,,880.285,2022,2026-10-02T07:39:48.618781+00:00,Total,,
5.0,Kabupaten Sleman,19.0,2023,2026-10-02T07:39:51.382105+00:00,,,
,Total,880.285,2023,2026-10-02T07:39:51.382105+00:00,,,
1.0,,441.4,2023,2026-10-02T07:39:51.382341+00:00,Gabah Kering Giling (GKG),,
2.0,,418.165,2023,2026-10-02T07:39:51.382341+00:00,Beras Medium,,
,,880.285,2023,2026-10-02T07:39:51.382341+00:00,Total,,
6.0,Kabupaten Sleman,19.0,2024,2026-10-02T07:39:54.109823+00:00,,,
,Total,880.285,2024,2026-10-02T07:39:54.109823+00:00,,,
1.0,,441.4,2024,2026-10-02T07:39:54.110080+00:00,Gabah Kering Giling (GKG),,
2.0,,418.165,2024,2026-10-02T07:39:54.110080+00:00,Beras Medium,,
,,880.285,2024,2026-10-02T07:39:54.110080+00:00,Total,,
5.0,Kabupaten Sleman,19.0,2025,2026-10-02T07:39:56.814887+00:00,,,
,Total,880.285,2025,2026-10-02T07:39:56.814887+00:00,,,
1.0,,441.4,2025,2026-10-02T07:39:56.815254+00:00,Gabah Kering Giling (GKG),,
2.0,,418.165,2025,2026-10-02T07:39:56.815254+00:00,Beras Medium,,
,,880.285,2025,2026-10-02T07:39:56.815254+00:00,Total,,
6.0,Kabupaten Sleman,19.0,2026,2026-10-02T07:39:59.587241+00:00,,,
,Total,880.285,2026,2026-10-02T07:39:59.587241+00:00,,,
1.0,,441.4,2026,2026-10-02T07:39:59.587470+00:00,Gabah Kering Giling (GKG),,
2.0,,418.165,2026,2026-10-02T07:39:59.587470+00:00,Beras Medium,,
,,880.285,2026,2026-10-02T07:39:59.587470+00:00,Total,,
3.0,Kabupaten Bantul,142.4,2019,2026-10-02T11:38:13.668482+00:00,,,
,Total,888.085,2019,2026-10-02T11:38:13.668482+00:00,,,
1.0,,445.75,2019,2026-10-02T11:38:13.668985+00:00,Gabah Kering Giling (GKG),,
2.0,,420.665,2019,2026-10-02T11:38:13.668985+00:00,Beras Medium,,
3.0,,20.57,2019,2026-10-02T11:38:13.668985+00:00,Beras Premium,,
,,888.085,2019,2026-10-02T11:38:13.668985+00:00,Total,,
3.0,Kabupaten Bantul,142.4,2020,2026-10-02T11:38:16.552391+00:00,,,
,Total,888.085,2020,2026-10-02T11:38:16.552391+00:00,,,
1.0,,445.75,2020,2026-10-02T11:38:16.552862+00:00,Gabah Kering Giling (GKG),,
2.0,,420.665,2020,2026-10-02T11:38:16.552862+00:00,Beras Medium,,
3.0,,20.57,2020,2026-10-02T11:38:16.552862+00:00,Beras Premium,,
,,886.985,2020,2026-10-02T11:38:16.552862+00:00,Total,,
3.0,Kabupaten Bantul,142.4,2021,2026-10-02T11:38:19.428524+00:00,,,
,Total,888.085,2021,2026-10-02T11:38:19.428524+00:00,,,
1.0,,445.75,2021,2026-10-02T11:38:19.428976+00:00,Gabah Kering Giling (GKG),,
2.0,,420.665,2021,2026-10-02T11:38:19.428976+00:00,Beras Medium,,
3.0,,20.57,2021,2026-10-02T11:38:19.428976+00:00,Beras Premium,,
,,886.985,2021,2026-10-02T11:38:19.428976+00:00,Total,,
3.0,Kabupaten Bantul,142.4,2022,2026-10-02T11:38:22.417065+00:00,,,
,Total,888.085,2022,2026-10-02T11:38:22.417065+00:00,,,
1.0,,445.75,2022,2026-10-02T11:38:22.417467+00:00,Gabah Kering Giling (GKG),,
2.0,,420.665,2022,2026-10-02T11:38:22.417467+00:00,Beras Medium,,
3.0,,20.57,2022,2026-10-02T11:38:22.417467+00:00,Beras Premium,,
,,888.085,2022,2026-10-02T11:38:22.417467+00:00,Total,,
2.0,Kabupaten Bantul,142.4,2023,2026-10-02T11:38:25.390244+00:00,,,
,Total,888.085,2023,2026-10-02T11:38:25.390244+00:00,,,
1.0,,445.75,2023,2026-10-02T11:38:25.390677+00:00,Gabah Kering Giling (GKG),,
2.0,,420.665,2023,2026-10-02T11:38:25.390677+00:00,Beras Medium,,
3.0,,20.57,2023,2026-10-02T11:38:25.390677+00:00,Beras Premium,,
,,888.085,2023,2026-10-02T11:38:25.390677+00:00,Total,,
3.0,Kabupaten Bantul,142.4,2024,2026-10-02T11:38:28.268262+00:00,,,
,Total,888.085,2024,2026-10-02T11:38:28.268262+00:00,,,
1.0,,445.75,2024,2026-10-02T11:38:28.268684+00:00,Gabah Kering Giling (GKG),,
2.0,,420.665,2024,2026-10-02T11:38:28.268684+00:00,Beras Medium,,
3.0,,20.57,2024,2026-10-02T11:38:28.268684+00:00,Beras Premium,,
,,888.085,2024,2026-10-02T11:38:28.268684+00:00,Total,,
2.0,Kabupaten Bantul,142.4,2025,2026-10-02T11:38:31.100062+00:00,,,
,Total,888.085,2025,2026-10-02T11:38:31.100062+00:00,,,
1.0,,445.75,2025,2026-10-02T11:38:31.100610+00:00,Gabah Kering Giling (GKG),,
2.0,,420.665,2025,2026-10-02T11:38:31.100610+00:00,Beras Medium,,
3.0,,20.57,2025,2026-10-02T11:38:31.100610+00:00,Beras Premium,,
,,888.085,2025,2026-10-02T11:38:31.100610+00:00,Total,,
3.0,Kabupaten Bantul,142.4,2026,2026-10-02T11:38:34.077061+00:00,,,
,Total,888.085,2026,2026-10-02T11:38:34.077061+00:00,,,
1.0,,445.75,2026,2026-10-02T11:38:34.077459+00:00,Gabah Kering Giling (GKG),,
2.0,,420.665,2026,2026-10-02T11:38:34.077459+00:00,Beras Medium,,
3.0,,20.57,2026,2026-10-02T11:38:34.077459+00:00,Beras Premium,,
,,888.085,2026,2026-10-02T11:38:34.077459+00:00,Total,,
4.0,Kabupaten Gunung Kidul,28.1,2019,2026-10-05T01:12:10.776959+00:00,,,
,Total,906.885,2019,2026-10-05T01:12:10.776959+00:00,,,
1.0,,463.25,2019,2026-10-05T01:12:10.777389+00:00,Gabah Kering Giling (GKG),,
2.0,,421.965,2019,2026-10-05T01:12:10.777389+00:00,Beras Medium,,
,,906.885,2019,2026-10-05T01:12:10.777389+00:00,Total,,
4.0,Kabupaten Gunung Kidul,28.1,2020,2026-10-05T01:12:13.370669+00:00,,,
,Total,906.885,2020,2026-10-05T01:12:13.370669+00:00,,,
1.0,,463.25,2020,2026-10-05T01:12:13.371075+00:00,Gabah Kering Giling (GKG),,
2.0,,421.965,2020,2026-10-05T01:12:13.371075+00:00,Beras Medium,,
,,905.785,2020,2026-10-05T01:12:13.371075+00:00,Total,,
4.0,Kabupaten Gunung Kidul,28.1,2021,2026-10-05T01:12:15.993316+00:00,,,
,Total,906.885,2021,2026-10-05T01:12:15.993316+00:00,,,
1.0,,463.25,2021,2026-10-05T01:12:15.993715+00:00,Gabah Kering Giling (GKG),,
2.0,,421.965,2021,2026-10-05T01:12:15.993715+00:00,Beras Medium,,
,,905.785,2021,2026-10-05T01:12:15.993715+00:00,Total,,
4.0,Kabupaten Gunung Kidul,28.1,2022,2026-10-05T01:12:23.310733+00:00,,,
,Total,906.885,2022,2026-10-05T01:12:23.310733+00:00,,,
1.0,,463.25,2022,2026-10-05T01:12:23.311088+00:00,Gabah Kering Giling (GKG),,
2.0,,421.965,2022,2026-10-05T01:12:23.311088+00:00,Beras Medium,,
,,906.885,2022,2026-10-05T01:12:23.311088+00:00,Total,,
3.0,Kabupaten Gunung Kidul,28.1,2023,2026-10-05T01:12:25.972081+00:00,,,
,Total,906.885,2023,2026-10-05T01:12:25.972081+00:00,,,
1.0,,463.25,2023,2026-10-05T01:12:25.972471+00:00,Gabah Kering Giling (GKG),,
2.0,,421.965,2023,2026-10-05T01:12:25.972471+00:00,Beras Medium,,
,,906.885,2023,2026-10-05T01:12:25.972471+00:00,Total,,
4.0,Kabupaten Gunung Kidul,28.1,2024,2026-10-05T01:12:28.666266+00:00,,,
,Total,906.885,2024,2026-10-05T01:12:28.666266+00:00,,,
1.0,,463.25,2024,2026-10-05T01:12:28.666652+00:00,Gabah Kering Giling (GKG),,
2.0,,421.965,2024,2026-10-05T01:12:28.666652+00:00,Beras Medium,,
,,906.885,2024,2026-10-05T01:12:28.666652+00:00,Total,,
3.0,Kabupaten Gunung Kidul,28.1,2025,2026-10-05T01:12:31.250278+00:00,,,
,Total,906.885,2025,2026-10-05T01:12:31.250278+00:00,,,
1.0,,463.25,2025,2026-10-05T01:12:31.250799+00:00,Gabah Kering Giling (GKG),,
2.0,,421.965,2025,2026-10-05T01:12:31.250799+00:00,Beras Medium,,
,,906.885,2025,2026-10-05T01:12:31.250799+00:00,Total,,
4.0,Kabupaten Gunung Kidul,28.1,2026,2026-10-05T01:12:42.941638+00:00,,,
,Total,906.885,2026,2026-10-05T01:12:42.941638+00:00,,,
1.0,,463.25,2026,2026-10-05T01:12:42.941997+00:00,Gabah Kering Giling (GKG),,
2.0,,421.965,2026,2026-10-05T01:12:42.941997+00:00,Beras Medium,,
,,906.885,2026,2026-10-05T01:12:42.941997+00:00,Total,,
5.0,Kota Yogyakarta,73.54,2019,2026-10-05T07:50:08.217576+00:00,,,
,Total,73.54,2019,2026-10-05T07:50:08.217576+00:00,,,
2.0,,69.02,2019,2026-10-05T07:50:08.218063+00:00,Beras Medium,,
3.0,,4.52,2019,2026-10-05T07:50:08.218063+00:00,Beras Premium,,
,,73.54,2019,2026-10-05T07:50:08.218063+00:00,Total,,
5.0,Kota Yogyakarta,73.54,2020,2026-10-05T07:50:11.213610+00:00,,,
,Total,73.54,2020,2026-10-05T07:50:11.213610+00:00,,,
2.0,,69.02,2020,2026-10-05T07:50:11.214045+00:00,Beras Medium,,
3.0,,4.52,2020,2026-10-05T07:50:11.214045+00:00,Beras Premium,,
,,73.54,2020,2026-10-05T07:50:11.214045+00:00,Total,,
5.0,Kota Yogyakarta,73.54,2021,2026-10-05T07:50:14.125697+00:00,,,
,Total,73.54,2021,2026-10-05T07:50:14.125697+00:00,,,
2.0,,69.02,2021,2026-10-05T07:50:14.126101+00:00,Beras Medium,,
3.0,,4.52,2021,2026-10-05T07:50:14.126101+00:00,Beras Premium,,
,,73.54,2021,2026-10-05T07:50:14.126101+00:00,Total,,
5.0,Kota Yogyakarta,73.54,2022,2026-10-05T07:50:17.165397+00:00,,,
,Total,73.54,2022,2026-10-05T07:50:17.165397+00:00,,,
2.0,,69.02,2022,2026-10-05T07:50:17.165820+00:00,Beras Medium,,
3.0,,4.52,2022,2026-10-05T07:50:17.165820+00:00,Beras Premium,,
,,73.54,2022,2026-10-05T07:50:17.165820+00:00,Total,,
4.0,Kota Yogyakarta,73.54,2023,2026-10-05T07:50:20.128580+00:00,,,
,Total,73.54,2023,2026-10-05T07:50:20.128580+00:00,,,
2.0,,69.02,2023,2026-10-05T07:50:20.128990+00:00,Beras Medium,,
3.0,,4.52,2023,2026-10-05T07:50:20.128990+00:00,Beras Premium,,
,,73.54,2023,2026-10-05T07:50:20.128990+00:00,Total,,
5.0,Kota Yogyakarta,73.54,2024,2026-10-05T07:50:23.014560+00:00,,,
,Total,73.54,2024,2026-10-05T07:50:23.014560+00:00,,,
2.0,,69.02,2024,2026-10-05T07:50:23.014955+00:00,Beras Medium,,
3.0,,4.52,2024,2026-10-05T07:50:23.014955+00:00,Beras Premium,,
,,73.54,2024,2026-10-05T07:50:23.014955+00:00,Total,,
4.0,Kota Yogyakarta,73.54,2025,2026-10-05T07:50:25.838981+00:00,,,
,Total,73.54,2025,2026-10-05T07:50:25.838981+00:00,,,
2.0,,69.02,2025,2026-10-05T07:50:25.839530+00:00,Beras Medium,,
3.0,,4.52,2025,2026-10-05T07:50:25.839530+00:00,Beras Premium,,
,,73.54,2025,2026-10-05T07:50:25.839530+00:00,Total,,
5.0,Kota Yogyakarta,73.54,2026,2026-10-05T07:50:28.689561+00:00,,,
,Total,73.54,2026,2026-10-05T07:50:28.689561+00:00,,,
2.0,,69.02,2026,2026-10-05T07:50:28.689964+00:00,Beras Medium,,
3.0,,4.52,2026,2026-10-05T07:50:28.689964+00:00,Beras Premium,,
,,73.54,2026,2026-10-05T07:50:28.689964+00:00,Total,,
