musim,tahun,suhu_permukaan_laut_c,anomali_nino34_c,status_enso,diambil_pada_utc
DJF,1950,25.01,-1.32,La Nina moderat,2026-08-30T08:49:44.391354+00:00
JFM,1950,25.36,-1.2,La Nina moderat,2026-08-30T08:49:44.391379+00:00
FMA,1950,25.88,-1.12,La Nina moderat,2026-08-30T08:49:44.391389+00:00
MAM,1950,26.24,-1.08,La Nina moderat,2026-08-30T08:49:44.391395+00:00
AMJ,1950,26.35,-1.1,La Nina moderat,2026-08-30T08:49:44.391402+00:00
MJJ,1950,26.32,-0.9,La Nina lemah,2026-08-30T08:49:44.391409+00:00
JJA,1950,26.24,-0.62,La Nina lemah,2026-08-30T08:49:44.391420+00:00
JAS,1950,25.94,-0.57,La Nina lemah,2026-08-30T08:49:44.391428+00:00
ASO,1950,25.76,-0.56,La Nina lemah,2026-08-30T08:49:44.391434+00:00
SON,1950,25.6,-0.62,La Nina lemah,2026-08-30T08:49:44.391441+00:00
OND,1950,25.55,-0.66,La Nina lemah,2026-08-30T08:49:44.391448+00:00
NDJ,1950,25.41,-0.79,La Nina lemah,2026-08-30T08:49:44.391454+00:00
DJF,1951,25.67,-0.66,La Nina lemah,2026-08-30T08:49:44.391460+00:00
JFM,1951,26.2,-0.36,Netral,2026-08-30T08:49:44.391466+00:00
FMA,1951,26.96,-0.04,Netral,2026-08-30T08:49:44.391472+00:00
MAM,1951,27.48,0.16,Netral,2026-08-30T08:49:44.391478+00:00
AMJ,1951,27.72,0.27,Netral,2026-08-30T08:49:44.391484+00:00
MJJ,1951,27.72,0.5,El Nino lemah,2026-08-30T08:49:44.391496+00:00
JJA,1951,27.57,0.71,El Nino lemah,2026-08-30T08:49:44.391502+00:00
JAS,1951,27.41,0.9,El Nino lemah,2026-08-30T08:49:44.391508+00:00
ASO,1951,27.34,1.02,El Nino moderat,2026-08-30T08:49:44.391514+00:00
SON,1951,27.25,1.03,El Nino moderat,2026-08-30T08:49:44.391520+00:00
OND,1951,27.18,0.96,El Nino lemah,2026-08-30T08:49:44.391525+00:00
NDJ,1951,26.91,0.71,El Nino lemah,2026-08-30T08:49:44.391531+00:00
DJF,1952,26.86,0.52,El Nino lemah,2026-08-30T08:49:44.391541+00:00
JFM,1952,26.82,0.27,Netral,2026-08-30T08:49:44.391548+00:00
FMA,1952,27.33,0.33,Netral,2026-08-30T08:49:44.391554+00:00
MAM,1952,27.5,0.18,Netral,2026-08-30T08:49:44.391560+00:00
AMJ,1952,27.38,-0.07,Netral,2026-08-30T08:49:44.391566+00:00
MJJ,1952,26.78,-0.44,Netral,2026-08-30T08:49:44.391572+00:00
JJA,1952,26.41,-0.45,Netral,2026-08-30T08:49:44.391583+00:00
JAS,1952,26.31,-0.2,Netral,2026-08-30T08:49:44.391590+00:00
ASO,1952,26.35,0.03,Netral,2026-08-30T08:49:44.391602+00:00
SON,1952,26.26,0.04,Netral,2026-08-30T08:49:44.391608+00:00
OND,1952,26.11,-0.11,Netral,2026-08-30T08:49:44.391614+00:00
NDJ,1952,26.25,0.06,Netral,2026-08-30T08:49:44.391620+00:00
DJF,1953,26.58,0.25,Netral,2026-08-30T08:49:44.391630+00:00
JFM,1953,27.06,0.5,El Nino lemah,2026-08-30T08:49:44.391635+00:00
FMA,1953,27.48,0.48,Netral,2026-08-30T08:49:44.391642+00:00
MAM,1953,27.88,0.56,El Nino lemah,2026-08-30T08:49:44.391648+00:00
AMJ,1953,28.22,0.77,El Nino lemah,2026-08-30T08:49:44.391654+00:00
MJJ,1953,27.96,0.74,El Nino lemah,2026-08-30T08:49:44.391660+00:00
JJA,1953,27.49,0.63,El Nino lemah,2026-08-30T08:49:44.391666+00:00
JAS,1953,27.19,0.68,El Nino lemah,2026-08-30T08:49:44.391671+00:00
ASO,1953,26.91,0.59,El Nino lemah,2026-08-30T08:49:44.391677+00:00
SON,1953,27.0,0.78,El Nino lemah,2026-08-30T08:49:44.391685+00:00
OND,1953,26.74,0.52,El Nino lemah,2026-08-30T08:49:44.391691+00:00
NDJ,1953,26.76,0.56,El Nino lemah,2026-08-30T08:49:44.391697+00:00
DJF,1954,26.74,0.41,Netral,2026-08-30T08:49:44.391703+00:00
JFM,1954,26.91,0.35,Netral,2026-08-30T08:49:44.391709+00:00
FMA,1954,27.01,0.01,Netral,2026-08-30T08:49:44.391714+00:00
MAM,1954,27.04,-0.27,Netral,2026-08-30T08:49:44.391724+00:00
AMJ,1954,26.97,-0.48,Netral,2026-08-30T08:49:44.391730+00:00
MJJ,1954,26.74,-0.48,Netral,2026-08-30T08:49:44.391737+00:00
JJA,1954,26.18,-0.67,La Nina lemah,2026-08-30T08:49:44.391743+00:00
JAS,1954,25.68,-0.83,La Nina lemah,2026-08-30T08:49:44.391749+00:00
ASO,1954,25.58,-0.73,La Nina lemah,2026-08-30T08:49:44.391759+00:00
SON,1954,25.7,-0.52,La Nina lemah,2026-08-30T08:49:44.391766+00:00
OND,1954,25.82,-0.4,Netral,2026-08-30T08:49:44.391772+00:00
NDJ,1954,25.76,-0.44,Netral,2026-08-30T08:49:44.391778+00:00
DJF,1955,25.83,-0.5,La Nina lemah,2026-08-30T08:49:44.391784+00:00
JFM,1955,26.08,-0.48,Netral,2026-08-30T08:49:44.391791+00:00
FMA,1955,26.42,-0.58,La Nina lemah,2026-08-30T08:49:44.391796+00:00
MAM,1955,26.56,-0.76,La Nina lemah,2026-08-30T08:49:44.391803+00:00
AMJ,1955,26.67,-0.78,La Nina lemah,2026-08-30T08:49:44.391810+00:00
MJJ,1955,26.34,-0.88,La Nina lemah,2026-08-30T08:49:44.391816+00:00
JJA,1955,26.13,-0.72,La Nina lemah,2026-08-30T08:49:44.391825+00:00
JAS,1955,25.59,-0.92,La Nina lemah,2026-08-30T08:49:44.391831+00:00
ASO,1955,25.21,-1.11,La Nina moderat,2026-08-30T08:49:44.391837+00:00
SON,1955,24.78,-1.44,La Nina moderat,2026-08-30T08:49:44.391843+00:00
OND,1955,24.63,-1.59,La Nina kuat,2026-08-30T08:49:44.391849+00:00
NDJ,1955,24.73,-1.51,La Nina kuat,2026-08-30T08:49:44.391854+00:00
DJF,1956,25.2,-1.17,La Nina moderat,2026-08-30T08:49:44.391863+00:00
JFM,1956,25.82,-0.81,La Nina lemah,2026-08-30T08:49:44.391868+00:00
FMA,1956,26.47,-0.57,La Nina lemah,2026-08-30T08:49:44.391874+00:00
MAM,1956,26.84,-0.51,La Nina lemah,2026-08-30T08:49:44.391882+00:00
AMJ,1956,27.0,-0.49,Netral,2026-08-30T08:49:44.391888+00:00
MJJ,1956,26.81,-0.47,Netral,2026-08-30T08:49:44.391895+00:00
JJA,1956,26.37,-0.55,La Nina lemah,2026-08-30T08:49:44.391901+00:00
JAS,1956,26.02,-0.52,La Nina lemah,2026-08-30T08:49:44.391907+00:00
ASO,1956,25.9,-0.43,Netral,2026-08-30T08:49:44.391913+00:00
SON,1956,25.85,-0.39,Netral,2026-08-30T08:49:44.391920+00:00
OND,1956,25.87,-0.37,Netral,2026-08-30T08:49:44.391926+00:00
NDJ,1956,25.87,-0.39,Netral,2026-08-30T08:49:44.391931+00:00
DJF,1957,26.11,-0.27,Netral,2026-08-30T08:49:44.391936+00:00
JFM,1957,26.57,-0.06,Netral,2026-08-30T08:49:44.391942+00:00
FMA,1957,27.3,0.26,Netral,2026-08-30T08:49:44.391948+00:00
MAM,1957,27.99,0.63,El Nino lemah,2026-08-30T08:49:44.391956+00:00
AMJ,1957,28.21,0.72,El Nino lemah,2026-08-30T08:49:44.391962+00:00
MJJ,1957,28.09,0.82,El Nino lemah,2026-08-30T08:49:44.391968+00:00
JJA,1957,27.88,0.96,El Nino lemah,2026-08-30T08:49:44.391973+00:00
JAS,1957,27.57,1.03,El Nino moderat,2026-08-30T08:49:44.391979+00:00
ASO,1957,27.45,1.12,El Nino moderat,2026-08-30T08:49:44.391984+00:00
SON,1957,27.38,1.15,El Nino moderat,2026-08-30T08:49:44.392016+00:00
OND,1957,27.63,1.39,El Nino moderat,2026-08-30T08:49:44.392029+00:00
NDJ,1957,27.87,1.62,El Nino kuat,2026-08-30T08:49:44.392038+00:00
DJF,1958,28.07,1.69,El Nino kuat,2026-08-30T08:49:44.392044+00:00
JFM,1958,28.21,1.59,El Nino kuat,2026-08-30T08:49:44.392049+00:00
FMA,1958,28.21,1.17,El Nino moderat,2026-08-30T08:49:44.392055+00:00
MAM,1958,28.2,0.84,El Nino lemah,2026-08-30T08:49:44.392061+00:00
AMJ,1958,28.06,0.57,El Nino lemah,2026-08-30T08:49:44.392067+00:00
MJJ,1958,27.77,0.49,Netral,2026-08-30T08:49:44.392072+00:00
JJA,1958,27.36,0.43,Netral,2026-08-30T08:49:44.392078+00:00
JAS,1958,26.86,0.32,Netral,2026-08-30T08:49:44.392083+00:00
ASO,1958,26.61,0.28,Netral,2026-08-30T08:49:44.392089+00:00
SON,1958,26.53,0.3,Netral,2026-08-30T08:49:44.392095+00:00
OND,1958,26.6,0.36,Netral,2026-08-30T08:49:44.392101+00:00
NDJ,1958,26.82,0.56,El Nino lemah,2026-08-30T08:49:44.392107+00:00
DJF,1959,26.99,0.6,El Nino lemah,2026-08-30T08:49:44.392112+00:00
JFM,1959,27.27,0.64,El Nino lemah,2026-08-30T08:49:44.392122+00:00
FMA,1959,27.51,0.48,Netral,2026-08-30T08:49:44.392129+00:00
MAM,1959,27.75,0.39,Netral,2026-08-30T08:49:44.392135+00:00
AMJ,1959,27.73,0.24,Netral,2026-08-30T08:49:44.392142+00:00
MJJ,1959,27.29,0.02,Netral,2026-08-30T08:49:44.392148+00:00
JJA,1959,26.74,-0.19,Netral,2026-08-30T08:49:44.392157+00:00
JAS,1959,26.31,-0.23,Netral,2026-08-30T08:49:44.392164+00:00
ASO,1959,26.29,-0.04,Netral,2026-08-30T08:49:44.392171+00:00
SON,1959,26.34,0.11,Netral,2026-08-30T08:49:44.392178+00:00
OND,1959,26.47,0.23,Netral,2026-08-30T08:49:44.392184+00:00
NDJ,1959,26.4,0.14,Netral,2026-08-30T08:49:44.392191+00:00
DJF,1960,26.4,0.02,Netral,2026-08-30T08:49:44.392197+00:00
JFM,1960,26.65,0.03,Netral,2026-08-30T08:49:44.392203+00:00
FMA,1960,27.1,0.06,Netral,2026-08-30T08:49:44.392215+00:00
MAM,1960,27.52,0.17,Netral,2026-08-30T08:49:44.392222+00:00
AMJ,1960,27.53,0.04,Netral,2026-08-30T08:49:44.392228+00:00
MJJ,1960,27.27,0.0,Netral,2026-08-30T08:49:44.392235+00:00
JJA,1960,26.93,0.01,Netral,2026-08-30T08:49:44.392241+00:00
JAS,1960,26.69,0.15,Netral,2026-08-30T08:49:44.392248+00:00
ASO,1960,26.52,0.19,Netral,2026-08-30T08:49:44.392254+00:00
SON,1960,26.32,0.08,Netral,2026-08-30T08:49:44.392261+00:00
OND,1960,26.17,-0.07,Netral,2026-08-30T08:49:44.392271+00:00
NDJ,1960,26.16,-0.07,Netral,2026-08-30T08:49:44.392278+00:00
DJF,1961,26.34,0.0,Netral,2026-08-30T08:49:44.392285+00:00
JFM,1961,26.6,0.03,Netral,2026-08-30T08:49:44.392291+00:00
FMA,1961,26.98,0.01,Netral,2026-08-30T08:49:44.392302+00:00
MAM,1961,27.33,0.05,Netral,2026-08-30T08:49:44.392308+00:00
AMJ,1961,27.62,0.22,Netral,2026-08-30T08:49:44.392314+00:00
MJJ,1961,27.41,0.22,Netral,2026-08-30T08:49:44.392320+00:00
JJA,1961,26.94,0.08,Netral,2026-08-30T08:49:44.392326+00:00
JAS,1961,26.32,-0.2,Netral,2026-08-30T08:49:44.392332+00:00
ASO,1961,26.01,-0.32,Netral,2026-08-30T08:49:44.392338+00:00
SON,1961,26.02,-0.22,Netral,2026-08-30T08:49:44.392344+00:00
OND,1961,26.09,-0.11,Netral,2026-08-30T08:49:44.392350+00:00
NDJ,1961,26.14,-0.05,Netral,2026-08-30T08:49:44.392356+00:00
DJF,1962,26.16,-0.16,Netral,2026-08-30T08:49:44.392362+00:00
JFM,1962,26.4,-0.17,Netral,2026-08-30T08:49:44.392367+00:00
FMA,1962,26.83,-0.15,Netral,2026-08-30T08:49:44.392373+00:00
MAM,1962,27.09,-0.2,Netral,2026-08-30T08:49:44.392379+00:00
AMJ,1962,27.21,-0.19,Netral,2026-08-30T08:49:44.392384+00:00
MJJ,1962,27.06,-0.13,Netral,2026-08-30T08:49:44.392390+00:00
JJA,1962,26.85,0.0,Netral,2026-08-30T08:49:44.392395+00:00
JAS,1962,26.42,-0.1,Netral,2026-08-30T08:49:44.392405+00:00
ASO,1962,26.17,-0.16,Netral,2026-08-30T08:49:44.392410+00:00
SON,1962,25.98,-0.25,Netral,2026-08-30T08:49:44.392419+00:00
OND,1962,25.95,-0.25,Netral,2026-08-30T08:49:44.392428+00:00
NDJ,1962,25.87,-0.32,Netral,2026-08-30T08:49:44.392433+00:00
DJF,1963,25.98,-0.33,Netral,2026-08-30T08:49:44.392439+00:00
JFM,1963,26.4,-0.17,Netral,2026-08-30T08:49:44.392444+00:00
FMA,1963,26.99,0.01,Netral,2026-08-30T08:49:44.392449+00:00
MAM,1963,27.41,0.13,Netral,2026-08-30T08:49:44.392455+00:00
AMJ,1963,27.52,0.12,Netral,2026-08-30T08:49:44.392461+00:00
MJJ,1963,27.64,0.45,Netral,2026-08-30T08:49:44.392467+00:00
JJA,1963,27.61,0.76,El Nino lemah,2026-08-30T08:49:44.392473+00:00
JAS,1963,27.61,1.09,El Nino moderat,2026-08-30T08:49:44.392479+00:00
ASO,1963,27.42,1.09,El Nino moderat,2026-08-30T08:49:44.392484+00:00
SON,1963,27.37,1.13,El Nino moderat,2026-08-30T08:49:44.392490+00:00
OND,1963,27.39,1.19,El Nino moderat,2026-08-30T08:49:44.392495+00:00
NDJ,1963,27.33,1.13,El Nino moderat,2026-08-30T08:49:44.392501+00:00
DJF,1964,27.26,0.95,El Nino lemah,2026-08-30T08:49:44.392506+00:00
JFM,1964,27.09,0.52,El Nino lemah,2026-08-30T08:49:44.392512+00:00
FMA,1964,27.04,0.06,Netral,2026-08-30T08:49:44.392518+00:00
MAM,1964,26.93,-0.35,Netral,2026-08-30T08:49:44.392524+00:00
AMJ,1964,26.8,-0.6,La Nina lemah,2026-08-30T08:49:44.392530+00:00
MJJ,1964,26.53,-0.66,La Nina lemah,2026-08-30T08:49:44.392544+00:00
JJA,1964,26.19,-0.67,La Nina lemah,2026-08-30T08:49:44.392551+00:00
JAS,1964,25.82,-0.7,La Nina lemah,2026-08-30T08:49:44.392558+00:00
ASO,1964,25.6,-0.72,La Nina lemah,2026-08-30T08:49:44.392565+00:00
SON,1964,25.44,-0.8,La Nina lemah,2026-08-30T08:49:44.392571+00:00
OND,1964,25.41,-0.79,La Nina lemah,2026-08-30T08:49:44.392578+00:00
NDJ,1964,25.45,-0.75,La Nina lemah,2026-08-30T08:49:44.392584+00:00
DJF,1965,25.8,-0.51,La Nina lemah,2026-08-30T08:49:44.392590+00:00
JFM,1965,26.32,-0.25,Netral,2026-08-30T08:49:44.392597+00:00
FMA,1965,26.93,-0.04,Netral,2026-08-30T08:49:44.392604+00:00
MAM,1965,27.45,0.16,Netral,2026-08-30T08:49:44.392610+00:00
AMJ,1965,27.86,0.47,Netral,2026-08-30T08:49:44.392617+00:00
MJJ,1965,27.98,0.79,El Nino lemah,2026-08-30T08:49:44.392623+00:00
JJA,1965,27.95,1.1,El Nino moderat,2026-08-30T08:49:44.392634+00:00
JAS,1965,27.79,1.27,El Nino moderat,2026-08-30T08:49:44.392640+00:00
ASO,1965,27.87,1.55,El Nino kuat,2026-08-30T08:49:44.392646+00:00
SON,1965,27.93,1.7,El Nino kuat,2026-08-30T08:49:44.392652+00:00
OND,1965,28.02,1.82,El Nino kuat,2026-08-30T08:49:44.392659+00:00
NDJ,1965,27.83,1.6,El Nino kuat,2026-08-30T08:49:44.392664+00:00
DJF,1966,27.61,1.24,El Nino moderat,2026-08-30T08:49:44.392675+00:00
JFM,1966,27.6,0.95,El Nino lemah,2026-08-30T08:49:44.392682+00:00
FMA,1966,27.79,0.76,El Nino lemah,2026-08-30T08:49:44.392691+00:00
MAM,1966,27.77,0.43,Netral,2026-08-30T08:49:44.392698+00:00
AMJ,1966,27.68,0.24,Netral,2026-08-30T08:49:44.392705+00:00
MJJ,1966,27.44,0.18,Netral,2026-08-30T08:49:44.392712+00:00
JJA,1966,27.18,0.25,Netral,2026-08-30T08:49:44.392717+00:00
JAS,1966,26.73,0.13,Netral,2026-08-30T08:49:44.392724+00:00
ASO,1966,26.34,-0.09,Netral,2026-08-30T08:49:44.392730+00:00
SON,1966,26.27,-0.12,Netral,2026-08-30T08:49:44.392736+00:00
OND,1966,26.17,-0.23,Netral,2026-08-30T08:49:44.392743+00:00
NDJ,1966,26.02,-0.35,Netral,2026-08-30T08:49:44.392748+00:00
DJF,1967,25.97,-0.46,Netral,2026-08-30T08:49:44.392755+00:00
JFM,1967,26.18,-0.48,Netral,2026-08-30T08:49:44.392761+00:00
FMA,1967,26.53,-0.5,La Nina lemah,2026-08-30T08:49:44.392767+00:00
MAM,1967,26.97,-0.37,Netral,2026-08-30T08:49:44.392773+00:00
AMJ,1967,27.3,-0.15,Netral,2026-08-30T08:49:44.392780+00:00
MJJ,1967,27.31,0.05,Netral,2026-08-30T08:49:44.392786+00:00
JJA,1967,26.92,-0.02,Netral,2026-08-30T08:49:44.392793+00:00
JAS,1967,26.33,-0.26,Netral,2026-08-30T08:49:44.392799+00:00
ASO,1967,26.03,-0.4,Netral,2026-08-30T08:49:44.392811+00:00
SON,1967,25.99,-0.4,Netral,2026-08-30T08:49:44.392818+00:00
OND,1967,26.03,-0.36,Netral,2026-08-30T08:49:44.392825+00:00
NDJ,1967,25.95,-0.42,Netral,2026-08-30T08:49:44.392836+00:00
DJF,1968,25.81,-0.62,La Nina lemah,2026-08-30T08:49:44.392843+00:00
JFM,1968,25.92,-0.73,La Nina lemah,2026-08-30T08:49:44.392849+00:00
FMA,1968,26.41,-0.63,La Nina lemah,2026-08-30T08:49:44.392860+00:00
MAM,1968,26.85,-0.48,Netral,2026-08-30T08:49:44.392867+00:00
AMJ,1968,27.35,-0.1,Netral,2026-08-30T08:49:44.392874+00:00
MJJ,1968,27.43,0.17,Netral,2026-08-30T08:49:44.392881+00:00
JJA,1968,27.37,0.44,Netral,2026-08-30T08:49:44.392888+00:00
JAS,1968,26.97,0.38,Netral,2026-08-30T08:49:44.392893+00:00
ASO,1968,26.78,0.34,Netral,2026-08-30T08:49:44.392900+00:00
SON,1968,26.9,0.5,El Nino lemah,2026-08-30T08:49:44.392905+00:00
OND,1968,27.06,0.66,El Nino lemah,2026-08-30T08:49:44.392912+00:00
NDJ,1968,27.3,0.93,El Nino lemah,2026-08-30T08:49:44.392918+00:00
DJF,1969,27.42,0.98,El Nino lemah,2026-08-30T08:49:44.392924+00:00
JFM,1969,27.63,0.98,El Nino lemah,2026-08-30T08:49:44.392931+00:00
FMA,1969,27.8,0.77,El Nino lemah,2026-08-30T08:49:44.392936+00:00
MAM,1969,28.02,0.69,El Nino lemah,2026-08-30T08:49:44.392951+00:00
AMJ,1969,28.06,0.62,El Nino lemah,2026-08-30T08:49:44.392958+00:00
MJJ,1969,27.74,0.48,Netral,2026-08-30T08:49:44.392964+00:00
JJA,1969,27.3,0.37,Netral,2026-08-30T08:49:44.392970+00:00
JAS,1969,27.0,0.41,Netral,2026-08-30T08:49:44.392976+00:00
ASO,1969,27.04,0.61,El Nino lemah,2026-08-30T08:49:44.392985+00:00
SON,1969,27.11,0.71,El Nino lemah,2026-08-30T08:49:44.392991+00:00
OND,1969,27.21,0.81,El Nino lemah,2026-08-30T08:49:44.393024+00:00
NDJ,1969,27.08,0.71,El Nino lemah,2026-08-30T08:49:44.393031+00:00
DJF,1970,26.89,0.46,Netral,2026-08-30T08:49:44.393036+00:00
JFM,1970,26.89,0.23,Netral,2026-08-30T08:49:44.393042+00:00
FMA,1970,27.27,0.23,Netral,2026-08-30T08:49:44.393047+00:00
MAM,1970,27.61,0.28,Netral,2026-08-30T08:49:44.393052+00:00
AMJ,1970,27.56,0.11,Netral,2026-08-30T08:49:44.393058+00:00
MJJ,1970,27.0,-0.26,Netral,2026-08-30T08:49:44.393063+00:00
JJA,1970,26.38,-0.55,La Nina lemah,2026-08-30T08:49:44.393069+00:00
JAS,1970,25.88,-0.72,La Nina lemah,2026-08-30T08:49:44.393075+00:00
ASO,1970,25.74,-0.69,La Nina lemah,2026-08-30T08:49:44.393080+00:00
SON,1970,25.67,-0.72,La Nina lemah,2026-08-30T08:49:44.393086+00:00
OND,1970,25.61,-0.78,La Nina lemah,2026-08-30T08:49:44.393095+00:00
NDJ,1970,25.29,-1.1,La Nina moderat,2026-08-30T08:49:44.393103+00:00
DJF,1971,25.17,-1.29,La Nina moderat,2026-08-30T08:49:44.393109+00:00
JFM,1971,25.34,-1.36,La Nina moderat,2026-08-30T08:49:44.393116+00:00
FMA,1971,25.97,-1.08,La Nina moderat,2026-08-30T08:49:44.393122+00:00
MAM,1971,26.55,-0.81,La Nina lemah,2026-08-30T08:49:44.393127+00:00
AMJ,1971,26.76,-0.72,La Nina lemah,2026-08-30T08:49:44.393133+00:00
MJJ,1971,26.62,-0.69,La Nina lemah,2026-08-30T08:49:44.393143+00:00
JJA,1971,26.3,-0.68,La Nina lemah,2026-08-30T08:49:44.393149+00:00
JAS,1971,26.05,-0.6,La Nina lemah,2026-08-30T08:49:44.393154+00:00
ASO,1971,25.81,-0.68,La Nina lemah,2026-08-30T08:49:44.393160+00:00
SON,1971,25.68,-0.78,La Nina lemah,2026-08-30T08:49:44.393165+00:00
OND,1971,25.59,-0.86,La Nina lemah,2026-08-30T08:49:44.393171+00:00
NDJ,1971,25.65,-0.78,La Nina lemah,2026-08-30T08:49:44.393178+00:00
DJF,1972,25.92,-0.57,La Nina lemah,2026-08-30T08:49:44.393184+00:00
JFM,1972,26.42,-0.27,Netral,2026-08-30T08:49:44.393189+00:00
FMA,1972,27.09,0.04,Netral,2026-08-30T08:49:44.393196+00:00
MAM,1972,27.61,0.25,Netral,2026-08-30T08:49:44.393202+00:00
AMJ,1972,27.96,0.48,Netral,2026-08-30T08:49:44.393209+00:00
MJJ,1972,28.0,0.7,El Nino lemah,2026-08-30T08:49:44.393215+00:00
JJA,1972,27.98,1.0,El Nino moderat,2026-08-30T08:49:44.393226+00:00
JAS,1972,27.91,1.26,El Nino moderat,2026-08-30T08:49:44.393231+00:00
ASO,1972,27.98,1.49,El Nino moderat,2026-08-30T08:49:44.393237+00:00
SON,1972,28.14,1.69,El Nino kuat,2026-08-30T08:49:44.393243+00:00
OND,1972,28.3,1.84,El Nino kuat,2026-08-30T08:49:44.393248+00:00
NDJ,1972,28.2,1.77,El Nino kuat,2026-08-30T08:49:44.393253+00:00
DJF,1973,28.03,1.55,El Nino kuat,2026-08-30T08:49:44.393259+00:00
JFM,1973,27.82,1.13,El Nino moderat,2026-08-30T08:49:44.393264+00:00
FMA,1973,27.61,0.56,El Nino lemah,2026-08-30T08:49:44.393270+00:00
MAM,1973,27.33,-0.03,Netral,2026-08-30T08:49:44.393280+00:00
AMJ,1973,26.97,-0.51,La Nina lemah,2026-08-30T08:49:44.393286+00:00
MJJ,1973,26.51,-0.8,La Nina lemah,2026-08-30T08:49:44.393294+00:00
JJA,1973,25.99,-0.99,La Nina lemah,2026-08-30T08:49:44.393300+00:00
JAS,1973,25.54,-1.11,La Nina moderat,2026-08-30T08:49:44.393306+00:00
ASO,1973,25.23,-1.26,La Nina moderat,2026-08-30T08:49:44.393312+00:00
SON,1973,24.87,-1.58,La Nina kuat,2026-08-30T08:49:44.393318+00:00
OND,1973,24.57,-1.89,La Nina kuat,2026-08-30T08:49:44.393324+00:00
NDJ,1973,24.39,-2.04,La Nina sangat kuat,2026-08-30T08:49:44.393330+00:00
DJF,1974,24.61,-1.87,La Nina kuat,2026-08-30T08:49:44.393336+00:00
JFM,1974,25.1,-1.59,La Nina kuat,2026-08-30T08:49:44.393342+00:00
FMA,1974,25.82,-1.24,La Nina moderat,2026-08-30T08:49:44.393353+00:00
MAM,1974,26.37,-0.99,La Nina lemah,2026-08-30T08:49:44.393359+00:00
AMJ,1974,26.77,-0.71,La Nina lemah,2026-08-30T08:49:44.393365+00:00
MJJ,1974,26.67,-0.64,La Nina lemah,2026-08-30T08:49:44.393372+00:00
JJA,1974,26.52,-0.46,Netral,2026-08-30T08:49:44.393378+00:00
JAS,1974,26.25,-0.4,Netral,2026-08-30T08:49:44.393384+00:00
ASO,1974,26.02,-0.47,Netral,2026-08-30T08:49:44.393391+00:00
SON,1974,25.76,-0.69,La Nina lemah,2026-08-30T08:49:44.393397+00:00
OND,1974,25.57,-0.88,La Nina lemah,2026-08-30T08:49:44.393403+00:00
NDJ,1974,25.72,-0.71,La Nina lemah,2026-08-30T08:49:44.393410+00:00
DJF,1975,25.92,-0.56,La Nina lemah,2026-08-30T08:49:44.393421+00:00
JFM,1975,26.15,-0.55,La Nina lemah,2026-08-30T08:49:44.393427+00:00
FMA,1975,26.44,-0.61,La Nina lemah,2026-08-30T08:49:44.393433+00:00
MAM,1975,26.7,-0.66,La Nina lemah,2026-08-30T08:49:44.393439+00:00
AMJ,1975,26.68,-0.8,La Nina lemah,2026-08-30T08:49:44.393444+00:00
MJJ,1975,26.39,-0.92,La Nina lemah,2026-08-30T08:49:44.393450+00:00
JJA,1975,25.9,-1.08,La Nina moderat,2026-08-30T08:49:44.393457+00:00
JAS,1975,25.54,-1.12,La Nina moderat,2026-08-30T08:49:44.393462+00:00
ASO,1975,25.2,-1.29,La Nina moderat,2026-08-30T08:49:44.393468+00:00
SON,1975,25.14,-1.32,La Nina moderat,2026-08-30T08:49:44.393479+00:00
OND,1975,24.98,-1.47,La Nina moderat,2026-08-30T08:49:44.393486+00:00
NDJ,1975,24.84,-1.58,La Nina kuat,2026-08-30T08:49:44.393492+00:00
DJF,1976,24.98,-1.49,La Nina moderat,2026-08-30T08:49:44.393498+00:00
JFM,1976,25.55,-1.11,La Nina moderat,2026-08-30T08:49:44.393508+00:00
FMA,1976,26.37,-0.65,La Nina lemah,2026-08-30T08:49:44.393515+00:00
MAM,1976,26.87,-0.45,Netral,2026-08-30T08:49:44.393522+00:00
AMJ,1976,27.21,-0.23,Netral,2026-08-30T08:49:44.393528+00:00
MJJ,1976,27.28,0.0,Netral,2026-08-30T08:49:44.393535+00:00
JJA,1976,27.21,0.23,Netral,2026-08-30T08:49:44.393542+00:00
JAS,1976,27.09,0.4,Netral,2026-08-30T08:49:44.393548+00:00
ASO,1976,27.13,0.6,El Nino lemah,2026-08-30T08:49:44.393555+00:00
SON,1976,27.28,0.79,El Nino lemah,2026-08-30T08:49:44.393566+00:00
OND,1976,27.28,0.81,El Nino lemah,2026-08-30T08:49:44.393578+00:00
NDJ,1976,27.28,0.84,El Nino lemah,2026-08-30T08:49:44.393584+00:00
DJF,1977,27.19,0.71,El Nino lemah,2026-08-30T08:49:44.393590+00:00
JFM,1977,27.33,0.66,El Nino lemah,2026-08-30T08:49:44.393598+00:00
FMA,1977,27.35,0.33,Netral,2026-08-30T08:49:44.393605+00:00
MAM,1977,27.58,0.26,Netral,2026-08-30T08:49:44.393611+00:00
AMJ,1977,27.7,0.26,Netral,2026-08-30T08:49:44.393618+00:00
MJJ,1977,27.75,0.46,Netral,2026-08-30T08:49:44.393629+00:00
JJA,1977,27.37,0.39,Netral,2026-08-30T08:49:44.393635+00:00
JAS,1977,27.04,0.35,Netral,2026-08-30T08:49:44.393641+00:00
ASO,1977,26.97,0.45,Netral,2026-08-30T08:49:44.393648+00:00
SON,1977,27.17,0.68,El Nino lemah,2026-08-30T08:49:44.393654+00:00
OND,1977,27.31,0.84,El Nino lemah,2026-08-30T08:49:44.393661+00:00
NDJ,1977,27.25,0.82,El Nino lemah,2026-08-30T08:49:44.393667+00:00
DJF,1978,27.18,0.71,El Nino lemah,2026-08-30T08:49:44.393674+00:00
JFM,1978,27.19,0.52,El Nino lemah,2026-08-30T08:49:44.393680+00:00
FMA,1978,27.19,0.17,Netral,2026-08-30T08:49:44.393686+00:00
MAM,1978,27.26,-0.06,Netral,2026-08-30T08:49:44.393693+00:00
AMJ,1978,27.17,-0.28,Netral,2026-08-30T08:49:44.393699+00:00
MJJ,1978,27.05,-0.24,Netral,2026-08-30T08:49:44.393706+00:00
JJA,1978,26.61,-0.37,Netral,2026-08-30T08:49:44.393712+00:00
JAS,1978,26.32,-0.37,Netral,2026-08-30T08:49:44.393725+00:00
ASO,1978,26.08,-0.44,Netral,2026-08-30T08:49:44.393731+00:00
SON,1978,26.22,-0.27,Netral,2026-08-30T08:49:44.393741+00:00
OND,1978,26.4,-0.07,Netral,2026-08-30T08:49:44.393748+00:00
NDJ,1978,26.54,0.11,Netral,2026-08-30T08:49:44.393755+00:00
DJF,1979,26.67,0.19,Netral,2026-08-30T08:49:44.393765+00:00
JFM,1979,26.88,0.21,Netral,2026-08-30T08:49:44.393771+00:00
FMA,1979,27.31,0.29,Netral,2026-08-30T08:49:44.393777+00:00
MAM,1979,27.64,0.32,Netral,2026-08-30T08:49:44.393783+00:00
AMJ,1979,27.73,0.29,Netral,2026-08-30T08:49:44.393789+00:00
MJJ,1979,27.43,0.14,Netral,2026-08-30T08:49:44.393796+00:00
JJA,1979,27.07,0.09,Netral,2026-08-30T08:49:44.393802+00:00
JAS,1979,26.91,0.22,Netral,2026-08-30T08:49:44.393809+00:00
ASO,1979,26.86,0.34,Netral,2026-08-30T08:49:44.393815+00:00
SON,1979,26.96,0.47,Netral,2026-08-30T08:49:44.393821+00:00
OND,1979,26.97,0.5,El Nino lemah,2026-08-30T08:49:44.393828+00:00
NDJ,1979,27.07,0.64,El Nino lemah,2026-08-30T08:49:44.393834+00:00
DJF,1980,27.09,0.62,El Nino lemah,2026-08-30T08:49:44.393840+00:00
JFM,1980,27.14,0.47,Netral,2026-08-30T08:49:44.393847+00:00
FMA,1980,27.37,0.35,Netral,2026-08-30T08:49:44.393853+00:00
MAM,1980,27.67,0.34,Netral,2026-08-30T08:49:44.393859+00:00
AMJ,1980,27.9,0.45,Netral,2026-08-30T08:49:44.393869+00:00
MJJ,1980,27.68,0.4,Netral,2026-08-30T08:49:44.393875+00:00
JJA,1980,27.16,0.18,Netral,2026-08-30T08:49:44.393881+00:00
JAS,1980,26.62,-0.06,Netral,2026-08-30T08:49:44.393886+00:00
ASO,1980,26.36,-0.17,Netral,2026-08-30T08:49:44.393895+00:00
SON,1980,26.42,-0.07,Netral,2026-08-30T08:49:44.393901+00:00
OND,1980,26.55,0.08,Netral,2026-08-30T08:49:44.393907+00:00
NDJ,1980,26.44,-0.05,Netral,2026-08-30T08:49:44.393912+00:00
DJF,1981,26.31,-0.27,Netral,2026-08-30T08:49:44.393918+00:00
JFM,1981,26.4,-0.42,Netral,2026-08-30T08:49:44.393923+00:00
FMA,1981,26.76,-0.41,Netral,2026-08-30T08:49:44.393928+00:00
MAM,1981,27.21,-0.27,Netral,2026-08-30T08:49:44.393934+00:00
AMJ,1981,27.3,-0.28,Netral,2026-08-30T08:49:44.393939+00:00
MJJ,1981,27.12,-0.27,Netral,2026-08-30T08:49:44.393948+00:00
JJA,1981,26.77,-0.28,Netral,2026-08-30T08:49:44.393954+00:00
JAS,1981,26.51,-0.23,Netral,2026-08-30T08:49:44.393960+00:00
ASO,1981,26.49,-0.08,Netral,2026-08-30T08:49:44.393966+00:00
SON,1981,26.38,-0.16,Netral,2026-08-30T08:49:44.393971+00:00
OND,1981,26.34,-0.19,Netral,2026-08-30T08:49:44.393977+00:00
NDJ,1981,26.4,-0.14,Netral,2026-08-30T08:49:44.393982+00:00
DJF,1982,26.55,-0.05,Netral,2026-08-30T08:49:44.393988+00:00
JFM,1982,26.83,0.02,Netral,2026-08-30T08:49:44.394024+00:00
FMA,1982,27.23,0.07,Netral,2026-08-30T08:49:44.394032+00:00
MAM,1982,27.82,0.34,Netral,2026-08-30T08:49:44.394041+00:00
AMJ,1982,28.23,0.65,El Nino lemah,2026-08-30T08:49:44.394047+00:00
MJJ,1982,28.12,0.73,El Nino lemah,2026-08-30T08:49:44.394052+00:00
JJA,1982,27.82,0.78,El Nino lemah,2026-08-30T08:49:44.394057+00:00
JAS,1982,27.72,0.99,El Nino lemah,2026-08-30T08:49:44.394063+00:00
ASO,1982,28.02,1.45,El Nino moderat,2026-08-30T08:49:44.394069+00:00
SON,1982,28.36,1.82,El Nino kuat,2026-08-30T08:49:44.394075+00:00
OND,1982,28.56,2.03,El Nino sangat kuat,2026-08-30T08:49:44.394080+00:00
NDJ,1982,28.66,2.12,El Nino sangat kuat,2026-08-30T08:49:44.394085+00:00
DJF,1983,28.74,2.14,El Nino sangat kuat,2026-08-30T08:49:44.394091+00:00
JFM,1983,28.73,1.91,El Nino kuat,2026-08-30T08:49:44.394096+00:00
FMA,1983,28.69,1.52,El Nino kuat,2026-08-30T08:49:44.394101+00:00
MAM,1983,28.7,1.23,El Nino moderat,2026-08-30T08:49:44.394107+00:00
AMJ,1983,28.53,0.95,El Nino lemah,2026-08-30T08:49:44.394113+00:00
MJJ,1983,28.01,0.62,El Nino lemah,2026-08-30T08:49:44.394119+00:00
JJA,1983,27.29,0.25,Netral,2026-08-30T08:49:44.394125+00:00
JAS,1983,26.67,-0.06,Netral,2026-08-30T08:49:44.394131+00:00
ASO,1983,26.14,-0.43,Netral,2026-08-30T08:49:44.394138+00:00
SON,1983,25.78,-0.76,La Nina lemah,2026-08-30T08:49:44.394145+00:00
OND,1983,25.56,-0.96,La Nina lemah,2026-08-30T08:49:44.394155+00:00
NDJ,1983,25.65,-0.89,La Nina lemah,2026-08-30T08:49:44.394165+00:00
DJF,1984,25.97,-0.63,La Nina lemah,2026-08-30T08:49:44.394172+00:00
JFM,1984,26.3,-0.51,La Nina lemah,2026-08-30T08:49:44.394182+00:00
FMA,1984,26.78,-0.38,Netral,2026-08-30T08:49:44.394189+00:00
MAM,1984,27.0,-0.47,Netral,2026-08-30T08:49:44.394196+00:00
AMJ,1984,27.04,-0.55,La Nina lemah,2026-08-30T08:49:44.394202+00:00
MJJ,1984,26.87,-0.52,La Nina lemah,2026-08-30T08:49:44.394208+00:00
JJA,1984,26.65,-0.39,Netral,2026-08-30T08:49:44.394219+00:00
JAS,1984,26.51,-0.22,Netral,2026-08-30T08:49:44.394226+00:00
ASO,1984,26.25,-0.32,Netral,2026-08-30T08:49:44.394232+00:00
SON,1984,25.92,-0.62,La Nina lemah,2026-08-30T08:49:44.394239+00:00
OND,1984,25.57,-0.95,La Nina lemah,2026-08-30T08:49:44.394246+00:00
NDJ,1984,25.48,-1.06,La Nina moderat,2026-08-30T08:49:44.394252+00:00
DJF,1985,25.59,-1.01,La Nina moderat,2026-08-30T08:49:44.394258+00:00
JFM,1985,25.95,-0.86,La Nina lemah,2026-08-30T08:49:44.394265+00:00
FMA,1985,26.31,-0.85,La Nina lemah,2026-08-30T08:49:44.394271+00:00
MAM,1985,26.67,-0.8,La Nina lemah,2026-08-30T08:49:44.394278+00:00
AMJ,1985,26.8,-0.79,La Nina lemah,2026-08-30T08:49:44.394285+00:00
MJJ,1985,26.79,-0.6,La Nina lemah,2026-08-30T08:49:44.394291+00:00
JJA,1985,26.6,-0.44,Netral,2026-08-30T08:49:44.394304+00:00
JAS,1985,26.41,-0.33,Netral,2026-08-30T08:49:44.394315+00:00
ASO,1985,26.26,-0.31,Netral,2026-08-30T08:49:44.394322+00:00
SON,1985,26.24,-0.3,Netral,2026-08-30T08:49:44.394328+00:00
OND,1985,26.25,-0.28,Netral,2026-08-30T08:49:44.394335+00:00
NDJ,1985,26.15,-0.36,Netral,2026-08-30T08:49:44.394342+00:00
DJF,1986,26.15,-0.4,Netral,2026-08-30T08:49:44.394348+00:00
JFM,1986,26.38,-0.38,Netral,2026-08-30T08:49:44.394354+00:00
FMA,1986,26.89,-0.25,Netral,2026-08-30T08:49:44.394361+00:00
MAM,1986,27.31,-0.17,Netral,2026-08-30T08:49:44.394367+00:00
AMJ,1986,27.5,-0.09,Netral,2026-08-30T08:49:44.394374+00:00
MJJ,1986,27.42,0.02,Netral,2026-08-30T08:49:44.394380+00:00
JJA,1986,27.29,0.24,Netral,2026-08-30T08:49:44.394387+00:00
JAS,1986,27.22,0.46,Netral,2026-08-30T08:49:44.394393+00:00
ASO,1986,27.24,0.64,El Nino lemah,2026-08-30T08:49:44.394399+00:00
SON,1986,27.42,0.86,El Nino lemah,2026-08-30T08:49:44.394409+00:00
OND,1986,27.57,1.06,El Nino moderat,2026-08-30T08:49:44.394417+00:00
NDJ,1986,27.69,1.21,El Nino moderat,2026-08-30T08:49:44.394422+00:00
DJF,1987,27.72,1.18,El Nino moderat,2026-08-30T08:49:44.394432+00:00
JFM,1987,27.89,1.13,El Nino moderat,2026-08-30T08:49:44.394438+00:00
FMA,1987,28.16,1.02,El Nino moderat,2026-08-30T08:49:44.394448+00:00
MAM,1987,28.42,0.94,El Nino lemah,2026-08-30T08:49:44.394454+00:00
AMJ,1987,28.53,0.95,El Nino lemah,2026-08-30T08:49:44.394461+00:00
MJJ,1987,28.51,1.11,El Nino moderat,2026-08-30T08:49:44.394471+00:00
JJA,1987,28.35,1.3,El Nino moderat,2026-08-30T08:49:44.394478+00:00
JAS,1987,28.23,1.46,El Nino moderat,2026-08-30T08:49:44.394484+00:00
ASO,1987,28.1,1.49,El Nino moderat,2026-08-30T08:49:44.394490+00:00
SON,1987,27.97,1.41,El Nino moderat,2026-08-30T08:49:44.394496+00:00
OND,1987,27.72,1.2,El Nino moderat,2026-08-30T08:49:44.394503+00:00
NDJ,1987,27.49,1.0,El Nino moderat,2026-08-30T08:49:44.394509+00:00
DJF,1988,27.17,0.63,El Nino lemah,2026-08-30T08:49:44.394515+00:00
JFM,1988,27.13,0.37,Netral,2026-08-30T08:49:44.394522+00:00
FMA,1988,27.11,-0.03,Netral,2026-08-30T08:49:44.394528+00:00
MAM,1988,27.03,-0.45,Netral,2026-08-30T08:49:44.394535+00:00
AMJ,1988,26.6,-0.99,La Nina lemah,2026-08-30T08:49:44.394541+00:00
MJJ,1988,26.09,-1.3,La Nina moderat,2026-08-30T08:49:44.394548+00:00
JJA,1988,25.75,-1.3,La Nina moderat,2026-08-30T08:49:44.394554+00:00
JAS,1988,25.63,-1.14,La Nina moderat,2026-08-30T08:49:44.394560+00:00
ASO,1988,25.34,-1.27,La Nina moderat,2026-08-30T08:49:44.394566+00:00
SON,1988,25.01,-1.54,La Nina kuat,2026-08-30T08:49:44.394576+00:00
OND,1988,24.7,-1.81,La Nina kuat,2026-08-30T08:49:44.394583+00:00
NDJ,1988,24.64,-1.85,La Nina kuat,2026-08-30T08:49:44.394589+00:00
DJF,1989,24.91,-1.64,La Nina kuat,2026-08-30T08:49:44.394594+00:00
JFM,1989,25.39,-1.38,La Nina moderat,2026-08-30T08:49:44.394600+00:00
FMA,1989,26.05,-1.09,La Nina moderat,2026-08-30T08:49:44.394614+00:00
MAM,1989,26.63,-0.85,La Nina lemah,2026-08-30T08:49:44.394620+00:00
AMJ,1989,26.98,-0.61,La Nina lemah,2026-08-30T08:49:44.394626+00:00
MJJ,1989,27.0,-0.4,Netral,2026-08-30T08:49:44.394636+00:00
JJA,1989,26.68,-0.37,Netral,2026-08-30T08:49:44.394641+00:00
JAS,1989,26.41,-0.36,Netral,2026-08-30T08:49:44.394648+00:00
ASO,1989,26.28,-0.33,Netral,2026-08-30T08:49:44.394654+00:00
SON,1989,26.31,-0.25,Netral,2026-08-30T08:49:44.394660+00:00
OND,1989,26.39,-0.12,Netral,2026-08-30T08:49:44.394666+00:00
NDJ,1989,26.45,-0.04,Netral,2026-08-30T08:49:44.394673+00:00
DJF,1990,26.73,0.18,Netral,2026-08-30T08:49:44.394679+00:00
JFM,1990,26.95,0.19,Netral,2026-08-30T08:49:44.394686+00:00
FMA,1990,27.44,0.3,Netral,2026-08-30T08:49:44.394691+00:00
MAM,1990,27.75,0.27,Netral,2026-08-30T08:49:44.394698+00:00
AMJ,1990,27.84,0.25,Netral,2026-08-30T08:49:44.394704+00:00
MJJ,1990,27.65,0.25,Netral,2026-08-30T08:49:44.394716+00:00
JJA,1990,27.31,0.26,Netral,2026-08-30T08:49:44.394723+00:00
JAS,1990,27.08,0.32,Netral,2026-08-30T08:49:44.394729+00:00
ASO,1990,26.92,0.31,Netral,2026-08-30T08:49:44.394735+00:00
SON,1990,26.83,0.27,Netral,2026-08-30T08:49:44.394741+00:00
OND,1990,26.82,0.31,Netral,2026-08-30T08:49:44.394748+00:00
NDJ,1990,26.88,0.34,Netral,2026-08-30T08:49:44.394759+00:00
DJF,1991,26.99,0.35,Netral,2026-08-30T08:49:44.394765+00:00
JFM,1991,27.16,0.26,Netral,2026-08-30T08:49:44.394772+00:00
FMA,1991,27.5,0.23,Netral,2026-08-30T08:49:44.394778+00:00
MAM,1991,27.9,0.29,Netral,2026-08-30T08:49:44.394785+00:00
AMJ,1991,28.21,0.49,Netral,2026-08-30T08:49:44.394791+00:00
MJJ,1991,28.18,0.63,El Nino lemah,2026-08-30T08:49:44.394798+00:00
JJA,1991,27.97,0.77,El Nino lemah,2026-08-30T08:49:44.394804+00:00
JAS,1991,27.6,0.67,El Nino lemah,2026-08-30T08:49:44.394811+00:00
ASO,1991,27.49,0.72,El Nino lemah,2026-08-30T08:49:44.394818+00:00
SON,1991,27.57,0.83,El Nino lemah,2026-08-30T08:49:44.394824+00:00
OND,1991,27.89,1.18,El Nino moderat,2026-08-30T08:49:44.394831+00:00
NDJ,1991,28.09,1.43,El Nino moderat,2026-08-30T08:49:44.394837+00:00
DJF,1992,28.24,1.54,El Nino kuat,2026-08-30T08:49:44.394849+00:00
JFM,1992,28.4,1.5,El Nino kuat,2026-08-30T08:49:44.394859+00:00
FMA,1992,28.67,1.4,El Nino moderat,2026-08-30T08:49:44.394865+00:00
MAM,1992,28.91,1.3,El Nino moderat,2026-08-30T08:49:44.394871+00:00
AMJ,1992,28.8,1.08,El Nino moderat,2026-08-30T08:49:44.394878+00:00
MJJ,1992,28.27,0.72,El Nino lemah,2026-08-30T08:49:44.394885+00:00
JJA,1992,27.55,0.35,Netral,2026-08-30T08:49:44.394891+00:00
JAS,1992,27.0,0.08,Netral,2026-08-30T08:49:44.394897+00:00
ASO,1992,26.63,-0.15,Netral,2026-08-30T08:49:44.394903+00:00
SON,1992,26.52,-0.22,Netral,2026-08-30T08:49:44.394912+00:00
OND,1992,26.47,-0.24,Netral,2026-08-30T08:49:44.394918+00:00
NDJ,1992,26.62,-0.05,Netral,2026-08-30T08:49:44.394924+00:00
DJF,1993,26.82,0.13,Netral,2026-08-30T08:49:44.394929+00:00
JFM,1993,27.21,0.31,Netral,2026-08-30T08:49:44.394935+00:00
FMA,1993,27.76,0.5,El Nino lemah,2026-08-30T08:49:44.394941+00:00
MAM,1993,28.34,0.73,El Nino lemah,2026-08-30T08:49:44.394947+00:00
AMJ,1993,28.48,0.76,El Nino lemah,2026-08-30T08:49:44.394953+00:00
MJJ,1993,28.11,0.56,El Nino lemah,2026-08-30T08:49:44.394959+00:00
JJA,1993,27.48,0.28,Netral,2026-08-30T08:49:44.394964+00:00
JAS,1993,27.14,0.22,Netral,2026-08-30T08:49:44.394970+00:00
ASO,1993,26.98,0.2,Netral,2026-08-30T08:49:44.394979+00:00
SON,1993,26.95,0.2,Netral,2026-08-30T08:49:44.394985+00:00
OND,1993,26.9,0.2,Netral,2026-08-30T08:49:44.394991+00:00
NDJ,1993,26.85,0.19,Netral,2026-08-30T08:49:44.395027+00:00
DJF,1994,26.77,0.07,Netral,2026-08-30T08:49:44.395034+00:00
JFM,1994,26.9,0.0,Netral,2026-08-30T08:49:44.395040+00:00
FMA,1994,27.31,0.04,Netral,2026-08-30T08:49:44.395045+00:00
MAM,1994,27.78,0.17,Netral,2026-08-30T08:49:44.395051+00:00
AMJ,1994,27.97,0.25,Netral,2026-08-30T08:49:44.395057+00:00
MJJ,1994,27.78,0.23,Netral,2026-08-30T08:49:44.395063+00:00
JJA,1994,27.51,0.3,Netral,2026-08-30T08:49:44.395073+00:00
JAS,1994,27.22,0.3,Netral,2026-08-30T08:49:44.395079+00:00
ASO,1994,27.25,0.47,Netral,2026-08-30T08:49:44.395087+00:00
SON,1994,27.4,0.66,El Nino lemah,2026-08-30T08:49:44.395093+00:00
OND,1994,27.64,0.93,El Nino lemah,2026-08-30T08:49:44.395099+00:00
NDJ,1994,27.64,0.97,El Nino lemah,2026-08-30T08:49:44.395105+00:00
DJF,1995,27.58,0.88,El Nino lemah,2026-08-30T08:49:44.395111+00:00
JFM,1995,27.56,0.65,El Nino lemah,2026-08-30T08:49:44.395117+00:00
FMA,1995,27.73,0.46,Netral,2026-08-30T08:49:44.395122+00:00
MAM,1995,27.8,0.19,Netral,2026-08-30T08:49:44.395130+00:00
AMJ,1995,27.75,0.03,Netral,2026-08-30T08:49:44.395137+00:00
MJJ,1995,27.43,-0.11,Netral,2026-08-30T08:49:44.395143+00:00
JJA,1995,26.91,-0.3,Netral,2026-08-30T08:49:44.395150+00:00
JAS,1995,26.38,-0.55,La Nina lemah,2026-08-30T08:49:44.395156+00:00
ASO,1995,25.97,-0.81,La Nina lemah,2026-08-30T08:49:44.395162+00:00
SON,1995,25.78,-0.97,La Nina lemah,2026-08-30T08:49:44.395168+00:00
OND,1995,25.66,-1.05,La Nina moderat,2026-08-30T08:49:44.395175+00:00
NDJ,1995,25.64,-1.01,La Nina moderat,2026-08-30T08:49:44.395181+00:00
DJF,1996,25.78,-0.88,La Nina lemah,2026-08-30T08:49:44.395188+00:00
JFM,1996,26.15,-0.7,La Nina lemah,2026-08-30T08:49:44.395194+00:00
FMA,1996,26.72,-0.52,La Nina lemah,2026-08-30T08:49:44.395200+00:00
MAM,1996,27.25,-0.36,Netral,2026-08-30T08:49:44.395212+00:00
AMJ,1996,27.48,-0.25,Netral,2026-08-30T08:49:44.395218+00:00
MJJ,1996,27.3,-0.24,Netral,2026-08-30T08:49:44.395224+00:00
JJA,1996,26.99,-0.22,Netral,2026-08-30T08:49:44.395231+00:00
JAS,1996,26.65,-0.27,Netral,2026-08-30T08:49:44.395237+00:00
ASO,1996,26.45,-0.3,Netral,2026-08-30T08:49:44.395243+00:00
SON,1996,26.35,-0.33,Netral,2026-08-30T08:49:44.395249+00:00
OND,1996,26.24,-0.39,Netral,2026-08-30T08:49:44.395256+00:00
NDJ,1996,26.18,-0.41,Netral,2026-08-30T08:49:44.395271+00:00
DJF,1997,26.23,-0.41,Netral,2026-08-30T08:49:44.395278+00:00
JFM,1997,26.59,-0.26,Netral,2026-08-30T08:49:44.395284+00:00
FMA,1997,27.21,-0.03,Netral,2026-08-30T08:49:44.395290+00:00
MAM,1997,27.9,0.3,Netral,2026-08-30T08:49:44.395297+00:00
AMJ,1997,28.44,0.71,El Nino lemah,2026-08-30T08:49:44.395308+00:00
MJJ,1997,28.67,1.13,El Nino moderat,2026-08-30T08:49:44.395314+00:00
JJA,1997,28.69,1.48,El Nino moderat,2026-08-30T08:49:44.395320+00:00
JAS,1997,28.7,1.79,El Nino kuat,2026-08-30T08:49:44.395326+00:00
ASO,1997,28.78,2.04,El Nino sangat kuat,2026-08-30T08:49:44.395332+00:00
SON,1997,28.92,2.24,El Nino sangat kuat,2026-08-30T08:49:44.395338+00:00
OND,1997,28.97,2.34,El Nino sangat kuat,2026-08-30T08:49:44.395343+00:00
NDJ,1997,28.96,2.37,El Nino sangat kuat,2026-08-30T08:49:44.395349+00:00
DJF,1998,28.85,2.22,El Nino sangat kuat,2026-08-30T08:49:44.395359+00:00
JFM,1998,28.76,1.91,El Nino kuat,2026-08-30T08:49:44.395366+00:00
FMA,1998,28.64,1.4,El Nino moderat,2026-08-30T08:49:44.395372+00:00
MAM,1998,28.63,1.03,El Nino moderat,2026-08-30T08:49:44.395379+00:00
AMJ,1998,28.13,0.4,Netral,2026-08-30T08:49:44.395385+00:00
MJJ,1998,27.46,-0.08,Netral,2026-08-30T08:49:44.395392+00:00
JJA,1998,26.57,-0.63,La Nina lemah,2026-08-30T08:49:44.395406+00:00
JAS,1998,26.08,-0.83,La Nina lemah,2026-08-30T08:49:44.395413+00:00
ASO,1998,25.73,-1.02,La Nina moderat,2026-08-30T08:49:44.395419+00:00
SON,1998,25.56,-1.12,La Nina moderat,2026-08-30T08:49:44.395426+00:00
OND,1998,25.32,-1.31,La Nina moderat,2026-08-30T08:49:44.395431+00:00
NDJ,1998,25.12,-1.47,La Nina moderat,2026-08-30T08:49:44.395437+00:00
DJF,1999,25.12,-1.51,La Nina kuat,2026-08-30T08:49:44.395443+00:00
JFM,1999,25.6,-1.25,La Nina moderat,2026-08-30T08:49:44.395450+00:00
FMA,1999,26.31,-0.93,La Nina lemah,2026-08-30T08:49:44.395456+00:00
MAM,1999,26.8,-0.8,La Nina lemah,2026-08-30T08:49:44.395462+00:00
AMJ,1999,26.94,-0.79,La Nina lemah,2026-08-30T08:49:44.395468+00:00
MJJ,1999,26.7,-0.84,La Nina lemah,2026-08-30T08:49:44.395475+00:00
JJA,1999,26.3,-0.9,La Nina lemah,2026-08-30T08:49:44.395482+00:00
JAS,1999,25.97,-0.94,La Nina lemah,2026-08-30T08:49:44.395488+00:00
ASO,1999,25.75,-1.0,La Nina moderat,2026-08-30T08:49:44.395495+00:00
SON,1999,25.55,-1.13,La Nina moderat,2026-08-30T08:49:44.395505+00:00
OND,1999,25.27,-1.35,La Nina moderat,2026-08-30T08:49:44.395512+00:00
NDJ,1999,25.06,-1.53,La Nina kuat,2026-08-30T08:49:44.395518+00:00
DJF,2000,25.17,-1.47,La Nina moderat,2026-08-30T08:49:44.395528+00:00
JFM,2000,25.59,-1.26,La Nina moderat,2026-08-30T08:49:44.395536+00:00
FMA,2000,26.26,-0.98,La Nina lemah,2026-08-30T08:49:44.395546+00:00
MAM,2000,26.79,-0.81,La Nina lemah,2026-08-30T08:49:44.395553+00:00
AMJ,2000,27.06,-0.67,La Nina lemah,2026-08-30T08:49:44.395559+00:00
MJJ,2000,26.92,-0.62,La Nina lemah,2026-08-30T08:49:44.395565+00:00
JJA,2000,26.73,-0.48,Netral,2026-08-30T08:49:44.395571+00:00
JAS,2000,26.52,-0.4,Netral,2026-08-30T08:49:44.395577+00:00
ASO,2000,26.33,-0.42,Netral,2026-08-30T08:49:44.395583+00:00
SON,2000,26.14,-0.54,La Nina lemah,2026-08-30T08:49:44.395589+00:00
OND,2000,25.87,-0.76,La Nina lemah,2026-08-30T08:49:44.395596+00:00
NDJ,2000,25.78,-0.78,La Nina lemah,2026-08-30T08:49:44.395602+00:00
DJF,2001,25.82,-0.76,La Nina lemah,2026-08-30T08:49:44.395609+00:00
JFM,2001,26.25,-0.54,La Nina lemah,2026-08-30T08:49:44.395615+00:00
FMA,2001,26.79,-0.43,Netral,2026-08-30T08:49:44.395621+00:00
MAM,2001,27.34,-0.29,Netral,2026-08-30T08:49:44.395628+00:00
AMJ,2001,27.59,-0.19,Netral,2026-08-30T08:49:44.395634+00:00
MJJ,2001,27.53,-0.08,Netral,2026-08-30T08:49:44.395641+00:00
JJA,2001,27.24,-0.05,Netral,2026-08-30T08:49:44.395647+00:00
JAS,2001,26.86,-0.13,Netral,2026-08-30T08:49:44.395658+00:00
ASO,2001,26.67,-0.15,Netral,2026-08-30T08:49:44.395665+00:00
SON,2001,26.52,-0.26,Netral,2026-08-30T08:49:44.395675+00:00
OND,2001,26.4,-0.33,Netral,2026-08-30T08:49:44.395681+00:00
NDJ,2001,26.32,-0.32,Netral,2026-08-30T08:49:44.395687+00:00
DJF,2002,26.46,-0.15,Netral,2026-08-30T08:49:44.395692+00:00
JFM,2002,26.86,0.07,Netral,2026-08-30T08:49:44.395697+00:00
FMA,2002,27.34,0.11,Netral,2026-08-30T08:49:44.395703+00:00
MAM,2002,27.78,0.15,Netral,2026-08-30T08:49:44.395708+00:00
AMJ,2002,28.08,0.3,Netral,2026-08-30T08:49:44.395714+00:00
MJJ,2002,28.05,0.45,Netral,2026-08-30T08:49:44.395720+00:00
JJA,2002,27.85,0.57,El Nino lemah,2026-08-30T08:49:44.395726+00:00
JAS,2002,27.62,0.63,El Nino lemah,2026-08-30T08:49:44.395732+00:00
ASO,2002,27.6,0.78,El Nino lemah,2026-08-30T08:49:44.395742+00:00
SON,2002,27.77,0.99,El Nino lemah,2026-08-30T08:49:44.395748+00:00
OND,2002,27.92,1.19,El Nino moderat,2026-08-30T08:49:44.395789+00:00
NDJ,2002,27.72,1.08,El Nino moderat,2026-08-30T08:49:44.395795+00:00
DJF,2003,27.51,0.9,El Nino lemah,2026-08-30T08:49:44.395801+00:00
JFM,2003,27.39,0.59,El Nino lemah,2026-08-30T08:49:44.395806+00:00
FMA,2003,27.61,0.38,Netral,2026-08-30T08:49:44.395811+00:00
MAM,2003,27.62,-0.01,Netral,2026-08-30T08:49:44.395817+00:00
AMJ,2003,27.6,-0.18,Netral,2026-08-30T08:49:44.395827+00:00
MJJ,2003,27.47,-0.13,Netral,2026-08-30T08:49:44.395837+00:00
JJA,2003,27.38,0.09,Netral,2026-08-30T08:49:44.395843+00:00
JAS,2003,27.13,0.14,Netral,2026-08-30T08:49:44.395849+00:00
ASO,2003,27.05,0.23,Netral,2026-08-30T08:49:44.395855+00:00
SON,2003,27.0,0.23,Netral,2026-08-30T08:49:44.395861+00:00
OND,2003,27.02,0.29,Netral,2026-08-30T08:49:44.395867+00:00
NDJ,2003,26.93,0.29,Netral,2026-08-30T08:49:44.395873+00:00
DJF,2004,26.95,0.34,Netral,2026-08-30T08:49:44.395878+00:00
JFM,2004,27.06,0.27,Netral,2026-08-30T08:49:44.395883+00:00
FMA,2004,27.41,0.19,Netral,2026-08-30T08:49:44.395889+00:00
MAM,2004,27.72,0.1,Netral,2026-08-30T08:49:44.395894+00:00
AMJ,2004,27.9,0.12,Netral,2026-08-30T08:49:44.395899+00:00
MJJ,2004,27.83,0.22,Netral,2026-08-30T08:49:44.395905+00:00
JJA,2004,27.67,0.39,Netral,2026-08-30T08:49:44.395910+00:00
JAS,2004,27.53,0.54,El Nino lemah,2026-08-30T08:49:44.395915+00:00
ASO,2004,27.4,0.58,El Nino lemah,2026-08-30T08:49:44.395920+00:00
SON,2004,27.38,0.61,El Nino lemah,2026-08-30T08:49:44.395926+00:00
OND,2004,27.37,0.64,El Nino lemah,2026-08-30T08:49:44.395931+00:00
NDJ,2004,27.34,0.71,El Nino lemah,2026-08-30T08:49:44.395937+00:00
DJF,2005,27.23,0.62,El Nino lemah,2026-08-30T08:49:44.395946+00:00
JFM,2005,27.35,0.55,El Nino lemah,2026-08-30T08:49:44.395954+00:00
FMA,2005,27.62,0.4,Netral,2026-08-30T08:49:44.395960+00:00
MAM,2005,27.99,0.37,Netral,2026-08-30T08:49:44.395966+00:00
AMJ,2005,28.05,0.27,Netral,2026-08-30T08:49:44.395973+00:00
MJJ,2005,27.7,0.09,Netral,2026-08-30T08:49:44.395979+00:00
JJA,2005,27.24,-0.04,Netral,2026-08-30T08:49:44.395985+00:00
JAS,2005,26.85,-0.14,Netral,2026-08-30T08:49:44.396017+00:00
ASO,2005,26.71,-0.11,Netral,2026-08-30T08:49:44.396025+00:00
SON,2005,26.5,-0.27,Netral,2026-08-30T08:49:44.396031+00:00
OND,2005,26.16,-0.57,La Nina lemah,2026-08-30T08:49:44.396036+00:00
NDJ,2005,25.86,-0.82,La Nina lemah,2026-08-30T08:49:44.396042+00:00
DJF,2006,25.83,-0.86,La Nina lemah,2026-08-30T08:49:44.396048+00:00
JFM,2006,26.11,-0.8,La Nina lemah,2026-08-30T08:49:44.396054+00:00
FMA,2006,26.71,-0.63,La Nina lemah,2026-08-30T08:49:44.396060+00:00
MAM,2006,27.28,-0.45,Netral,2026-08-30T08:49:44.396066+00:00
AMJ,2006,27.69,-0.19,Netral,2026-08-30T08:49:44.396071+00:00
MJJ,2006,27.63,-0.05,Netral,2026-08-30T08:49:44.396077+00:00
JJA,2006,27.45,0.12,Netral,2026-08-30T08:49:44.396082+00:00
JAS,2006,27.32,0.33,Netral,2026-08-30T08:49:44.396087+00:00
ASO,2006,27.34,0.54,El Nino lemah,2026-08-30T08:49:44.396097+00:00
SON,2006,27.47,0.71,El Nino lemah,2026-08-30T08:49:44.396102+00:00
OND,2006,27.6,0.88,El Nino lemah,2026-08-30T08:49:44.396108+00:00
NDJ,2006,27.55,0.88,El Nino lemah,2026-08-30T08:49:44.396121+00:00
DJF,2007,27.3,0.62,El Nino lemah,2026-08-30T08:49:44.396132+00:00
JFM,2007,27.1,0.19,Netral,2026-08-30T08:49:44.396138+00:00
FMA,2007,27.22,-0.12,Netral,2026-08-30T08:49:44.396143+00:00
MAM,2007,27.41,-0.32,Netral,2026-08-30T08:49:44.396150+00:00
AMJ,2007,27.54,-0.34,Netral,2026-08-30T08:49:44.396156+00:00
MJJ,2007,27.27,-0.41,Netral,2026-08-30T08:49:44.396163+00:00
JJA,2007,26.84,-0.49,Netral,2026-08-30T08:49:44.396169+00:00
JAS,2007,26.22,-0.77,La Nina lemah,2026-08-30T08:49:44.396174+00:00
ASO,2007,25.75,-1.05,La Nina moderat,2026-08-30T08:49:44.396180+00:00
SON,2007,25.38,-1.38,La Nina moderat,2026-08-30T08:49:44.396185+00:00
OND,2007,25.15,-1.57,La Nina kuat,2026-08-30T08:49:44.396190+00:00
NDJ,2007,24.95,-1.72,La Nina kuat,2026-08-30T08:49:44.396195+00:00
DJF,2008,24.92,-1.76,La Nina kuat,2026-08-30T08:49:44.396205+00:00
JFM,2008,25.29,-1.61,La Nina kuat,2026-08-30T08:49:44.396212+00:00
FMA,2008,25.97,-1.37,La Nina moderat,2026-08-30T08:49:44.396218+00:00
MAM,2008,26.69,-1.05,La Nina moderat,2026-08-30T08:49:44.396228+00:00
AMJ,2008,27.03,-0.85,La Nina lemah,2026-08-30T08:49:44.396234+00:00
MJJ,2008,27.13,-0.56,La Nina lemah,2026-08-30T08:49:44.396241+00:00
JJA,2008,26.99,-0.33,Netral,2026-08-30T08:49:44.396247+00:00
JAS,2008,26.78,-0.2,Netral,2026-08-30T08:49:44.396253+00:00
ASO,2008,26.55,-0.25,Netral,2026-08-30T08:49:44.396268+00:00
SON,2008,26.4,-0.36,Netral,2026-08-30T08:49:44.396275+00:00
OND,2008,26.15,-0.57,La Nina lemah,2026-08-30T08:49:44.396281+00:00
NDJ,2008,25.87,-0.79,La Nina lemah,2026-08-30T08:49:44.396287+00:00
DJF,2009,25.79,-0.89,La Nina lemah,2026-08-30T08:49:44.396294+00:00
JFM,2009,26.07,-0.84,La Nina lemah,2026-08-30T08:49:44.396300+00:00
FMA,2009,26.71,-0.63,La Nina lemah,2026-08-30T08:49:44.396306+00:00
MAM,2009,27.38,-0.35,Netral,2026-08-30T08:49:44.396312+00:00
AMJ,2009,27.91,0.03,Netral,2026-08-30T08:49:44.396319+00:00
MJJ,2009,28.03,0.34,Netral,2026-08-30T08:49:44.396325+00:00
JJA,2009,27.82,0.5,El Nino lemah,2026-08-30T08:49:44.396331+00:00
JAS,2009,27.55,0.56,El Nino lemah,2026-08-30T08:49:44.396337+00:00
ASO,2009,27.46,0.66,El Nino lemah,2026-08-30T08:49:44.396343+00:00
SON,2009,27.68,0.92,El Nino lemah,2026-08-30T08:49:44.396348+00:00
OND,2009,28.02,1.31,El Nino moderat,2026-08-30T08:49:44.396353+00:00
NDJ,2009,28.16,1.5,El Nino kuat,2026-08-30T08:49:44.396364+00:00
DJF,2010,28.15,1.47,El Nino moderat,2026-08-30T08:49:44.396370+00:00
JFM,2010,28.11,1.21,El Nino moderat,2026-08-30T08:49:44.396376+00:00
FMA,2010,28.22,0.88,El Nino lemah,2026-08-30T08:49:44.396381+00:00
MAM,2010,28.11,0.38,Netral,2026-08-30T08:49:44.396386+00:00
AMJ,2010,27.72,-0.16,Netral,2026-08-30T08:49:44.396392+00:00
MJJ,2010,27.03,-0.66,La Nina lemah,2026-08-30T08:49:44.396401+00:00
JJA,2010,26.34,-0.98,La Nina lemah,2026-08-30T08:49:44.396407+00:00
JAS,2010,25.74,-1.24,La Nina moderat,2026-08-30T08:49:44.396413+00:00
ASO,2010,25.37,-1.43,La Nina moderat,2026-08-30T08:49:44.396421+00:00
SON,2010,25.21,-1.54,La Nina kuat,2026-08-30T08:49:44.396428+00:00
OND,2010,25.14,-1.57,La Nina kuat,2026-08-30T08:49:44.396434+00:00
NDJ,2010,25.14,-1.48,La Nina moderat,2026-08-30T08:49:44.396440+00:00
DJF,2011,25.28,-1.29,La Nina moderat,2026-08-30T08:49:44.396446+00:00
JFM,2011,25.72,-1.06,La Nina moderat,2026-08-30T08:49:44.396453+00:00
FMA,2011,26.37,-0.85,La Nina lemah,2026-08-30T08:49:44.396458+00:00
MAM,2011,26.95,-0.68,La Nina lemah,2026-08-30T08:49:44.396465+00:00
AMJ,2011,27.29,-0.5,La Nina lemah,2026-08-30T08:49:44.396471+00:00
MJJ,2011,27.29,-0.34,Netral,2026-08-30T08:49:44.396477+00:00
JJA,2011,26.92,-0.37,Netral,2026-08-30T08:49:44.396488+00:00
JAS,2011,26.45,-0.5,La Nina lemah,2026-08-30T08:49:44.396494+00:00
ASO,2011,26.0,-0.76,La Nina lemah,2026-08-30T08:49:44.396501+00:00
SON,2011,25.77,-0.94,La Nina lemah,2026-08-30T08:49:44.396507+00:00
OND,2011,25.63,-1.02,La Nina moderat,2026-08-30T08:49:44.396513+00:00
NDJ,2011,25.64,-0.92,La Nina lemah,2026-08-30T08:49:44.396520+00:00
DJF,2012,25.84,-0.71,La Nina lemah,2026-08-30T08:49:44.396526+00:00
JFM,2012,26.22,-0.56,La Nina lemah,2026-08-30T08:49:44.396532+00:00
FMA,2012,26.79,-0.44,Netral,2026-08-30T08:49:44.396544+00:00
MAM,2012,27.29,-0.35,Netral,2026-08-30T08:49:44.396550+00:00
AMJ,2012,27.62,-0.18,Netral,2026-08-30T08:49:44.396556+00:00
MJJ,2012,27.66,0.03,Netral,2026-08-30T08:49:44.396561+00:00
JJA,2012,27.57,0.28,Netral,2026-08-30T08:49:44.396566+00:00
JAS,2012,27.35,0.39,Netral,2026-08-30T08:49:44.396571+00:00
ASO,2012,27.13,0.37,Netral,2026-08-30T08:49:44.396577+00:00
SON,2012,26.99,0.28,Netral,2026-08-30T08:49:44.396582+00:00
OND,2012,26.78,0.13,Netral,2026-08-30T08:49:44.396588+00:00
NDJ,2012,26.53,-0.03,Netral,2026-08-30T08:49:44.396593+00:00
DJF,2013,26.3,-0.24,Netral,2026-08-30T08:49:44.396599+00:00
JFM,2013,26.5,-0.28,Netral,2026-08-30T08:49:44.396604+00:00
FMA,2013,27.0,-0.23,Netral,2026-08-30T08:49:44.396613+00:00
MAM,2013,27.43,-0.2,Netral,2026-08-30T08:49:44.396619+00:00
AMJ,2013,27.49,-0.3,Netral,2026-08-30T08:49:44.396627+00:00
MJJ,2013,27.24,-0.38,Netral,2026-08-30T08:49:44.396634+00:00
JJA,2013,26.84,-0.45,Netral,2026-08-30T08:49:44.396640+00:00
JAS,2013,26.61,-0.34,Netral,2026-08-30T08:49:44.396651+00:00
ASO,2013,26.45,-0.32,Netral,2026-08-30T08:49:44.396657+00:00
SON,2013,26.57,-0.14,Netral,2026-08-30T08:49:44.396664+00:00
OND,2013,26.53,-0.12,Netral,2026-08-30T08:49:44.396669+00:00
NDJ,2013,26.45,-0.11,Netral,2026-08-30T08:49:44.396679+00:00
DJF,2014,26.31,-0.24,Netral,2026-08-30T08:49:44.396685+00:00
JFM,2014,26.57,-0.21,Netral,2026-08-30T08:49:44.396691+00:00
FMA,2014,27.21,-0.02,Netral,2026-08-30T08:49:44.396697+00:00
MAM,2014,27.88,0.25,Netral,2026-08-30T08:49:44.396702+00:00
AMJ,2014,28.14,0.35,Netral,2026-08-30T08:49:44.396707+00:00
MJJ,2014,27.84,0.22,Netral,2026-08-30T08:49:44.396712+00:00
JJA,2014,27.36,0.07,Netral,2026-08-30T08:49:44.396718+00:00
JAS,2014,27.03,0.07,Netral,2026-08-30T08:49:44.396724+00:00
ASO,2014,27.0,0.24,Netral,2026-08-30T08:49:44.396730+00:00
SON,2014,27.22,0.51,El Nino lemah,2026-08-30T08:49:44.396740+00:00
OND,2014,27.35,0.7,El Nino lemah,2026-08-30T08:49:44.396746+00:00
NDJ,2014,27.36,0.8,El Nino lemah,2026-08-30T08:49:44.396752+00:00
DJF,2015,27.28,0.73,El Nino lemah,2026-08-30T08:49:44.396759+00:00
JFM,2015,27.43,0.65,El Nino lemah,2026-08-30T08:49:44.396765+00:00
FMA,2015,27.95,0.72,El Nino lemah,2026-08-30T08:49:44.396771+00:00
MAM,2015,28.49,0.86,El Nino lemah,2026-08-30T08:49:44.396778+00:00
AMJ,2015,28.83,1.04,El Nino moderat,2026-08-30T08:49:44.396784+00:00
MJJ,2015,28.82,1.19,El Nino moderat,2026-08-30T08:49:44.396790+00:00
JJA,2015,28.73,1.44,El Nino moderat,2026-08-30T08:49:44.396796+00:00
JAS,2015,28.69,1.73,El Nino kuat,2026-08-30T08:49:44.396801+00:00
ASO,2015,28.79,2.02,El Nino sangat kuat,2026-08-30T08:49:44.396807+00:00
SON,2015,28.99,2.28,El Nino sangat kuat,2026-08-30T08:49:44.396817+00:00
OND,2015,29.1,2.45,El Nino sangat kuat,2026-08-30T08:49:44.396823+00:00
NDJ,2015,29.15,2.59,El Nino sangat kuat,2026-08-30T08:49:44.396832+00:00
DJF,2016,29.05,2.5,El Nino sangat kuat,2026-08-30T08:49:44.396838+00:00
JFM,2016,28.99,2.21,El Nino sangat kuat,2026-08-30T08:49:44.396844+00:00
FMA,2016,28.92,1.69,El Nino kuat,2026-08-30T08:49:44.396849+00:00
MAM,2016,28.74,1.11,El Nino moderat,2026-08-30T08:49:44.396855+00:00
AMJ,2016,28.37,0.57,El Nino lemah,2026-08-30T08:49:44.396862+00:00
MJJ,2016,27.72,0.09,Netral,2026-08-30T08:49:44.396871+00:00
JJA,2016,27.1,-0.19,Netral,2026-08-30T08:49:44.396877+00:00
JAS,2016,26.62,-0.34,Netral,2026-08-30T08:49:44.396883+00:00
ASO,2016,26.34,-0.42,Netral,2026-08-30T08:49:44.396888+00:00
SON,2016,26.2,-0.51,La Nina lemah,2026-08-30T08:49:44.396894+00:00
OND,2016,26.16,-0.49,Netral,2026-08-30T08:49:44.396900+00:00
NDJ,2016,26.19,-0.37,Netral,2026-08-30T08:49:44.396906+00:00
DJF,2017,26.47,-0.08,Netral,2026-08-30T08:49:44.396911+00:00
JFM,2017,26.86,0.08,Netral,2026-08-30T08:49:44.396917+00:00
FMA,2017,27.5,0.27,Netral,2026-08-30T08:49:44.396923+00:00
MAM,2017,27.95,0.32,Netral,2026-08-30T08:49:44.396928+00:00
AMJ,2017,28.15,0.35,Netral,2026-08-30T08:49:44.396934+00:00
MJJ,2017,27.94,0.32,Netral,2026-08-30T08:49:44.396940+00:00
JJA,2017,27.43,0.14,Netral,2026-08-30T08:49:44.396950+00:00
JAS,2017,26.89,-0.07,Netral,2026-08-30T08:49:44.396956+00:00
ASO,2017,26.54,-0.23,Netral,2026-08-30T08:49:44.396961+00:00
SON,2017,26.27,-0.44,Netral,2026-08-30T08:49:44.396967+00:00
OND,2017,26.04,-0.61,La Nina lemah,2026-08-30T08:49:44.396972+00:00
NDJ,2017,25.8,-0.76,La Nina lemah,2026-08-30T08:49:44.396978+00:00
DJF,2018,25.83,-0.71,La Nina lemah,2026-08-30T08:49:44.396987+00:00
JFM,2018,26.11,-0.67,La Nina lemah,2026-08-30T08:49:44.397018+00:00
FMA,2018,26.68,-0.55,La Nina lemah,2026-08-30T08:49:44.397027+00:00
MAM,2018,27.28,-0.35,Netral,2026-08-30T08:49:44.397033+00:00
AMJ,2018,27.72,-0.07,Netral,2026-08-30T08:49:44.397039+00:00
MJJ,2018,27.76,0.13,Netral,2026-08-30T08:49:44.397044+00:00
JJA,2018,27.49,0.2,Netral,2026-08-30T08:49:44.397050+00:00
JAS,2018,27.25,0.3,Netral,2026-08-30T08:49:44.397061+00:00
ASO,2018,27.28,0.52,El Nino lemah,2026-08-30T08:49:44.397067+00:00
SON,2018,27.53,0.82,El Nino lemah,2026-08-30T08:49:44.397077+00:00
OND,2018,27.69,1.04,El Nino moderat,2026-08-30T08:49:44.397083+00:00
NDJ,2018,27.61,1.05,El Nino moderat,2026-08-30T08:49:44.397098+00:00
DJF,2019,27.54,0.99,El Nino lemah,2026-08-30T08:49:44.397104+00:00
JFM,2019,27.72,0.94,El Nino lemah,2026-08-30T08:49:44.397111+00:00
FMA,2019,28.1,0.87,El Nino lemah,2026-08-30T08:49:44.397117+00:00
MAM,2019,28.45,0.82,El Nino lemah,2026-08-30T08:49:44.397127+00:00
AMJ,2019,28.5,0.71,El Nino lemah,2026-08-30T08:49:44.397134+00:00
MJJ,2019,28.21,0.59,El Nino lemah,2026-08-30T08:49:44.397140+00:00
JJA,2019,27.67,0.38,Netral,2026-08-30T08:49:44.397147+00:00
JAS,2019,27.16,0.2,Netral,2026-08-30T08:49:44.397153+00:00
ASO,2019,27.07,0.31,Netral,2026-08-30T08:49:44.397162+00:00
SON,2019,27.22,0.51,El Nino lemah,2026-08-30T08:49:44.397168+00:00
OND,2019,27.37,0.72,El Nino lemah,2026-08-30T08:49:44.397173+00:00
NDJ,2019,27.31,0.75,El Nino lemah,2026-08-30T08:49:44.397179+00:00
DJF,2020,27.25,0.71,El Nino lemah,2026-08-30T08:49:44.397185+00:00
JFM,2020,27.44,0.66,El Nino lemah,2026-08-30T08:49:44.397191+00:00
FMA,2020,27.8,0.57,El Nino lemah,2026-08-30T08:49:44.397197+00:00
MAM,2020,27.97,0.33,Netral,2026-08-30T08:49:44.397203+00:00
AMJ,2020,27.83,0.04,Netral,2026-08-30T08:49:44.397209+00:00
MJJ,2020,27.45,-0.18,Netral,2026-08-30T08:49:44.397214+00:00
JJA,2020,27.0,-0.29,Netral,2026-08-30T08:49:44.397221+00:00
JAS,2020,26.52,-0.43,Netral,2026-08-30T08:49:44.397226+00:00
ASO,2020,25.99,-0.77,La Nina lemah,2026-08-30T08:49:44.397233+00:00
SON,2020,25.71,-1.0,La Nina moderat,2026-08-30T08:49:44.397238+00:00
OND,2020,25.54,-1.11,La Nina moderat,2026-08-30T08:49:44.397244+00:00
NDJ,2020,25.5,-1.06,La Nina moderat,2026-08-30T08:49:44.397249+00:00
DJF,2021,25.55,-0.99,La Nina lemah,2026-08-30T08:49:44.397255+00:00
JFM,2021,25.92,-0.85,La Nina lemah,2026-08-30T08:49:44.397266+00:00
FMA,2021,26.48,-0.74,La Nina lemah,2026-08-30T08:49:44.397272+00:00
MAM,2021,27.07,-0.56,La Nina lemah,2026-08-30T08:49:44.397283+00:00
AMJ,2021,27.39,-0.4,Netral,2026-08-30T08:49:44.397289+00:00
MJJ,2021,27.31,-0.31,Netral,2026-08-30T08:49:44.397294+00:00
JJA,2021,26.95,-0.35,Netral,2026-08-30T08:49:44.397300+00:00
JAS,2021,26.49,-0.46,Netral,2026-08-30T08:49:44.397306+00:00
ASO,2021,26.13,-0.64,La Nina lemah,2026-08-30T08:49:44.397312+00:00
SON,2021,25.94,-0.77,La Nina lemah,2026-08-30T08:49:44.397318+00:00
OND,2021,25.74,-0.91,La Nina lemah,2026-08-30T08:49:44.397324+00:00
NDJ,2021,25.73,-0.83,La Nina lemah,2026-08-30T08:49:44.397330+00:00
DJF,2022,25.79,-0.76,La Nina lemah,2026-08-30T08:49:44.397335+00:00
JFM,2022,26.09,-0.68,La Nina lemah,2026-08-30T08:49:44.397341+00:00
FMA,2022,26.46,-0.77,La Nina lemah,2026-08-30T08:49:44.397347+00:00
MAM,2022,26.77,-0.86,La Nina lemah,2026-08-30T08:49:44.397353+00:00
AMJ,2022,26.96,-0.83,La Nina lemah,2026-08-30T08:49:44.397359+00:00
MJJ,2022,26.9,-0.73,La Nina lemah,2026-08-30T08:49:44.397364+00:00
JJA,2022,26.59,-0.7,La Nina lemah,2026-08-30T08:49:44.397370+00:00
JAS,2022,26.18,-0.78,La Nina lemah,2026-08-30T08:49:44.397377+00:00
ASO,2022,25.89,-0.87,La Nina lemah,2026-08-30T08:49:44.397383+00:00
SON,2022,25.82,-0.89,La Nina lemah,2026-08-30T08:49:44.397389+00:00
OND,2022,25.83,-0.82,La Nina lemah,2026-08-30T08:49:44.397400+00:00
NDJ,2022,25.86,-0.7,La Nina lemah,2026-08-30T08:49:44.397409+00:00
DJF,2023,26.0,-0.55,La Nina lemah,2026-08-30T08:49:44.397415+00:00
JFM,2023,26.45,-0.33,Netral,2026-08-30T08:49:44.397422+00:00
FMA,2023,27.12,-0.11,Netral,2026-08-30T08:49:44.397428+00:00
MAM,2023,27.82,0.19,Netral,2026-08-30T08:49:44.397435+00:00
AMJ,2023,28.25,0.46,Netral,2026-08-30T08:49:44.397441+00:00
MJJ,2023,28.36,0.73,El Nino lemah,2026-08-30T08:49:44.397446+00:00
JJA,2023,28.29,1.0,El Nino moderat,2026-08-30T08:49:44.397479+00:00
JAS,2023,28.21,1.25,El Nino moderat,2026-08-30T08:49:44.397487+00:00
ASO,2023,28.26,1.5,El Nino kuat,2026-08-30T08:49:44.397494+00:00
SON,2023,28.45,1.74,El Nino kuat,2026-08-30T08:49:44.397500+00:00
OND,2023,28.55,1.9,El Nino kuat,2026-08-30T08:49:44.397507+00:00
NDJ,2023,28.55,1.99,El Nino kuat,2026-08-30T08:49:44.397518+00:00
DJF,2024,28.38,1.84,El Nino kuat,2026-08-30T08:49:44.397525+00:00
JFM,2024,28.3,1.53,El Nino kuat,2026-08-30T08:49:44.397531+00:00
FMA,2024,28.4,1.18,El Nino moderat,2026-08-30T08:49:44.397538+00:00
MAM,2024,28.4,0.77,El Nino lemah,2026-08-30T08:49:44.397544+00:00
AMJ,2024,28.23,0.43,Netral,2026-08-30T08:49:44.397551+00:00
MJJ,2024,27.8,0.18,Netral,2026-08-30T08:49:44.397557+00:00
JJA,2024,27.35,0.06,Netral,2026-08-30T08:49:44.397568+00:00
JAS,2024,26.92,-0.04,Netral,2026-08-30T08:49:44.397578+00:00
ASO,2024,26.64,-0.12,Netral,2026-08-30T08:49:44.397583+00:00
SON,2024,26.52,-0.19,Netral,2026-08-30T08:49:44.397588+00:00
OND,2024,26.35,-0.29,Netral,2026-08-30T08:49:44.397593+00:00
NDJ,2024,26.13,-0.43,Netral,2026-08-30T08:49:44.397598+00:00
DJF,2025,26.09,-0.46,Netral,2026-08-30T08:49:44.397603+00:00
JFM,2025,26.56,-0.22,Netral,2026-08-30T08:49:44.397609+00:00
FMA,2025,27.15,-0.08,Netral,2026-08-30T08:49:44.397614+00:00
MAM,2025,27.65,0.02,Netral,2026-08-30T08:49:44.397620+00:00
AMJ,2025,27.76,-0.04,Netral,2026-08-30T08:49:44.397626+00:00
MJJ,2025,27.61,-0.02,Netral,2026-08-30T08:49:44.397632+00:00
JJA,2025,27.18,-0.11,Netral,2026-08-30T08:49:44.397637+00:00
JAS,2025,26.7,-0.26,Netral,2026-08-30T08:49:44.397643+00:00
ASO,2025,26.33,-0.43,Netral,2026-08-30T08:49:44.397648+00:00
SON,2025,26.14,-0.57,La Nina lemah,2026-08-30T08:49:44.397654+00:00
OND,2025,26.04,-0.61,La Nina lemah,2026-08-30T08:49:44.397660+00:00
NDJ,2025,25.96,-0.6,La Nina lemah,2026-08-30T08:49:44.397665+00:00
DJF,2026,26.15,-0.39,Netral,2026-08-30T08:49:44.397671+00:00
JFM,2026,26.57,-0.21,Netral,2026-08-30T08:49:44.397676+00:00
FMA,2026,27.34,0.11,Netral,2026-08-30T08:49:44.397684+00:00
MAM,2026,28.09,0.46,Netral,2026-08-30T08:49:44.397690+00:00
AMJ,2026,28.74,0.95,El Nino lemah,2026-08-30T08:49:44.397698+00:00
MJJ,2026,29.02,1.39,El Nino moderat,2026-08-30T08:49:44.397703+00:00
JJA,2026,29.09,1.8,El Nino kuat,2026-09-03T23:33:59.119444+00:00
