sumber,komoditas,horizon,horizon_minggu,tanggal_data_terakhir,tanggal_target,harga_terkini,titik,metode_titik,lo80,hi80,lo95,hi95,n_sampel_rasio,n_obs_mingguan,skala_volatilitas,prob_naik_5,prob_naik_10,prob_turun_5,lebar80_persen,metode,diambil_pada_utc
SP2KP Kemendag,Bawang Bombai,1 minggu,1,2026-09-27,2026-10-04,32500.0,32500.0,naif,32269.7,32890.29,31384.5,33982.47,138,139,0.5,7.2,2.2,5.1,1.9,penduga bergerbang + kuantil empiris berpenskala volatilitas,2026-10-04T20:42:06.290910+00:00
SP2KP Kemendag,Bawang Bombai,1 bulan,4,2026-09-27,2026-10-25,32500.0,32500.0,naif,31317.78,34235.96,28700.26,38763.39,135,139,0.5,11.9,10.4,17.8,9.0,penduga bergerbang + kuantil empiris berpenskala volatilitas,2026-10-04T20:42:06.290910+00:00
SP2KP Kemendag,Bawang Merah,1 minggu,1,2026-09-27,2026-10-04,25666.67,25666.67,naif,24507.12,26908.93,23999.31,28553.42,138,139,0.5,18.1,10.1,20.3,9.4,penduga bergerbang + kuantil empiris berpenskala volatilitas,2026-10-04T20:42:06.290910+00:00
SP2KP Kemendag,Bawang Merah,1 bulan,4,2026-09-27,2026-10-25,25666.67,25666.67,naif,22396.36,28992.41,20838.47,31762.56,135,139,0.5,40.7,31.1,37.0,25.7,penduga bergerbang + kuantil empiris berpenskala volatilitas,2026-10-04T20:42:06.290910+00:00
SP2KP Kemendag,Bawang Putih Honan,1 minggu,1,2026-09-27,2026-10-04,30833.33,30833.33,naif,30507.05,31157.23,30169.93,31639.11,138,139,0.5,3.6,0.7,1.4,2.1,penduga bergerbang + kuantil empiris berpenskala volatilitas,2026-10-04T20:42:06.290910+00:00
SP2KP Kemendag,Bawang Putih Honan,1 bulan,4,2026-09-27,2026-10-25,30833.33,30833.33,naif,30177.23,31568.64,28562.32,32872.03,135,139,0.5,10.4,3.7,8.1,4.5,penduga bergerbang + kuantil empiris berpenskala volatilitas,2026-10-04T20:42:06.290910+00:00
SP2KP Kemendag,Bawang Putih Kating,1 minggu,1,2026-09-27,2026-10-04,37333.33,37333.33,naif,37009.56,37620.04,36484.62,38335.43,138,139,0.5,2.9,1.4,2.9,1.6,penduga bergerbang + kuantil empiris berpenskala volatilitas,2026-10-04T20:42:06.290910+00:00
SP2KP Kemendag,Bawang Putih Kating,1 bulan,4,2026-09-27,2026-10-25,37333.33,37333.33,naif,36160.27,37972.02,35691.4,40255.63,135,139,0.5,8.1,5.2,13.3,4.9,penduga bergerbang + kuantil empiris berpenskala volatilitas,2026-10-04T20:42:06.290910+00:00
SP2KP Kemendag,Beras Medium,1 minggu,1,2026-09-27,2026-10-04,13483.33,13483.33,naif,13455.19,13514.25,13388.41,13579.63,138,139,0.5,0.7,0.7,0.0,0.4,penduga bergerbang + kuantil empiris berpenskala volatilitas,2026-10-04T20:42:06.290910+00:00
SP2KP Kemendag,Beras Medium,1 bulan,4,2026-09-27,2026-10-25,13483.33,13483.33,naif,13347.01,13567.45,13242.09,13583.69,135,139,0.5,0.7,0.7,0.0,1.6,penduga bergerbang + kuantil empiris berpenskala volatilitas,2026-10-04T20:42:06.290910+00:00
SP2KP Kemendag,Cabai Merah Besar,1 minggu,1,2026-09-27,2026-10-04,41250.0,41250.0,naif,37209.86,45190.95,33346.9,50781.11,138,139,0.648,30.4,16.7,34.8,19.3,penduga bergerbang + kuantil empiris berpenskala volatilitas,2026-10-04T20:42:06.290910+00:00
SP2KP Kemendag,Cabai Merah Besar,1 bulan,4,2026-09-27,2026-10-25,41250.0,41250.0,naif,32722.92,50043.06,29253.69,56822.23,135,139,0.648,36.3,28.1,44.4,42.0,penduga bergerbang + kuantil empiris berpenskala volatilitas,2026-10-04T20:42:06.290910+00:00
SP2KP Kemendag,Cabai Merah Keriting,1 minggu,1,2026-09-27,2026-10-04,48666.67,48666.67,naif,41628.58,58559.73,33704.15,69301.71,138,139,1.003,32.6,23.2,39.1,34.8,penduga bergerbang + kuantil empiris berpenskala volatilitas,2026-10-04T20:42:06.290910+00:00
SP2KP Kemendag,Cabai Merah Keriting,1 bulan,4,2026-09-27,2026-10-25,48666.67,48666.67,naif,35161.98,66634.89,27559.91,88181.85,135,139,1.003,34.8,28.1,43.7,64.7,penduga bergerbang + kuantil empiris berpenskala volatilitas,2026-10-04T20:42:06.290910+00:00
SP2KP Kemendag,Cabai Rawit Hijau,1 minggu,1,2026-09-27,2026-10-04,43333.33,43333.33,naif,41346.26,45624.97,40090.84,47809.7,138,139,0.5,21.0,10.9,22.5,9.9,penduga bergerbang + kuantil empiris berpenskala volatilitas,2026-10-04T20:42:06.290910+00:00
SP2KP Kemendag,Cabai Rawit Hijau,1 bulan,4,2026-09-27,2026-10-25,43333.33,43333.33,naif,38926.05,48370.86,36881.87,60117.66,135,139,0.5,29.6,20.0,40.0,21.8,penduga bergerbang + kuantil empiris berpenskala volatilitas,2026-10-04T20:42:06.290910+00:00
SP2KP Kemendag,Cabai Rawit Merah,1 minggu,1,2026-09-27,2026-10-04,68166.67,63653.3,AR(p) selisih-log,61358.04,75914.09,56487.89,82391.84,138,139,0.5,39.1,29.0,35.5,21.4,penduga bergerbang + kuantil empiris berpenskala volatilitas,2026-10-04T20:42:06.290910+00:00
SP2KP Kemendag,Cabai Rawit Merah,1 bulan,4,2026-09-27,2026-10-25,68166.67,55293.26,AR(p) selisih-log,52244.39,88779.39,45249.01,109607.62,135,139,0.5,48.1,43.7,42.2,53.6,penduga bergerbang + kuantil empiris berpenskala volatilitas,2026-10-04T20:42:06.290910+00:00
SP2KP Kemendag,Daging Ayam Ras,1 minggu,1,2026-09-27,2026-10-04,39833.33,39833.33,naif,39145.3,40673.69,38311.02,41636.93,138,139,0.5,8.7,1.4,5.8,3.8,penduga bergerbang + kuantil empiris berpenskala volatilitas,2026-10-04T20:42:06.290910+00:00
SP2KP Kemendag,Daging Ayam Ras,1 bulan,4,2026-09-27,2026-10-25,39833.33,39833.33,naif,37806.92,42012.81,36551.85,43423.31,135,139,0.5,24.4,14.1,18.5,10.6,penduga bergerbang + kuantil empiris berpenskala volatilitas,2026-10-04T20:42:06.290910+00:00
SP2KP Kemendag,Gula Pasir Curah,1 minggu,1,2026-09-27,2026-10-04,17000.0,17000.0,naif,16726.54,17277.93,16423.28,17552.21,138,139,1.662,0.7,0.0,0.0,3.2,penduga bergerbang + kuantil empiris berpenskala volatilitas,2026-10-04T20:42:06.290910+00:00
SP2KP Kemendag,Gula Pasir Curah,1 bulan,4,2026-09-27,2026-10-25,17000.0,17000.0,naif,16381.99,17730.62,16114.59,18375.71,135,139,1.662,1.5,0.0,0.0,7.9,penduga bergerbang + kuantil empiris berpenskala volatilitas,2026-10-04T20:42:06.290910+00:00
SP2KP Kemendag,Ikan Bandeng,1 minggu,1,2026-09-27,2026-10-04,39111.17,39111.17,naif,39030.96,39252.29,38527.9,39487.14,138,139,0.5,0.7,0.7,2.2,0.6,penduga bergerbang + kuantil empiris berpenskala volatilitas,2026-10-04T20:42:06.290910+00:00
SP2KP Kemendag,Ikan Bandeng,1 bulan,4,2026-09-27,2026-10-25,39111.17,39111.17,naif,38832.21,39514.55,37875.9,39998.15,135,139,0.5,1.5,1.5,5.2,1.7,penduga bergerbang + kuantil empiris berpenskala volatilitas,2026-10-04T20:42:06.290910+00:00
SP2KP Kemendag,Ikan Tongkol,1 minggu,1,2026-09-27,2026-10-04,40000.0,40000.0,naif,39986.94,40168.14,39532.87,40528.03,138,139,0.5,2.2,0.7,0.7,0.5,penduga bergerbang + kuantil empiris berpenskala volatilitas,2026-10-04T20:42:06.290910+00:00
SP2KP Kemendag,Ikan Tongkol,1 bulan,4,2026-09-27,2026-10-25,40000.0,40000.0,naif,39877.41,40394.1,38690.16,41968.08,135,139,0.5,7.4,3.0,3.0,1.3,penduga bergerbang + kuantil empiris berpenskala volatilitas,2026-10-04T20:42:06.290910+00:00
SP2KP Kemendag,Jeruk Lokal,1 minggu,1,2026-09-27,2026-10-04,20333.33,20333.33,naif,20193.84,20507.02,19510.05,20943.37,138,139,0.563,3.6,0.0,3.6,1.5,penduga bergerbang + kuantil empiris berpenskala volatilitas,2026-10-04T20:42:06.290910+00:00
SP2KP Kemendag,Jeruk Lokal,1 bulan,4,2026-09-27,2026-10-25,20333.33,20333.33,naif,19370.23,20961.87,19114.47,21436.35,135,139,0.563,13.3,2.2,13.3,7.8,penduga bergerbang + kuantil empiris berpenskala volatilitas,2026-10-04T20:42:06.290910+00:00
SP2KP Kemendag,Kacang Panjang,1 minggu,1,2026-09-27,2026-10-04,9416.67,9416.67,naif,8914.38,10081.84,8193.47,10910.03,138,139,1.247,11.6,4.3,8.7,12.4,penduga bergerbang + kuantil empiris berpenskala volatilitas,2026-10-04T20:42:06.290910+00:00
SP2KP Kemendag,Kacang Panjang,1 bulan,4,2026-09-27,2026-10-25,9416.67,9416.67,naif,8328.58,11077.05,6999.94,13137.64,135,139,1.247,20.7,17.0,18.5,29.2,penduga bergerbang + kuantil empiris berpenskala volatilitas,2026-10-04T20:42:06.290910+00:00
SP2KP Kemendag,Kacang Tanah,1 minggu,1,2026-09-27,2026-10-04,39083.33,39083.33,naif,39000.91,39259.35,38705.27,39752.4,138,139,0.5,1.4,0.7,1.4,0.7,penduga bergerbang + kuantil empiris berpenskala volatilitas,2026-10-04T20:42:06.290910+00:00
SP2KP Kemendag,Kacang Tanah,1 bulan,4,2026-09-27,2026-10-25,39083.33,39083.33,naif,38738.28,39835.83,38022.05,41734.19,135,139,0.5,7.4,3.0,3.7,2.8,penduga bergerbang + kuantil empiris berpenskala volatilitas,2026-10-04T20:42:06.290910+00:00
SP2KP Kemendag,Kedelai Impor,1 minggu,1,2026-09-27,2026-10-04,12416.67,12416.67,naif,12378.48,12472.26,12034.93,12733.79,138,139,0.5,2.9,1.4,3.6,0.8,penduga bergerbang + kuantil empiris berpenskala volatilitas,2026-10-04T20:42:06.290910+00:00
SP2KP Kemendag,Kedelai Impor,1 bulan,4,2026-09-27,2026-10-25,12416.67,12416.67,naif,12033.52,12726.71,11682.56,12935.63,135,139,0.5,10.4,2.2,13.3,5.6,penduga bergerbang + kuantil empiris berpenskala volatilitas,2026-10-04T20:42:06.290910+00:00
SP2KP Kemendag,Kentang Sedang,1 minggu,1,2026-09-27,2026-10-04,16333.33,16333.33,naif,16165.26,16506.68,15792.53,16685.74,138,139,0.51,2.2,0.7,3.6,2.1,penduga bergerbang + kuantil empiris berpenskala volatilitas,2026-10-04T20:42:06.290910+00:00
SP2KP Kemendag,Kentang Sedang,1 bulan,4,2026-09-27,2026-10-25,16333.33,16333.33,naif,15845.37,16774.97,15301.64,17020.77,135,139,0.51,11.1,0.7,14.8,5.7,penduga bergerbang + kuantil empiris berpenskala volatilitas,2026-10-04T20:42:06.290910+00:00
SP2KP Kemendag,Ketimun Sedang,1 minggu,1,2026-09-27,2026-10-04,7666.67,7666.67,naif,6719.99,8644.05,5687.44,10392.69,138,139,1.354,15.9,9.4,16.7,25.1,penduga bergerbang + kuantil empiris berpenskala volatilitas,2026-10-04T20:42:06.290910+00:00
SP2KP Kemendag,Ketimun Sedang,1 bulan,4,2026-09-27,2026-10-25,7666.67,7666.67,naif,5288.04,11489.34,3601.28,17890.91,135,139,1.354,36.3,27.4,34.1,80.9,penduga bergerbang + kuantil empiris berpenskala volatilitas,2026-10-04T20:42:06.290910+00:00
SP2KP Kemendag,Minyak Goreng Sawit Curah,1 minggu,1,2026-09-27,2026-10-04,20133.33,20133.33,naif,20063.58,20237.57,19985.27,20423.54,138,139,0.5,1.4,0.0,0.0,0.9,penduga bergerbang + kuantil empiris berpenskala volatilitas,2026-10-04T20:42:06.290910+00:00
SP2KP Kemendag,Minyak Goreng Sawit Curah,1 bulan,4,2026-09-27,2026-10-25,20133.33,20133.33,naif,19985.05,20541.92,19909.68,20854.29,135,139,0.5,8.1,1.5,0.0,2.8,penduga bergerbang + kuantil empiris berpenskala volatilitas,2026-10-04T20:42:06.290910+00:00
SP2KP Kemendag,Minyak Goreng Sawit Kemasan Premium,1 minggu,1,2026-09-27,2026-10-04,21666.67,21666.67,naif,21506.16,21893.4,21263.16,22408.89,138,139,0.983,1.4,0.0,0.7,1.8,penduga bergerbang + kuantil empiris berpenskala volatilitas,2026-10-04T20:42:06.290910+00:00
SP2KP Kemendag,Minyak Goreng Sawit Kemasan Premium,1 bulan,4,2026-09-27,2026-10-25,21666.67,21666.67,naif,21345.86,22429.27,20869.98,22985.32,135,139,0.983,4.4,0.0,1.5,5.0,penduga bergerbang + kuantil empiris berpenskala volatilitas,2026-10-04T20:42:06.290910+00:00
SP2KP Kemendag,Minyakita,1 minggu,1,2026-09-27,2026-10-04,15566.67,15566.67,naif,15497.59,15646.1,15247.07,15869.43,138,139,0.5,1.4,0.0,2.2,1.0,penduga bergerbang + kuantil empiris berpenskala volatilitas,2026-10-04T20:42:06.290910+00:00
SP2KP Kemendag,Minyakita,1 bulan,4,2026-09-27,2026-10-25,15566.67,15566.67,naif,15426.83,15738.91,15044.94,16033.12,135,139,0.5,4.4,0.0,4.4,2.0,penduga bergerbang + kuantil empiris berpenskala volatilitas,2026-10-04T20:42:06.290910+00:00
SP2KP Kemendag,Pisang Lokal,1 minggu,1,2026-09-27,2026-10-04,17333.33,17333.33,naif,17202.3,17479.61,17030.32,17679.17,138,139,0.5,1.4,0.0,1.4,1.6,penduga bergerbang + kuantil empiris berpenskala volatilitas,2026-10-04T20:42:06.290910+00:00
SP2KP Kemendag,Pisang Lokal,1 bulan,4,2026-09-27,2026-10-25,17333.33,17333.33,naif,17035.21,17690.76,16159.08,18084.88,135,139,0.5,8.9,0.7,7.4,3.8,penduga bergerbang + kuantil empiris berpenskala volatilitas,2026-10-04T20:42:06.290910+00:00
SP2KP Kemendag,Sawi Hijau,1 minggu,1,2026-09-27,2026-10-04,7000.0,7000.0,naif,6755.85,7188.18,6511.51,7619.53,138,139,0.5,10.9,7.2,13.8,6.2,penduga bergerbang + kuantil empiris berpenskala volatilitas,2026-10-04T20:42:06.290910+00:00
SP2KP Kemendag,Sawi Hijau,1 bulan,4,2026-09-27,2026-10-25,7000.0,7000.0,naif,6424.54,7443.19,5878.31,8024.55,135,139,0.5,23.7,17.0,27.4,14.6,penduga bergerbang + kuantil empiris berpenskala volatilitas,2026-10-04T20:42:06.290910+00:00
SP2KP Kemendag,Telur Ayam Ras,1 minggu,1,2026-09-27,2026-10-04,24500.0,24500.0,naif,23928.98,25090.78,23609.44,25755.08,138,139,0.657,9.4,0.7,3.6,4.7,penduga bergerbang + kuantil empiris berpenskala volatilitas,2026-10-04T20:42:06.290910+00:00
SP2KP Kemendag,Telur Ayam Ras,1 bulan,4,2026-09-27,2026-10-25,24500.0,24500.0,naif,23200.64,25722.95,22402.13,27146.7,135,139,0.657,15.6,5.9,25.2,10.3,penduga bergerbang + kuantil empiris berpenskala volatilitas,2026-10-04T20:42:06.290910+00:00
SP2KP Kemendag,Tomat,1 minggu,1,2026-09-27,2026-10-04,7750.0,7750.0,naif,6375.21,9314.12,5480.9,10853.72,138,139,1.659,16.7,11.6,21.7,37.9,penduga bergerbang + kuantil empiris berpenskala volatilitas,2026-10-04T20:42:06.290910+00:00
SP2KP Kemendag,Tomat,1 bulan,4,2026-09-27,2026-10-25,7750.0,8238.42,AR(p) selisih-log,4170.21,11535.64,3477.31,15795.93,135,139,1.659,31.9,26.7,42.2,95.0,penduga bergerbang + kuantil empiris berpenskala volatilitas,2026-10-04T20:42:06.290910+00:00
DPKP DIY,Bawang Merah,1 minggu,1,2026-09-27,2026-10-04,30276.0,30330.51,AR(p) selisih-log,28972.8,31881.15,27343.38,33736.78,233,234,0.5,18.9,10.3,16.7,9.6,penduga bergerbang + kuantil empiris berpenskala volatilitas,2026-10-04T20:42:06.290910+00:00
DPKP DIY,Bawang Merah,1 bulan,4,2026-09-27,2026-10-25,30276.0,30276.0,naif,26171.5,34834.92,23935.28,37693.32,230,234,0.5,38.7,35.2,33.5,28.6,penduga bergerbang + kuantil empiris berpenskala volatilitas,2026-10-04T20:42:06.290910+00:00
DPKP DIY,Bawang Putih Bonggol,1 minggu,1,2026-09-27,2026-10-04,31769.0,31769.0,naif,31286.11,32446.93,29965.55,34065.98,233,234,0.577,6.4,3.9,6.4,3.7,penduga bergerbang + kuantil empiris berpenskala volatilitas,2026-10-04T20:42:06.290910+00:00
DPKP DIY,Bawang Putih Bonggol,1 bulan,4,2026-09-27,2026-10-25,31769.0,31769.0,naif,29894.72,33890.66,27847.71,36030.33,230,234,0.577,21.7,12.2,17.8,12.6,penduga bergerbang + kuantil empiris berpenskala volatilitas,2026-10-04T20:42:06.290910+00:00
DPKP DIY,Cabe Merah Besar,1 minggu,1,2026-09-27,2026-10-04,42000.0,42000.0,naif,38868.65,45532.15,34566.11,48725.39,233,234,0.5,27.5,22.7,25.8,15.9,penduga bergerbang + kuantil empiris berpenskala volatilitas,2026-10-04T20:42:06.290910+00:00
DPKP DIY,Cabe Merah Besar,1 bulan,4,2026-09-27,2026-10-25,42000.0,42000.0,naif,35496.48,48497.42,31712.62,58882.09,230,234,0.5,42.2,37.4,36.5,31.0,penduga bergerbang + kuantil empiris berpenskala volatilitas,2026-10-04T20:42:06.290910+00:00
DPKP DIY,Cabe Merah Keriting,1 minggu,1,2026-09-27,2026-10-04,47478.0,47478.0,naif,41589.22,54073.73,38040.08,62292.67,233,234,0.5,37.3,28.3,33.0,26.3,penduga bergerbang + kuantil empiris berpenskala volatilitas,2026-10-04T20:42:06.290910+00:00
DPKP DIY,Cabe Merah Keriting,1 bulan,4,2026-09-27,2026-10-25,47478.0,45836.07,AR(p) selisih-log,38406.18,58175.24,33786.59,75829.56,230,234,0.5,39.1,34.3,42.2,41.6,penduga bergerbang + kuantil empiris berpenskala volatilitas,2026-10-04T20:42:06.290910+00:00
DPKP DIY,Cabe Rawit Merah,1 minggu,1,2026-09-27,2026-10-04,68739.0,68739.0,naif,59529.72,79526.37,52696.07,87212.69,233,234,0.5,38.2,30.5,39.9,29.1,penduga bergerbang + kuantil empiris berpenskala volatilitas,2026-10-04T20:42:06.290910+00:00
DPKP DIY,Cabe Rawit Merah,1 bulan,4,2026-09-27,2026-10-25,68739.0,68739.0,naif,50181.41,97211.63,42674.25,122886.99,230,234,0.5,48.3,44.3,46.1,68.4,penduga bergerbang + kuantil empiris berpenskala volatilitas,2026-10-04T20:42:06.290910+00:00
DPKP DIY,Daging Ayam Ras,1 minggu,1,2026-09-27,2026-10-04,40810.0,40810.0,naif,39697.67,42021.45,38542.88,43352.47,233,234,0.5,15.0,3.9,10.7,5.7,penduga bergerbang + kuantil empiris berpenskala volatilitas,2026-10-04T20:42:06.290910+00:00
DPKP DIY,Daging Ayam Ras,1 bulan,4,2026-09-27,2026-10-25,40810.0,40810.0,naif,38962.27,43413.98,36106.58,45903.36,230,234,0.5,26.1,12.2,24.3,10.9,penduga bergerbang + kuantil empiris berpenskala volatilitas,2026-10-04T20:42:06.290910+00:00
DPKP DIY,Gula Pasir Konsumsi,1 minggu,1,2026-09-27,2026-10-04,17692.0,17692.0,naif,17657.28,17742.46,17429.88,18019.13,233,234,0.5,1.7,0.0,0.4,0.5,penduga bergerbang + kuantil empiris berpenskala volatilitas,2026-10-04T20:42:06.290910+00:00
DPKP DIY,Gula Pasir Konsumsi,1 bulan,4,2026-09-27,2026-10-25,17692.0,17692.0,naif,17436.67,18029.02,17361.28,18283.43,230,234,0.5,7.8,0.4,2.2,3.3,penduga bergerbang + kuantil empiris berpenskala volatilitas,2026-10-04T20:42:06.290910+00:00
DPKP DIY,Kedelai Biji Kering (Impor),1 minggu,1,2026-09-27,2026-10-04,11050.0,11050.0,naif,11049.2,11078.15,10759.45,11282.16,233,234,0.5,1.7,0.4,2.6,0.3,penduga bergerbang + kuantil empiris berpenskala volatilitas,2026-10-04T20:42:06.290910+00:00
DPKP DIY,Kedelai Biji Kering (Impor),1 bulan,4,2026-09-27,2026-10-25,11050.0,11050.0,naif,10612.2,11287.66,10286.99,11576.14,230,234,0.5,8.7,2.6,11.3,6.1,penduga bergerbang + kuantil empiris berpenskala volatilitas,2026-10-04T20:42:06.290910+00:00
DPKP DIY,Minyak Goreng Kemasan,1 minggu,1,2026-09-27,2026-10-04,21700.0,21700.0,naif,21649.26,21870.99,20767.95,22461.63,233,234,0.5,5.2,1.3,4.3,1.0,penduga bergerbang + kuantil empiris berpenskala volatilitas,2026-10-04T20:42:06.290910+00:00
DPKP DIY,Minyak Goreng Kemasan,1 bulan,4,2026-09-27,2026-10-25,21700.0,21700.0,naif,20964.19,22461.63,19137.6,23250.12,230,234,0.5,15.2,4.8,10.9,6.9,penduga bergerbang + kuantil empiris berpenskala volatilitas,2026-10-04T20:42:06.290910+00:00
DPKP DIY,Telur Ayam Ras,1 minggu,1,2026-09-27,2026-10-04,25280.0,25280.0,naif,24807.43,25946.24,24332.36,26446.32,233,234,0.5,10.3,2.1,7.3,4.5,penduga bergerbang + kuantil empiris berpenskala volatilitas,2026-10-04T20:42:06.290910+00:00
DPKP DIY,Telur Ayam Ras,1 bulan,4,2026-09-27,2026-10-25,25280.0,25280.0,naif,23982.71,26637.68,23592.72,27155.08,230,234,0.5,25.2,11.3,20.0,10.5,penduga bergerbang + kuantil empiris berpenskala volatilitas,2026-10-04T20:42:06.290910+00:00
