waktu_utc,tanggal_data,jenis,nama,kg,asal,total_portal_kg,dibuat_utc
2026-08-30T15:27:16.101016+00:00,,komoditas,Beras Medium,135190.0,tercatat,283700.0,2026-10-10T01:19:29.102437+00:00
2026-08-30T15:27:16.101016+00:00,,komoditas,Beras Premium,59020.0,tercatat,283700.0,2026-10-10T01:19:29.102437+00:00
2026-08-30T15:27:16.101016+00:00,,komoditas,Gabah Kering Giling (GKG),89450.0,tercatat,283700.0,2026-10-10T01:19:29.102437+00:00
2026-08-30T15:27:16.101016+00:00,,komoditas,Jagung,0.0,tercatat,283700.0,2026-10-10T01:19:29.102437+00:00
2026-08-30T15:27:16.101016+00:00,,komoditas,Kacang Hijau,0.0,tercatat,283700.0,2026-10-10T01:19:29.102437+00:00
2026-08-30T15:27:16.101016+00:00,,komoditas,Kacang Tanah,25.0,tercatat,283700.0,2026-10-10T01:19:29.102437+00:00
2026-08-30T15:27:16.101016+00:00,,komoditas,Kedelai,15.0,tercatat,283700.0,2026-10-10T01:19:29.102437+00:00
2026-08-30T15:27:16.101016+00:00,,turunan,Setara beras,250330.9,tercatat,283700.0,2026-10-10T01:19:29.102437+00:00
2026-08-30T15:27:16.101016+00:00,,wilayah,Kabupaten Bantul,0.0,tercatat,283700.0,2026-10-10T01:19:29.102437+00:00
2026-08-30T15:27:16.101016+00:00,,wilayah,Kabupaten Gunung Kidul,0.0,tercatat,283700.0,2026-10-10T01:19:29.102437+00:00
2026-08-30T15:27:16.101016+00:00,,wilayah,Kabupaten Kulon Progo,0.0,tercatat,283700.0,2026-10-10T01:19:29.102437+00:00
2026-08-30T15:27:16.101016+00:00,,wilayah,Kabupaten Sleman,182240.0,tercatat,283700.0,2026-10-10T01:19:29.102437+00:00
2026-08-30T15:27:16.101016+00:00,,wilayah,Kecamatan Sleman,0.0,tercatat,283700.0,2026-10-10T01:19:29.102437+00:00
2026-08-30T15:27:16.101016+00:00,,wilayah,Kota Yogyakarta,101460.0,tercatat,283700.0,2026-10-10T01:19:29.102437+00:00
2026-08-30T15:27:16.101016+00:00,,wilayah,Provinsi DI Yogyakarta,0.0,tercatat,283700.0,2026-10-10T01:19:29.102437+00:00
2026-08-31T02:02:53.154199+00:00,,komoditas,Beras Medium,69230.0,tercatat,79100.0,2026-10-10T01:19:29.102437+00:00
2026-08-31T02:02:53.154199+00:00,,komoditas,Beras Premium,9870.0,tercatat,79100.0,2026-10-10T01:19:29.102437+00:00
2026-08-31T02:02:53.154199+00:00,,komoditas,Gabah Kering Giling (GKG),0.0,tercatat,79100.0,2026-10-10T01:19:29.102437+00:00
2026-08-31T02:02:53.154199+00:00,,komoditas,Jagung,0.0,diturunkan,79100.0,2026-10-10T01:19:29.102437+00:00
2026-08-31T02:02:53.154199+00:00,,komoditas,Kacang Hijau,0.0,diturunkan,79100.0,2026-10-10T01:19:29.102437+00:00
2026-08-31T02:02:53.154199+00:00,,komoditas,Kacang Tanah,0.0,tercatat,79100.0,2026-10-10T01:19:29.102437+00:00
2026-08-31T02:02:53.154199+00:00,,komoditas,Kedelai,0.0,tercatat,79100.0,2026-10-10T01:19:29.102437+00:00
2026-08-31T02:02:53.154199+00:00,,turunan,Setara beras,79100.0,tercatat,79100.0,2026-10-10T01:19:29.102437+00:00
2026-08-31T02:02:53.154199+00:00,,wilayah,Kabupaten Bantul,0.0,diturunkan,79100.0,2026-10-10T01:19:29.102437+00:00
2026-08-31T02:02:53.154199+00:00,,wilayah,Kabupaten Gunung Kidul,0.0,diturunkan,79100.0,2026-10-10T01:19:29.102437+00:00
2026-08-31T02:02:53.154199+00:00,,wilayah,Kabupaten Kulon Progo,0.0,diturunkan,79100.0,2026-10-10T01:19:29.102437+00:00
2026-08-31T02:02:53.154199+00:00,,wilayah,Kabupaten Sleman,0.0,tercatat,79100.0,2026-10-10T01:19:29.102437+00:00
2026-08-31T02:02:53.154199+00:00,,wilayah,Kecamatan Sleman,0.0,diturunkan,79100.0,2026-10-10T01:19:29.102437+00:00
2026-08-31T02:02:53.154199+00:00,,wilayah,Kota Yogyakarta,79100.0,tercatat,79100.0,2026-10-10T01:19:29.102437+00:00
2026-08-31T02:02:53.154199+00:00,,wilayah,Provinsi DI Yogyakarta,0.0,diturunkan,79100.0,2026-10-10T01:19:29.102437+00:00
2026-08-31T06:04:28.975697+00:00,,komoditas,Beras Medium,70030.0,tercatat,85430.0,2026-10-10T01:19:29.102437+00:00
2026-08-31T06:04:28.975697+00:00,,komoditas,Beras Premium,9870.0,diturunkan,85430.0,2026-10-10T01:19:29.102437+00:00
2026-08-31T06:04:28.975697+00:00,,komoditas,Gabah Kering Giling (GKG),5500.0,tercatat,85430.0,2026-10-10T01:19:29.102437+00:00
2026-08-31T06:04:28.975697+00:00,,komoditas,Jagung,0.0,diturunkan,85430.0,2026-10-10T01:19:29.102437+00:00
2026-08-31T06:04:28.975697+00:00,,komoditas,Kacang Hijau,0.0,diturunkan,85430.0,2026-10-10T01:19:29.102437+00:00
2026-08-31T06:04:28.975697+00:00,,komoditas,Kacang Tanah,0.0,diturunkan,85430.0,2026-10-10T01:19:29.102437+00:00
2026-08-31T06:04:28.975697+00:00,,komoditas,Kedelai,30.0,tercatat,85430.0,2026-10-10T01:19:29.102437+00:00
2026-08-31T06:04:28.975697+00:00,,turunan,Setara beras,83350.7,tercatat,85430.0,2026-10-10T01:19:29.102437+00:00
2026-08-31T06:04:28.975697+00:00,,wilayah,Kabupaten Bantul,0.0,diturunkan,85430.0,2026-10-10T01:19:29.102437+00:00
2026-08-31T06:04:28.975697+00:00,,wilayah,Kabupaten Gunung Kidul,6330.0,tercatat,85430.0,2026-10-10T01:19:29.102437+00:00
2026-08-31T06:04:28.975697+00:00,,wilayah,Kabupaten Kulon Progo,0.0,diturunkan,85430.0,2026-10-10T01:19:29.102437+00:00
2026-08-31T06:04:28.975697+00:00,,wilayah,Kabupaten Sleman,0.0,diturunkan,85430.0,2026-10-10T01:19:29.102437+00:00
2026-08-31T06:04:28.975697+00:00,,wilayah,Kecamatan Sleman,0.0,diturunkan,85430.0,2026-10-10T01:19:29.102437+00:00
2026-08-31T06:04:28.975697+00:00,,wilayah,Kota Yogyakarta,79100.0,diturunkan,85430.0,2026-10-10T01:19:29.102437+00:00
2026-08-31T06:04:28.975697+00:00,,wilayah,Provinsi DI Yogyakarta,0.0,diturunkan,85430.0,2026-10-10T01:19:29.102437+00:00
2026-08-31T07:51:39.596044+00:00,,komoditas,Beras Medium,72480.0,tercatat,92130.0,2026-10-10T01:19:29.102437+00:00
2026-08-31T07:51:39.596044+00:00,,komoditas,Beras Premium,10620.0,tercatat,92130.0,2026-10-10T01:19:29.102437+00:00
2026-08-31T07:51:39.596044+00:00,,komoditas,Gabah Kering Giling (GKG),9000.0,tercatat_diskalakan,92130.0,2026-10-10T01:19:29.102437+00:00
2026-08-31T07:51:39.596044+00:00,,komoditas,Jagung,0.0,diturunkan,92130.0,2026-10-10T01:19:29.102437+00:00
2026-08-31T07:51:39.596044+00:00,,komoditas,Kacang Hijau,0.0,diturunkan,92130.0,2026-10-10T01:19:29.102437+00:00
2026-08-31T07:51:39.596044+00:00,,komoditas,Kacang Tanah,0.0,diturunkan,92130.0,2026-10-10T01:19:29.102437+00:00
2026-08-31T07:51:39.596044+00:00,,komoditas,Kedelai,30.0,diturunkan,92130.0,2026-10-10T01:19:29.102437+00:00
2026-08-31T07:51:39.596044+00:00,,turunan,Setara beras,88746.6,tercatat,92130.0,2026-10-10T01:19:29.102437+00:00
2026-08-31T07:51:39.596044+00:00,,wilayah,Kabupaten Bantul,6700.0,tercatat,92130.0,2026-10-10T01:19:29.102437+00:00
2026-08-31T07:51:39.596044+00:00,,wilayah,Kabupaten Gunung Kidul,6330.0,diturunkan,92130.0,2026-10-10T01:19:29.102437+00:00
2026-08-31T07:51:39.596044+00:00,,wilayah,Kabupaten Kulon Progo,0.0,diturunkan,92130.0,2026-10-10T01:19:29.102437+00:00
2026-08-31T07:51:39.596044+00:00,,wilayah,Kabupaten Sleman,0.0,diturunkan,92130.0,2026-10-10T01:19:29.102437+00:00
2026-08-31T07:51:39.596044+00:00,,wilayah,Kecamatan Sleman,0.0,diturunkan,92130.0,2026-10-10T01:19:29.102437+00:00
2026-08-31T07:51:39.596044+00:00,,wilayah,Kota Yogyakarta,79100.0,diturunkan,92130.0,2026-10-10T01:19:29.102437+00:00
2026-08-31T07:51:39.596044+00:00,,wilayah,Provinsi DI Yogyakarta,0.0,diturunkan,92130.0,2026-10-10T01:19:29.102437+00:00
2026-09-02T12:07:31.377162+00:00,,komoditas,Beras Medium,74880.0,tercatat,95030.0,2026-10-10T01:19:29.102437+00:00
2026-09-02T12:07:31.377162+00:00,,komoditas,Beras Premium,10620.0,diturunkan,95030.0,2026-10-10T01:19:29.102437+00:00
2026-09-02T12:07:31.377162+00:00,,komoditas,Gabah Kering Giling (GKG),9500.0,tercatat,95030.0,2026-10-10T01:19:29.102437+00:00
2026-09-02T12:07:31.377162+00:00,,komoditas,Jagung,0.0,diturunkan,95030.0,2026-10-10T01:19:29.102437+00:00
2026-09-02T12:07:31.377162+00:00,,komoditas,Kacang Hijau,0.0,diturunkan,95030.0,2026-10-10T01:19:29.102437+00:00
2026-09-02T12:07:31.377162+00:00,,komoditas,Kacang Tanah,0.0,diturunkan,95030.0,2026-10-10T01:19:29.102437+00:00
2026-09-02T12:07:31.377162+00:00,,komoditas,Kedelai,30.0,diturunkan,95030.0,2026-10-10T01:19:29.102437+00:00
2026-09-02T12:07:31.377162+00:00,,turunan,Setara beras,91460.3,tercatat,95030.0,2026-10-10T01:19:29.102437+00:00
2026-09-02T12:07:31.377162+00:00,,wilayah,Kabupaten Bantul,6700.0,diturunkan,95030.0,2026-10-10T01:19:29.102437+00:00
2026-09-02T12:07:31.377162+00:00,,wilayah,Kabupaten Gunung Kidul,6330.0,diturunkan,95030.0,2026-10-10T01:19:29.102437+00:00
2026-09-02T12:07:31.377162+00:00,,wilayah,Kabupaten Kulon Progo,2900.0,tercatat,95030.0,2026-10-10T01:19:29.102437+00:00
2026-09-02T12:07:31.377162+00:00,,wilayah,Kabupaten Sleman,0.0,diturunkan,95030.0,2026-10-10T01:19:29.102437+00:00
2026-09-02T12:07:31.377162+00:00,,wilayah,Kecamatan Sleman,0.0,diturunkan,95030.0,2026-10-10T01:19:29.102437+00:00
2026-09-02T12:07:31.377162+00:00,,wilayah,Kota Yogyakarta,79100.0,diturunkan,95030.0,2026-10-10T01:19:29.102437+00:00
2026-09-02T12:07:31.377162+00:00,,wilayah,Provinsi DI Yogyakarta,0.0,diturunkan,95030.0,2026-10-10T01:19:29.102437+00:00
2026-09-02T18:07:09.025826+00:00,,komoditas,Beras Medium,85180.0,tercatat,122530.0,2026-10-10T01:19:29.102437+00:00
2026-09-02T18:07:09.025826+00:00,,komoditas,Beras Premium,10620.0,diturunkan,122530.0,2026-10-10T01:19:29.102437+00:00
2026-09-02T18:07:09.025826+00:00,,komoditas,Gabah Kering Giling (GKG),26700.0,tercatat,122530.0,2026-10-10T01:19:29.102437+00:00
2026-09-02T18:07:09.025826+00:00,,komoditas,Jagung,0.0,diturunkan,122530.0,2026-10-10T01:19:29.102437+00:00
2026-09-02T18:07:09.025826+00:00,,komoditas,Kacang Hijau,0.0,diturunkan,122530.0,2026-10-10T01:19:29.102437+00:00
2026-09-02T18:07:09.025826+00:00,,komoditas,Kacang Tanah,0.0,diturunkan,122530.0,2026-10-10T01:19:29.102437+00:00
2026-09-02T18:07:09.025826+00:00,,komoditas,Kedelai,30.0,diturunkan,122530.0,2026-10-10T01:19:29.102437+00:00
2026-09-02T18:07:09.025826+00:00,,turunan,Setara beras,112551.6,tercatat,122530.0,2026-10-10T01:19:29.102437+00:00
2026-09-02T18:07:09.025826+00:00,,wilayah,Kabupaten Bantul,6700.0,diturunkan,122530.0,2026-10-10T01:19:29.102437+00:00
2026-09-02T18:07:09.025826+00:00,,wilayah,Kabupaten Gunung Kidul,6330.0,diturunkan,122530.0,2026-10-10T01:19:29.102437+00:00
2026-09-02T18:07:09.025826+00:00,,wilayah,Kabupaten Kulon Progo,30400.0,tercatat,122530.0,2026-10-10T01:19:29.102437+00:00
2026-09-02T18:07:09.025826+00:00,,wilayah,Kabupaten Sleman,0.0,diturunkan,122530.0,2026-10-10T01:19:29.102437+00:00
2026-09-02T18:07:09.025826+00:00,,wilayah,Kecamatan Sleman,0.0,diturunkan,122530.0,2026-10-10T01:19:29.102437+00:00
2026-09-02T18:07:09.025826+00:00,,wilayah,Kota Yogyakarta,79100.0,diturunkan,122530.0,2026-10-10T01:19:29.102437+00:00
2026-09-02T18:07:09.025826+00:00,,wilayah,Provinsi DI Yogyakarta,0.0,diturunkan,122530.0,2026-10-10T01:19:29.102437+00:00
2026-09-04T06:06:43.432949+00:00,,komoditas,Beras Medium,134380.0,tercatat,220360.0,2026-10-10T01:19:29.102437+00:00
2026-09-04T06:06:43.432949+00:00,,komoditas,Beras Premium,45820.0,tercatat,220360.0,2026-10-10T01:19:29.102437+00:00
2026-09-04T06:06:43.432949+00:00,,komoditas,Gabah Kering Giling (GKG),40100.0,tercatat,220360.0,2026-10-10T01:19:29.102437+00:00
2026-09-04T06:06:43.432949+00:00,,komoditas,Jagung,0.0,diturunkan,220360.0,2026-10-10T01:19:29.102437+00:00
2026-09-04T06:06:43.432949+00:00,,komoditas,Kacang Hijau,0.0,diturunkan,220360.0,2026-10-10T01:19:29.102437+00:00
2026-09-04T06:06:43.432949+00:00,,komoditas,Kacang Tanah,20.0,tercatat,220360.0,2026-10-10T01:19:29.102437+00:00
2026-09-04T06:06:43.432949+00:00,,komoditas,Kedelai,40.0,tercatat,220360.0,2026-10-10T01:19:29.102437+00:00
2026-09-04T06:06:43.432949+00:00,,turunan,Setara beras,205358.7,tercatat,220360.0,2026-10-10T01:19:29.102437+00:00
2026-09-04T06:06:43.432949+00:00,,wilayah,Kabupaten Bantul,6700.0,diturunkan,220360.0,2026-10-10T01:19:29.102437+00:00
2026-09-04T06:06:43.432949+00:00,,wilayah,Kabupaten Gunung Kidul,6330.0,diturunkan,220360.0,2026-10-10T01:19:29.102437+00:00
2026-09-04T06:06:43.432949+00:00,,wilayah,Kabupaten Kulon Progo,30400.0,diturunkan,220360.0,2026-10-10T01:19:29.102437+00:00
2026-09-04T06:06:43.432949+00:00,,wilayah,Kabupaten Sleman,97830.0,tercatat,220360.0,2026-10-10T01:19:29.102437+00:00
2026-09-04T06:06:43.432949+00:00,,wilayah,Kecamatan Sleman,0.0,diturunkan,220360.0,2026-10-10T01:19:29.102437+00:00
2026-09-04T06:06:43.432949+00:00,,wilayah,Kota Yogyakarta,79100.0,diturunkan,220360.0,2026-10-10T01:19:29.102437+00:00
2026-09-04T06:06:43.432949+00:00,,wilayah,Provinsi DI Yogyakarta,0.0,diturunkan,220360.0,2026-10-10T01:19:29.102437+00:00
2026-09-07T06:07:44.579159+00:00,,komoditas,Beras Medium,68540.0,tercatat,76990.0,2026-10-10T01:19:29.102437+00:00
2026-09-07T06:07:44.579159+00:00,,komoditas,Beras Premium,8450.0,tercatat,76990.0,2026-10-10T01:19:29.102437+00:00
2026-09-07T06:07:44.579159+00:00,,komoditas,Gabah Kering Giling (GKG),0.0,nol_diturunkan,76990.0,2026-10-10T01:19:29.102437+00:00
2026-09-07T06:07:44.579159+00:00,,komoditas,Jagung,0.0,diturunkan,76990.0,2026-10-10T01:19:29.102437+00:00
2026-09-07T06:07:44.579159+00:00,,komoditas,Kacang Hijau,0.0,diturunkan,76990.0,2026-10-10T01:19:29.102437+00:00
2026-09-07T06:07:44.579159+00:00,,komoditas,Kacang Tanah,0.0,nol_diturunkan,76990.0,2026-10-10T01:19:29.102437+00:00
2026-09-07T06:07:44.579159+00:00,,komoditas,Kedelai,0.0,nol_diturunkan,76990.0,2026-10-10T01:19:29.102437+00:00
2026-09-07T06:07:44.579159+00:00,,turunan,Setara beras,76990.0,tercatat,76990.0,2026-10-10T01:19:29.102437+00:00
2026-09-07T06:07:44.579159+00:00,,wilayah,Kabupaten Bantul,0.0,nol_diturunkan,76990.0,2026-10-10T01:19:29.102437+00:00
2026-09-07T06:07:44.579159+00:00,,wilayah,Kabupaten Gunung Kidul,0.0,nol_diturunkan,76990.0,2026-10-10T01:19:29.102437+00:00
2026-09-07T06:07:44.579159+00:00,,wilayah,Kabupaten Kulon Progo,0.0,nol_diturunkan,76990.0,2026-10-10T01:19:29.102437+00:00
2026-09-07T06:07:44.579159+00:00,,wilayah,Kabupaten Sleman,0.0,nol_diturunkan,76990.0,2026-10-10T01:19:29.102437+00:00
2026-09-07T06:07:44.579159+00:00,,wilayah,Kecamatan Sleman,0.0,diturunkan,76990.0,2026-10-10T01:19:29.102437+00:00
2026-09-07T06:07:44.579159+00:00,,wilayah,Kota Yogyakarta,76990.0,tercatat,76990.0,2026-10-10T01:19:29.102437+00:00
2026-09-07T06:07:44.579159+00:00,,wilayah,Provinsi DI Yogyakarta,0.0,diturunkan,76990.0,2026-10-10T01:19:29.102437+00:00
2026-09-14T01:10:47.565518+00:00,,komoditas,Beras Medium,85540.0,tercatat,96990.0,2026-10-10T01:19:29.102437+00:00
2026-09-14T01:10:47.565518+00:00,,komoditas,Beras Premium,8450.0,diturunkan,96990.0,2026-10-10T01:19:29.102437+00:00
2026-09-14T01:10:47.565518+00:00,,komoditas,Gabah Kering Giling (GKG),3000.0,tercatat_diskalakan,96990.0,2026-10-10T01:19:29.102437+00:00
2026-09-14T01:10:47.565518+00:00,,komoditas,Jagung,0.0,diturunkan,96990.0,2026-10-10T01:19:29.102437+00:00
2026-09-14T01:10:47.565518+00:00,,komoditas,Kacang Hijau,0.0,diturunkan,96990.0,2026-10-10T01:19:29.102437+00:00
2026-09-14T01:10:47.565518+00:00,,komoditas,Kacang Tanah,0.0,diturunkan,96990.0,2026-10-10T01:19:29.102437+00:00
2026-09-14T01:10:47.565518+00:00,,komoditas,Kedelai,0.0,diturunkan,96990.0,2026-10-10T01:19:29.102437+00:00
2026-09-14T01:10:47.565518+00:00,,turunan,Setara beras,95872.2,tercatat,96990.0,2026-10-10T01:19:29.102437+00:00
2026-09-14T01:10:47.565518+00:00,,wilayah,Kabupaten Bantul,0.0,diturunkan,96990.0,2026-10-10T01:19:29.102437+00:00
2026-09-14T01:10:47.565518+00:00,,wilayah,Kabupaten Gunung Kidul,0.0,diturunkan,96990.0,2026-10-10T01:19:29.102437+00:00
2026-09-14T01:10:47.565518+00:00,,wilayah,Kabupaten Kulon Progo,0.0,diturunkan,96990.0,2026-10-10T01:19:29.102437+00:00
2026-09-14T01:10:47.565518+00:00,,wilayah,Kabupaten Sleman,20000.0,tercatat,96990.0,2026-10-10T01:19:29.102437+00:00
2026-09-14T01:10:47.565518+00:00,,wilayah,Kecamatan Sleman,0.0,diturunkan,96990.0,2026-10-10T01:19:29.102437+00:00
2026-09-14T01:10:47.565518+00:00,,wilayah,Kota Yogyakarta,76990.0,diturunkan,96990.0,2026-10-10T01:19:29.102437+00:00
2026-09-14T01:10:47.565518+00:00,,wilayah,Provinsi DI Yogyakarta,0.0,diturunkan,96990.0,2026-10-10T01:19:29.102437+00:00
2026-09-14T02:04:07.177819+00:00,,komoditas,Beras Medium,238040.0,tercatat,742105.0,2026-10-10T01:19:29.102437+00:00
2026-09-14T02:04:07.177819+00:00,,komoditas,Beras Premium,38250.0,tercatat,742105.0,2026-10-10T01:19:29.102437+00:00
2026-09-14T02:04:07.177819+00:00,,komoditas,Gabah Kering Giling (GKG),465800.0,tercatat,742105.0,2026-10-10T01:19:29.102437+00:00
2026-09-14T02:04:07.177819+00:00,,komoditas,Jagung,0.0,diturunkan,742105.0,2026-10-10T01:19:29.102437+00:00
2026-09-14T02:04:07.177819+00:00,,komoditas,Kacang Hijau,0.0,diturunkan,742105.0,2026-10-10T01:19:29.102437+00:00
2026-09-14T02:04:07.177819+00:00,,komoditas,Kacang Tanah,10.0,tercatat,742105.0,2026-10-10T01:19:29.102437+00:00
2026-09-14T02:04:07.177819+00:00,,komoditas,Kedelai,5.0,tercatat,742105.0,2026-10-10T01:19:29.102437+00:00
2026-09-14T02:04:07.177819+00:00,,turunan,Setara beras,568532.9,tercatat,742105.0,2026-10-10T01:19:29.102437+00:00
2026-09-14T02:04:07.177819+00:00,,wilayah,Kabupaten Bantul,0.0,diturunkan,742105.0,2026-10-10T01:19:29.102437+00:00
2026-09-14T02:04:07.177819+00:00,,wilayah,Kabupaten Gunung Kidul,0.0,diturunkan,742105.0,2026-10-10T01:19:29.102437+00:00
2026-09-14T02:04:07.177819+00:00,,wilayah,Kabupaten Kulon Progo,0.0,diturunkan,742105.0,2026-10-10T01:19:29.102437+00:00
2026-09-14T02:04:07.177819+00:00,,wilayah,Kabupaten Sleman,95115.0,tercatat,742105.0,2026-10-10T01:19:29.102437+00:00
2026-09-14T02:04:07.177819+00:00,,wilayah,Kecamatan Sleman,570000.0,tercatat,742105.0,2026-10-10T01:19:29.102437+00:00
2026-09-14T02:04:07.177819+00:00,,wilayah,Kota Yogyakarta,76990.0,diturunkan,742105.0,2026-10-10T01:19:29.102437+00:00
2026-09-14T02:04:07.177819+00:00,,wilayah,Provinsi DI Yogyakarta,0.0,diturunkan,742105.0,2026-10-10T01:19:29.102437+00:00
2026-09-14T06:07:41.726229+00:00,,komoditas,Beras Medium,109450.0,tercatat,173965.0,2026-10-10T01:19:29.102437+00:00
2026-09-14T06:07:41.726229+00:00,,komoditas,Beras Premium,49800.0,tercatat,173965.0,2026-10-10T01:19:29.102437+00:00
2026-09-14T06:07:41.726229+00:00,,komoditas,Gabah Kering Giling (GKG),14700.0,tercatat,173965.0,2026-10-10T01:19:29.102437+00:00
2026-09-14T06:07:41.726229+00:00,,komoditas,Jagung,0.0,diturunkan,173965.0,2026-10-10T01:19:29.102437+00:00
2026-09-14T06:07:41.726229+00:00,,komoditas,Kacang Hijau,0.0,diturunkan,173965.0,2026-10-10T01:19:29.102437+00:00
2026-09-14T06:07:41.726229+00:00,,komoditas,Kacang Tanah,10.0,diturunkan,173965.0,2026-10-10T01:19:29.102437+00:00
2026-09-14T06:07:41.726229+00:00,,komoditas,Kedelai,5.0,diturunkan,173965.0,2026-10-10T01:19:29.102437+00:00
2026-09-14T06:07:41.726229+00:00,,turunan,Setara beras,168472.8,tercatat,173965.0,2026-10-10T01:19:29.102437+00:00
2026-09-14T06:07:41.726229+00:00,,wilayah,Kabupaten Bantul,0.0,diturunkan,173965.0,2026-10-10T01:19:29.102437+00:00
2026-09-14T06:07:41.726229+00:00,,wilayah,Kabupaten Gunung Kidul,0.0,diturunkan,173965.0,2026-10-10T01:19:29.102437+00:00
2026-09-14T06:07:41.726229+00:00,,wilayah,Kabupaten Kulon Progo,0.0,diturunkan,173965.0,2026-10-10T01:19:29.102437+00:00
2026-09-14T06:07:41.726229+00:00,,wilayah,Kabupaten Sleman,74715.0,tercatat,173965.0,2026-10-10T01:19:29.102437+00:00
2026-09-14T06:07:41.726229+00:00,,wilayah,Kecamatan Sleman,0.0,nol_diturunkan,173965.0,2026-10-10T01:19:29.102437+00:00
2026-09-14T06:07:41.726229+00:00,,wilayah,Kota Yogyakarta,99250.0,tercatat,173965.0,2026-10-10T01:19:29.102437+00:00
2026-09-14T06:07:41.726229+00:00,,wilayah,Provinsi DI Yogyakarta,0.0,diturunkan,173965.0,2026-10-10T01:19:29.102437+00:00
2026-09-18T06:07:07.215250+00:00,,komoditas,Beras Medium,134300.0,tercatat,256015.0,2026-10-10T01:19:29.102437+00:00
2026-09-18T06:07:07.215250+00:00,,komoditas,Beras Premium,51000.0,tercatat_diskalakan,256015.0,2026-10-10T01:19:29.102437+00:00
2026-09-18T06:07:07.215250+00:00,,komoditas,Gabah Kering Giling (GKG),70700.0,tercatat,256015.0,2026-10-10T01:19:29.102437+00:00
2026-09-18T06:07:07.215250+00:00,,komoditas,Jagung,0.0,diturunkan,256015.0,2026-10-10T01:19:29.102437+00:00
2026-09-18T06:07:07.215250+00:00,,komoditas,Kacang Hijau,0.0,diturunkan,256015.0,2026-10-10T01:19:29.102437+00:00
2026-09-18T06:07:07.215250+00:00,,komoditas,Kacang Tanah,10.0,diturunkan,256015.0,2026-10-10T01:19:29.102437+00:00
2026-09-18T06:07:07.215250+00:00,,komoditas,Kedelai,5.0,diturunkan,256015.0,2026-10-10T01:19:29.102437+00:00
2026-09-18T06:07:07.215250+00:00,,turunan,Setara beras,229657.2,tercatat,256015.0,2026-10-10T01:19:29.102437+00:00
2026-09-18T06:07:07.215250+00:00,,wilayah,Kabupaten Bantul,0.0,diturunkan,256015.0,2026-10-10T01:19:29.102437+00:00
2026-09-18T06:07:07.215250+00:00,,wilayah,Kabupaten Gunung Kidul,0.0,diturunkan,256015.0,2026-10-10T01:19:29.102437+00:00
2026-09-18T06:07:07.215250+00:00,,wilayah,Kabupaten Kulon Progo,0.0,diturunkan,256015.0,2026-10-10T01:19:29.102437+00:00
2026-09-18T06:07:07.215250+00:00,,wilayah,Kabupaten Sleman,154515.0,tercatat,256015.0,2026-10-10T01:19:29.102437+00:00
2026-09-18T06:07:07.215250+00:00,,wilayah,Kecamatan Sleman,4050.0,tercatat,256015.0,2026-10-10T01:19:29.102437+00:00
2026-09-18T06:07:07.215250+00:00,,wilayah,Kota Yogyakarta,97450.0,tercatat,256015.0,2026-10-10T01:19:29.102437+00:00
2026-09-18T06:07:07.215250+00:00,,wilayah,Provinsi DI Yogyakarta,0.0,diturunkan,256015.0,2026-10-10T01:19:29.102437+00:00
2026-09-21T02:03:27.978101+00:00,,komoditas,Beras Medium,6000.0,tercatat_diskalakan,24000.0,2026-10-10T01:19:29.102437+00:00
2026-09-21T02:03:27.978101+00:00,,komoditas,Beras Premium,18000.0,tercatat_diskalakan,24000.0,2026-10-10T01:19:29.102437+00:00
2026-09-21T02:03:27.978101+00:00,,komoditas,Gabah Kering Giling (GKG),0.0,nol_diturunkan,24000.0,2026-10-10T01:19:29.102437+00:00
2026-09-21T02:03:27.978101+00:00,,komoditas,Jagung,0.0,diturunkan,24000.0,2026-10-10T01:19:29.102437+00:00
2026-09-21T02:03:27.978101+00:00,,komoditas,Kacang Hijau,0.0,diturunkan,24000.0,2026-10-10T01:19:29.102437+00:00
2026-09-21T02:03:27.978101+00:00,,komoditas,Kacang Tanah,0.0,nol_diturunkan,24000.0,2026-10-10T01:19:29.102437+00:00
2026-09-21T02:03:27.978101+00:00,,komoditas,Kedelai,0.0,nol_diturunkan,24000.0,2026-10-10T01:19:29.102437+00:00
2026-09-21T02:03:27.978101+00:00,,turunan,Setara beras,24000.0,diturunkan,24000.0,2026-10-10T01:19:29.102437+00:00
2026-09-21T02:03:27.978101+00:00,,wilayah,Kabupaten Bantul,0.0,diturunkan,24000.0,2026-10-10T01:19:29.102437+00:00
2026-09-21T02:03:27.978101+00:00,,wilayah,Kabupaten Gunung Kidul,0.0,diturunkan,24000.0,2026-10-10T01:19:29.102437+00:00
2026-09-21T02:03:27.978101+00:00,,wilayah,Kabupaten Kulon Progo,0.0,diturunkan,24000.0,2026-10-10T01:19:29.102437+00:00
2026-09-21T02:03:27.978101+00:00,,wilayah,Kabupaten Sleman,0.0,nol_diturunkan,24000.0,2026-10-10T01:19:29.102437+00:00
2026-09-21T02:03:27.978101+00:00,,wilayah,Kecamatan Sleman,0.0,nol_diturunkan,24000.0,2026-10-10T01:19:29.102437+00:00
2026-09-21T02:03:27.978101+00:00,,wilayah,Kota Yogyakarta,24000.0,tercatat,24000.0,2026-10-10T01:19:29.102437+00:00
2026-09-21T02:03:27.978101+00:00,,wilayah,Provinsi DI Yogyakarta,0.0,diturunkan,24000.0,2026-10-10T01:19:29.102437+00:00
2026-09-21T06:07:59.876295+00:00,,komoditas,Beras Medium,10500.0,tercatat,34100.0,2026-10-10T01:19:29.102437+00:00
2026-09-21T06:07:59.876295+00:00,,komoditas,Beras Premium,23600.0,tercatat,34100.0,2026-10-10T01:19:29.102437+00:00
2026-09-21T06:07:59.876295+00:00,,komoditas,Gabah Kering Giling (GKG),0.0,diturunkan,34100.0,2026-10-10T01:19:29.102437+00:00
2026-09-21T06:07:59.876295+00:00,,komoditas,Jagung,0.0,diturunkan,34100.0,2026-10-10T01:19:29.102437+00:00
2026-09-21T06:07:59.876295+00:00,,komoditas,Kacang Hijau,0.0,diturunkan,34100.0,2026-10-10T01:19:29.102437+00:00
2026-09-21T06:07:59.876295+00:00,,komoditas,Kacang Tanah,0.0,diturunkan,34100.0,2026-10-10T01:19:29.102437+00:00
2026-09-21T06:07:59.876295+00:00,,komoditas,Kedelai,0.0,diturunkan,34100.0,2026-10-10T01:19:29.102437+00:00
2026-09-21T06:07:59.876295+00:00,,turunan,Setara beras,34100.0,tercatat,34100.0,2026-10-10T01:19:29.102437+00:00
2026-09-21T06:07:59.876295+00:00,,wilayah,Kabupaten Bantul,0.0,diturunkan,34100.0,2026-10-10T01:19:29.102437+00:00
2026-09-21T06:07:59.876295+00:00,,wilayah,Kabupaten Gunung Kidul,0.0,diturunkan,34100.0,2026-10-10T01:19:29.102437+00:00
2026-09-21T06:07:59.876295+00:00,,wilayah,Kabupaten Kulon Progo,0.0,diturunkan,34100.0,2026-10-10T01:19:29.102437+00:00
2026-09-21T06:07:59.876295+00:00,,wilayah,Kabupaten Sleman,0.0,diturunkan,34100.0,2026-10-10T01:19:29.102437+00:00
2026-09-21T06:07:59.876295+00:00,,wilayah,Kecamatan Sleman,0.0,diturunkan,34100.0,2026-10-10T01:19:29.102437+00:00
2026-09-21T06:07:59.876295+00:00,,wilayah,Kota Yogyakarta,34100.0,tercatat,34100.0,2026-10-10T01:19:29.102437+00:00
2026-09-21T06:07:59.876295+00:00,,wilayah,Provinsi DI Yogyakarta,0.0,diturunkan,34100.0,2026-10-10T01:19:29.102437+00:00
2026-09-21T12:06:49.658375+00:00,,komoditas,Beras Medium,11500.0,tercatat,43250.0,2026-10-10T01:19:29.102437+00:00
2026-09-21T12:06:49.658375+00:00,,komoditas,Beras Premium,23800.0,tercatat,43250.0,2026-10-10T01:19:29.102437+00:00
2026-09-21T12:06:49.658375+00:00,,komoditas,Gabah Kering Giling (GKG),5900.0,tercatat,43250.0,2026-10-10T01:19:29.102437+00:00
2026-09-21T12:06:49.658375+00:00,,komoditas,Jagung,2000.0,tercatat_diskalakan,43250.0,2026-10-10T01:19:29.102437+00:00
2026-09-21T12:06:49.658375+00:00,,komoditas,Kacang Hijau,0.0,diturunkan,43250.0,2026-10-10T01:19:29.102437+00:00
2026-09-21T12:06:49.658375+00:00,,komoditas,Kacang Tanah,0.0,diturunkan,43250.0,2026-10-10T01:19:29.102437+00:00
2026-09-21T12:06:49.658375+00:00,,komoditas,Kedelai,50.0,tercatat,43250.0,2026-10-10T01:19:29.102437+00:00
2026-09-21T12:06:49.658375+00:00,,turunan,Setara beras,39001.7,tercatat,43250.0,2026-10-10T01:19:29.102437+00:00
2026-09-21T12:06:49.658375+00:00,,wilayah,Kabupaten Bantul,0.0,diturunkan,43250.0,2026-10-10T01:19:29.102437+00:00
2026-09-21T12:06:49.658375+00:00,,wilayah,Kabupaten Gunung Kidul,9150.0,tercatat,43250.0,2026-10-10T01:19:29.102437+00:00
2026-09-21T12:06:49.658375+00:00,,wilayah,Kabupaten Kulon Progo,0.0,diturunkan,43250.0,2026-10-10T01:19:29.102437+00:00
2026-09-21T12:06:49.658375+00:00,,wilayah,Kabupaten Sleman,0.0,diturunkan,43250.0,2026-10-10T01:19:29.102437+00:00
2026-09-21T12:06:49.658375+00:00,,wilayah,Kecamatan Sleman,0.0,diturunkan,43250.0,2026-10-10T01:19:29.102437+00:00
2026-09-21T12:06:49.658375+00:00,,wilayah,Kota Yogyakarta,34100.0,diturunkan,43250.0,2026-10-10T01:19:29.102437+00:00
2026-09-21T12:06:49.658375+00:00,,wilayah,Provinsi DI Yogyakarta,0.0,diturunkan,43250.0,2026-10-10T01:19:29.102437+00:00
2026-09-23T02:03:38.264757+00:00,,komoditas,Beras Medium,43000.0,tercatat_diskalakan,116705.0,2026-10-10T01:19:29.102437+00:00
2026-09-23T02:03:38.264757+00:00,,komoditas,Beras Premium,54400.0,tercatat,116705.0,2026-10-10T01:19:29.102437+00:00
2026-09-23T02:03:38.264757+00:00,,komoditas,Gabah Kering Giling (GKG),17100.0,tercatat,116705.0,2026-10-10T01:19:29.102437+00:00
2026-09-23T02:03:38.264757+00:00,,komoditas,Jagung,2000.0,diturunkan,116705.0,2026-10-10T01:19:29.102437+00:00
2026-09-23T02:03:38.264757+00:00,,komoditas,Kacang Hijau,0.0,diturunkan,116705.0,2026-10-10T01:19:29.102437+00:00
2026-09-23T02:03:38.264757+00:00,,komoditas,Kacang Tanah,50.0,tercatat,116705.0,2026-10-10T01:19:29.102437+00:00
2026-09-23T02:03:38.264757+00:00,,komoditas,Kedelai,155.0,tercatat,116705.0,2026-10-10T01:19:29.102437+00:00
2026-09-23T02:03:38.264757+00:00,,turunan,Setara beras,108128.5,tercatat,116705.0,2026-10-10T01:19:29.102437+00:00
2026-09-23T02:03:38.264757+00:00,,wilayah,Kabupaten Bantul,0.0,diturunkan,116705.0,2026-10-10T01:19:29.102437+00:00
2026-09-23T02:03:38.264757+00:00,,wilayah,Kabupaten Gunung Kidul,9150.0,diturunkan,116705.0,2026-10-10T01:19:29.102437+00:00
2026-09-23T02:03:38.264757+00:00,,wilayah,Kabupaten Kulon Progo,0.0,diturunkan,116705.0,2026-10-10T01:19:29.102437+00:00
2026-09-23T02:03:38.264757+00:00,,wilayah,Kabupaten Sleman,73455.0,tercatat,116705.0,2026-10-10T01:19:29.102437+00:00
2026-09-23T02:03:38.264757+00:00,,wilayah,Kecamatan Sleman,0.0,diturunkan,116705.0,2026-10-10T01:19:29.102437+00:00
2026-09-23T02:03:38.264757+00:00,,wilayah,Kota Yogyakarta,34100.0,diturunkan,116705.0,2026-10-10T01:19:29.102437+00:00
2026-09-23T02:03:38.264757+00:00,,wilayah,Provinsi DI Yogyakarta,0.0,diturunkan,116705.0,2026-10-10T01:19:29.102437+00:00
2026-09-28T02:03:46.778526+00:00,,komoditas,Beras Medium,69600.0,tercatat,201305.0,2026-10-10T01:19:29.102437+00:00
2026-09-28T02:03:46.778526+00:00,,komoditas,Beras Premium,57400.0,tercatat,201305.0,2026-10-10T01:19:29.102437+00:00
2026-09-28T02:03:46.778526+00:00,,komoditas,Gabah Kering Giling (GKG),72100.0,tercatat,201305.0,2026-10-10T01:19:29.102437+00:00
2026-09-28T02:03:46.778526+00:00,,komoditas,Jagung,2000.0,diturunkan,201305.0,2026-10-10T01:19:29.102437+00:00
2026-09-28T02:03:46.778526+00:00,,komoditas,Kacang Hijau,0.0,diturunkan,201305.0,2026-10-10T01:19:29.102437+00:00
2026-09-28T02:03:46.778526+00:00,,komoditas,Kacang Tanah,50.0,diturunkan,201305.0,2026-10-10T01:19:29.102437+00:00
2026-09-28T02:03:46.778526+00:00,,komoditas,Kedelai,155.0,diturunkan,201305.0,2026-10-10T01:19:29.102437+00:00
2026-09-28T02:03:46.778526+00:00,,turunan,Setara beras,172235.5,tercatat,201305.0,2026-10-10T01:19:29.102437+00:00
2026-09-28T02:03:46.778526+00:00,,wilayah,Kabupaten Bantul,0.0,diturunkan,201305.0,2026-10-10T01:19:29.102437+00:00
2026-09-28T02:03:46.778526+00:00,,wilayah,Kabupaten Gunung Kidul,9150.0,diturunkan,201305.0,2026-10-10T01:19:29.102437+00:00
2026-09-28T02:03:46.778526+00:00,,wilayah,Kabupaten Kulon Progo,0.0,diturunkan,201305.0,2026-10-10T01:19:29.102437+00:00
2026-09-28T02:03:46.778526+00:00,,wilayah,Kabupaten Sleman,155455.0,tercatat,201305.0,2026-10-10T01:19:29.102437+00:00
2026-09-28T02:03:46.778526+00:00,,wilayah,Kecamatan Sleman,2600.0,tercatat,201305.0,2026-10-10T01:19:29.102437+00:00
2026-09-28T02:03:46.778526+00:00,,wilayah,Kota Yogyakarta,34100.0,diturunkan,201305.0,2026-10-10T01:19:29.102437+00:00
2026-09-28T02:03:46.778526+00:00,,wilayah,Provinsi DI Yogyakarta,0.0,diturunkan,201305.0,2026-10-10T01:19:29.102437+00:00
2026-09-28T06:07:48.719992+00:00,,komoditas,Beras Medium,1500.0,tercatat,9300.0,2026-10-10T01:19:29.102437+00:00
2026-09-28T06:07:48.719992+00:00,,komoditas,Beras Premium,200.0,tercatat,9300.0,2026-10-10T01:19:29.102437+00:00
2026-09-28T06:07:48.719992+00:00,,komoditas,Gabah Kering Giling (GKG),6500.0,tercatat,9300.0,2026-10-10T01:19:29.102437+00:00
2026-09-28T06:07:48.719992+00:00,,komoditas,Jagung,1000.0,tercatat_diskalakan,9300.0,2026-10-10T01:19:29.102437+00:00
2026-09-28T06:07:48.719992+00:00,,komoditas,Kacang Hijau,0.0,diturunkan,9300.0,2026-10-10T01:19:29.102437+00:00
2026-09-28T06:07:48.719992+00:00,,komoditas,Kacang Tanah,0.0,nol_diturunkan,9300.0,2026-10-10T01:19:29.102437+00:00
2026-09-28T06:07:48.719992+00:00,,komoditas,Kedelai,100.0,tercatat,9300.0,2026-10-10T01:19:29.102437+00:00
2026-09-28T06:07:48.719992+00:00,,turunan,Setara beras,5778.1,tercatat,9300.0,2026-10-10T01:19:29.102437+00:00
2026-09-28T06:07:48.719992+00:00,,wilayah,Kabupaten Bantul,0.0,diturunkan,9300.0,2026-10-10T01:19:29.102437+00:00
2026-09-28T06:07:48.719992+00:00,,wilayah,Kabupaten Gunung Kidul,9300.0,tercatat,9300.0,2026-10-10T01:19:29.102437+00:00
2026-09-28T06:07:48.719992+00:00,,wilayah,Kabupaten Kulon Progo,0.0,diturunkan,9300.0,2026-10-10T01:19:29.102437+00:00
2026-09-28T06:07:48.719992+00:00,,wilayah,Kabupaten Sleman,0.0,nol_diturunkan,9300.0,2026-10-10T01:19:29.102437+00:00
2026-09-28T06:07:48.719992+00:00,,wilayah,Kecamatan Sleman,0.0,nol_diturunkan,9300.0,2026-10-10T01:19:29.102437+00:00
2026-09-28T06:07:48.719992+00:00,,wilayah,Kota Yogyakarta,0.0,tercatat,9300.0,2026-10-10T01:19:29.102437+00:00
2026-09-28T06:07:48.719992+00:00,,wilayah,Provinsi DI Yogyakarta,0.0,diturunkan,9300.0,2026-10-10T01:19:29.102437+00:00
2026-09-28T12:07:18.888364+00:00,,komoditas,Beras Medium,107700.0,tercatat,143900.0,2026-10-10T01:19:29.102437+00:00
2026-09-28T12:07:18.888364+00:00,,komoditas,Beras Premium,200.0,diturunkan,143900.0,2026-10-10T01:19:29.102437+00:00
2026-09-28T12:07:18.888364+00:00,,komoditas,Gabah Kering Giling (GKG),34900.0,tercatat,143900.0,2026-10-10T01:19:29.102437+00:00
2026-09-28T12:07:18.888364+00:00,,komoditas,Jagung,1000.0,diturunkan,143900.0,2026-10-10T01:19:29.102437+00:00
2026-09-28T12:07:18.888364+00:00,,komoditas,Kacang Hijau,0.0,diturunkan,143900.0,2026-10-10T01:19:29.102437+00:00
2026-09-28T12:07:18.888364+00:00,,komoditas,Kacang Tanah,0.0,diturunkan,143900.0,2026-10-10T01:19:29.102437+00:00
2026-09-28T12:07:18.888364+00:00,,komoditas,Kedelai,100.0,diturunkan,143900.0,2026-10-10T01:19:29.102437+00:00
2026-09-28T12:07:18.888364+00:00,,turunan,Setara beras,129796.3,tercatat,143900.0,2026-10-10T01:19:29.102437+00:00
2026-09-28T12:07:18.888364+00:00,,wilayah,Kabupaten Bantul,134600.0,tercatat,143900.0,2026-10-10T01:19:29.102437+00:00
2026-09-28T12:07:18.888364+00:00,,wilayah,Kabupaten Gunung Kidul,9300.0,diturunkan,143900.0,2026-10-10T01:19:29.102437+00:00
2026-09-28T12:07:18.888364+00:00,,wilayah,Kabupaten Kulon Progo,0.0,diturunkan,143900.0,2026-10-10T01:19:29.102437+00:00
2026-09-28T12:07:18.888364+00:00,,wilayah,Kabupaten Sleman,0.0,diturunkan,143900.0,2026-10-10T01:19:29.102437+00:00
2026-09-28T12:07:18.888364+00:00,,wilayah,Kecamatan Sleman,0.0,diturunkan,143900.0,2026-10-10T01:19:29.102437+00:00
2026-09-28T12:07:18.888364+00:00,,wilayah,Kota Yogyakarta,0.0,diturunkan,143900.0,2026-10-10T01:19:29.102437+00:00
2026-09-28T12:07:18.888364+00:00,,wilayah,Provinsi DI Yogyakarta,0.0,diturunkan,143900.0,2026-10-10T01:19:29.102437+00:00
2026-09-30T02:14:14.208300+00:00,,komoditas,Beras Medium,182740.0,tercatat,238360.0,2026-10-10T01:19:29.102437+00:00
2026-09-30T02:14:14.208300+00:00,,komoditas,Beras Premium,19620.0,tercatat,238360.0,2026-10-10T01:19:29.102437+00:00
2026-09-30T02:14:14.208300+00:00,,komoditas,Gabah Kering Giling (GKG),34900.0,diturunkan,238360.0,2026-10-10T01:19:29.102437+00:00
2026-09-30T02:14:14.208300+00:00,,komoditas,Jagung,1000.0,diturunkan,238360.0,2026-10-10T01:19:29.102437+00:00
2026-09-30T02:14:14.208300+00:00,,komoditas,Kacang Hijau,0.0,diturunkan,238360.0,2026-10-10T01:19:29.102437+00:00
2026-09-30T02:14:14.208300+00:00,,komoditas,Kacang Tanah,0.0,diturunkan,238360.0,2026-10-10T01:19:29.102437+00:00
2026-09-30T02:14:14.208300+00:00,,komoditas,Kedelai,100.0,diturunkan,238360.0,2026-10-10T01:19:29.102437+00:00
2026-09-30T02:14:14.208300+00:00,,turunan,Setara beras,224256.3,tercatat,238360.0,2026-10-10T01:19:29.102437+00:00
2026-09-30T02:14:14.208300+00:00,,wilayah,Kabupaten Bantul,134600.0,diturunkan,238360.0,2026-10-10T01:19:29.102437+00:00
2026-09-30T02:14:14.208300+00:00,,wilayah,Kabupaten Gunung Kidul,9300.0,diturunkan,238360.0,2026-10-10T01:19:29.102437+00:00
2026-09-30T02:14:14.208300+00:00,,wilayah,Kabupaten Kulon Progo,0.0,diturunkan,238360.0,2026-10-10T01:19:29.102437+00:00
2026-09-30T02:14:14.208300+00:00,,wilayah,Kabupaten Sleman,0.0,diturunkan,238360.0,2026-10-10T01:19:29.102437+00:00
2026-09-30T02:14:14.208300+00:00,,wilayah,Kecamatan Sleman,0.0,diturunkan,238360.0,2026-10-10T01:19:29.102437+00:00
2026-09-30T02:14:14.208300+00:00,,wilayah,Kota Yogyakarta,94460.0,tercatat,238360.0,2026-10-10T01:19:29.102437+00:00
2026-09-30T02:14:14.208300+00:00,,wilayah,Provinsi DI Yogyakarta,0.0,diturunkan,238360.0,2026-10-10T01:19:29.102437+00:00
2026-09-30T03:07:56.528585+00:00,,komoditas,Beras Medium,189165.0,tercatat,342285.0,2026-10-10T01:19:29.102437+00:00
2026-09-30T03:07:56.528585+00:00,,komoditas,Beras Premium,19620.0,diturunkan,342285.0,2026-10-10T01:19:29.102437+00:00
2026-09-30T03:07:56.528585+00:00,,komoditas,Gabah Kering Giling (GKG),132400.0,tercatat,342285.0,2026-10-10T01:19:29.102437+00:00
2026-09-30T03:07:56.528585+00:00,,komoditas,Jagung,1000.0,diturunkan,342285.0,2026-10-10T01:19:29.102437+00:00
2026-09-30T03:07:56.528585+00:00,,komoditas,Kacang Hijau,0.0,diturunkan,342285.0,2026-10-10T01:19:29.102437+00:00
2026-09-30T03:07:56.528585+00:00,,komoditas,Kacang Tanah,0.0,diturunkan,342285.0,2026-10-10T01:19:29.102437+00:00
2026-09-30T03:07:56.528585+00:00,,komoditas,Kedelai,100.0,diturunkan,342285.0,2026-10-10T01:19:29.102437+00:00
2026-09-30T03:07:56.528585+00:00,,turunan,Setara beras,291852.8,tercatat,342285.0,2026-10-10T01:19:29.102437+00:00
2026-09-30T03:07:56.528585+00:00,,wilayah,Kabupaten Bantul,134600.0,diturunkan,342285.0,2026-10-10T01:19:29.102437+00:00
2026-09-30T03:07:56.528585+00:00,,wilayah,Kabupaten Gunung Kidul,9300.0,diturunkan,342285.0,2026-10-10T01:19:29.102437+00:00
2026-09-30T03:07:56.528585+00:00,,wilayah,Kabupaten Kulon Progo,103925.0,tercatat,342285.0,2026-10-10T01:19:29.102437+00:00
2026-09-30T03:07:56.528585+00:00,,wilayah,Kabupaten Sleman,0.0,diturunkan,342285.0,2026-10-10T01:19:29.102437+00:00
2026-09-30T03:07:56.528585+00:00,,wilayah,Kecamatan Sleman,0.0,diturunkan,342285.0,2026-10-10T01:19:29.102437+00:00
2026-09-30T03:07:56.528585+00:00,,wilayah,Kota Yogyakarta,94460.0,diturunkan,342285.0,2026-10-10T01:19:29.102437+00:00
2026-09-30T03:07:56.528585+00:00,,wilayah,Provinsi DI Yogyakarta,0.0,diturunkan,342285.0,2026-10-10T01:19:29.102437+00:00
2026-09-30T07:37:49.529700+00:00,,komoditas,Beras Medium,403165.0,tercatat,861285.0,2026-10-10T01:19:29.102437+00:00
2026-09-30T07:37:49.529700+00:00,,komoditas,Beras Premium,19620.0,diturunkan,861285.0,2026-10-10T01:19:29.102437+00:00
2026-09-30T07:37:49.529700+00:00,,komoditas,Gabah Kering Giling (GKG),437400.0,tercatat,861285.0,2026-10-10T01:19:29.102437+00:00
2026-09-30T07:37:49.529700+00:00,,komoditas,Jagung,1000.0,diturunkan,861285.0,2026-10-10T01:19:29.102437+00:00
2026-09-30T07:37:49.529700+00:00,,komoditas,Kacang Hijau,0.0,diturunkan,861285.0,2026-10-10T01:19:29.102437+00:00
2026-09-30T07:37:49.529700+00:00,,komoditas,Kacang Tanah,0.0,diturunkan,861285.0,2026-10-10T01:19:29.102437+00:00
2026-09-30T07:37:49.529700+00:00,,komoditas,Kedelai,100.0,diturunkan,861285.0,2026-10-10T01:19:29.102437+00:00
2026-09-30T07:37:49.529700+00:00,,turunan,Setara beras,697209.8,tercatat,861285.0,2026-10-10T01:19:29.102437+00:00
2026-09-30T07:37:49.529700+00:00,,wilayah,Kabupaten Bantul,134600.0,diturunkan,861285.0,2026-10-10T01:19:29.102437+00:00
2026-09-30T07:37:49.529700+00:00,,wilayah,Kabupaten Gunung Kidul,9300.0,diturunkan,861285.0,2026-10-10T01:19:29.102437+00:00
2026-09-30T07:37:49.529700+00:00,,wilayah,Kabupaten Kulon Progo,622925.0,tercatat,861285.0,2026-10-10T01:19:29.102437+00:00
2026-09-30T07:37:49.529700+00:00,,wilayah,Kabupaten Sleman,0.0,diturunkan,861285.0,2026-10-10T01:19:29.102437+00:00
2026-09-30T07:37:49.529700+00:00,,wilayah,Kecamatan Sleman,0.0,diturunkan,861285.0,2026-10-10T01:19:29.102437+00:00
2026-09-30T07:37:49.529700+00:00,,wilayah,Kota Yogyakarta,94460.0,diturunkan,861285.0,2026-10-10T01:19:29.102437+00:00
2026-09-30T07:37:49.529700+00:00,,wilayah,Provinsi DI Yogyakarta,0.0,diturunkan,861285.0,2026-10-10T01:19:29.102437+00:00
2026-10-02T07:39:59.587241+00:00,,komoditas,Beras Medium,418165.0,tercatat,880285.0,2026-10-10T01:19:29.102437+00:00
2026-10-02T07:39:59.587241+00:00,,komoditas,Beras Premium,19620.0,diturunkan,880285.0,2026-10-10T01:19:29.102437+00:00
2026-10-02T07:39:59.587241+00:00,,komoditas,Gabah Kering Giling (GKG),441400.0,tercatat,880285.0,2026-10-10T01:19:29.102437+00:00
2026-10-02T07:39:59.587241+00:00,,komoditas,Jagung,1000.0,diturunkan,880285.0,2026-10-10T01:19:29.102437+00:00
2026-10-02T07:39:59.587241+00:00,,komoditas,Kacang Hijau,0.0,diturunkan,880285.0,2026-10-10T01:19:29.102437+00:00
2026-10-02T07:39:59.587241+00:00,,komoditas,Kacang Tanah,0.0,diturunkan,880285.0,2026-10-10T01:19:29.102437+00:00
2026-10-02T07:39:59.587241+00:00,,komoditas,Kedelai,100.0,diturunkan,880285.0,2026-10-10T01:19:29.102437+00:00
2026-10-02T07:39:59.587241+00:00,,turunan,Setara beras,714719.4,tercatat,880285.0,2026-10-10T01:19:29.102437+00:00
2026-10-02T07:39:59.587241+00:00,,wilayah,Kabupaten Bantul,134600.0,diturunkan,880285.0,2026-10-10T01:19:29.102437+00:00
2026-10-02T07:39:59.587241+00:00,,wilayah,Kabupaten Gunung Kidul,9300.0,diturunkan,880285.0,2026-10-10T01:19:29.102437+00:00
2026-10-02T07:39:59.587241+00:00,,wilayah,Kabupaten Kulon Progo,622925.0,diturunkan,880285.0,2026-10-10T01:19:29.102437+00:00
2026-10-02T07:39:59.587241+00:00,,wilayah,Kabupaten Sleman,19000.0,tercatat,880285.0,2026-10-10T01:19:29.102437+00:00
2026-10-02T07:39:59.587241+00:00,,wilayah,Kecamatan Sleman,0.0,diturunkan,880285.0,2026-10-10T01:19:29.102437+00:00
2026-10-02T07:39:59.587241+00:00,,wilayah,Kota Yogyakarta,94460.0,diturunkan,880285.0,2026-10-10T01:19:29.102437+00:00
2026-10-02T07:39:59.587241+00:00,,wilayah,Provinsi DI Yogyakarta,0.0,diturunkan,880285.0,2026-10-10T01:19:29.102437+00:00
2026-10-02T11:38:34.077061+00:00,,komoditas,Beras Medium,420665.0,tercatat,888085.0,2026-10-10T01:19:29.102437+00:00
2026-10-02T11:38:34.077061+00:00,,komoditas,Beras Premium,20570.0,tercatat,888085.0,2026-10-10T01:19:29.102437+00:00
2026-10-02T11:38:34.077061+00:00,,komoditas,Gabah Kering Giling (GKG),445750.0,tercatat,888085.0,2026-10-10T01:19:29.102437+00:00
2026-10-02T11:38:34.077061+00:00,,komoditas,Jagung,1000.0,diturunkan,888085.0,2026-10-10T01:19:29.102437+00:00
2026-10-02T11:38:34.077061+00:00,,komoditas,Kacang Hijau,0.0,diturunkan,888085.0,2026-10-10T01:19:29.102437+00:00
2026-10-02T11:38:34.077061+00:00,,komoditas,Kacang Tanah,0.0,diturunkan,888085.0,2026-10-10T01:19:29.102437+00:00
2026-10-02T11:38:34.077061+00:00,,komoditas,Kedelai,100.0,diturunkan,888085.0,2026-10-10T01:19:29.102437+00:00
2026-10-02T11:38:34.077061+00:00,,turunan,Setara beras,720898.6,tercatat,888085.0,2026-10-10T01:19:29.102437+00:00
2026-10-02T11:38:34.077061+00:00,,wilayah,Kabupaten Bantul,142400.0,tercatat,888085.0,2026-10-10T01:19:29.102437+00:00
2026-10-02T11:38:34.077061+00:00,,wilayah,Kabupaten Gunung Kidul,9300.0,diturunkan,888085.0,2026-10-10T01:19:29.102437+00:00
2026-10-02T11:38:34.077061+00:00,,wilayah,Kabupaten Kulon Progo,622925.0,diturunkan,888085.0,2026-10-10T01:19:29.102437+00:00
2026-10-02T11:38:34.077061+00:00,,wilayah,Kabupaten Sleman,19000.0,diturunkan,888085.0,2026-10-10T01:19:29.102437+00:00
2026-10-02T11:38:34.077061+00:00,,wilayah,Kecamatan Sleman,0.0,diturunkan,888085.0,2026-10-10T01:19:29.102437+00:00
2026-10-02T11:38:34.077061+00:00,,wilayah,Kota Yogyakarta,94460.0,diturunkan,888085.0,2026-10-10T01:19:29.102437+00:00
2026-10-02T11:38:34.077061+00:00,,wilayah,Provinsi DI Yogyakarta,0.0,diturunkan,888085.0,2026-10-10T01:19:29.102437+00:00
2026-10-05T01:12:42.941638+00:00,,komoditas,Beras Medium,421965.0,tercatat,906885.0,2026-10-10T01:19:29.102437+00:00
2026-10-05T01:12:42.941638+00:00,,komoditas,Beras Premium,20570.0,diturunkan,906885.0,2026-10-10T01:19:29.102437+00:00
2026-10-05T01:12:42.941638+00:00,,komoditas,Gabah Kering Giling (GKG),463250.0,tercatat,906885.0,2026-10-10T01:19:29.102437+00:00
2026-10-05T01:12:42.941638+00:00,,komoditas,Jagung,1000.0,diturunkan,906885.0,2026-10-10T01:19:29.102437+00:00
2026-10-05T01:12:42.941638+00:00,,komoditas,Kacang Hijau,0.0,diturunkan,906885.0,2026-10-10T01:19:29.102437+00:00
2026-10-05T01:12:42.941638+00:00,,komoditas,Kacang Tanah,0.0,diturunkan,906885.0,2026-10-10T01:19:29.102437+00:00
2026-10-05T01:12:42.941638+00:00,,komoditas,Kedelai,100.0,diturunkan,906885.0,2026-10-10T01:19:29.102437+00:00
2026-10-05T01:12:42.941638+00:00,,turunan,Setara beras,733178.1,tercatat,906885.0,2026-10-10T01:19:29.102437+00:00
2026-10-05T01:12:42.941638+00:00,,wilayah,Kabupaten Bantul,142400.0,diturunkan,906885.0,2026-10-10T01:19:29.102437+00:00
2026-10-05T01:12:42.941638+00:00,,wilayah,Kabupaten Gunung Kidul,28100.0,tercatat,906885.0,2026-10-10T01:19:29.102437+00:00
2026-10-05T01:12:42.941638+00:00,,wilayah,Kabupaten Kulon Progo,622925.0,diturunkan,906885.0,2026-10-10T01:19:29.102437+00:00
2026-10-05T01:12:42.941638+00:00,,wilayah,Kabupaten Sleman,19000.0,diturunkan,906885.0,2026-10-10T01:19:29.102437+00:00
2026-10-05T01:12:42.941638+00:00,,wilayah,Kecamatan Sleman,0.0,diturunkan,906885.0,2026-10-10T01:19:29.102437+00:00
2026-10-05T01:12:42.941638+00:00,,wilayah,Kota Yogyakarta,94460.0,diturunkan,906885.0,2026-10-10T01:19:29.102437+00:00
2026-10-05T01:12:42.941638+00:00,,wilayah,Provinsi DI Yogyakarta,0.0,diturunkan,906885.0,2026-10-10T01:19:29.102437+00:00
2026-10-05T07:50:28.689561+00:00,2026-10-05,komoditas,Beras Medium,69020.0,tercatat,73540.0,2026-10-10T01:19:29.102437+00:00
2026-10-05T07:50:28.689561+00:00,2026-10-05,komoditas,Beras Premium,4520.0,tercatat,73540.0,2026-10-10T01:19:29.102437+00:00
2026-10-05T07:50:28.689561+00:00,2026-10-05,komoditas,Gabah Kering Giling (GKG),0.0,nol_diturunkan,73540.0,2026-10-10T01:19:29.102437+00:00
2026-10-05T07:50:28.689561+00:00,2026-10-05,komoditas,Jagung,0.0,nol_diturunkan,73540.0,2026-10-10T01:19:29.102437+00:00
2026-10-05T07:50:28.689561+00:00,2026-10-05,komoditas,Kacang Hijau,0.0,diturunkan,73540.0,2026-10-10T01:19:29.102437+00:00
2026-10-05T07:50:28.689561+00:00,2026-10-05,komoditas,Kacang Tanah,0.0,diturunkan,73540.0,2026-10-10T01:19:29.102437+00:00
2026-10-05T07:50:28.689561+00:00,2026-10-05,komoditas,Kedelai,0.0,nol_diturunkan,73540.0,2026-10-10T01:19:29.102437+00:00
2026-10-05T07:50:28.689561+00:00,2026-10-05,turunan,Setara beras,73540.0,tercatat,73540.0,2026-10-10T01:19:29.102437+00:00
2026-10-05T07:50:28.689561+00:00,2026-10-05,wilayah,Kabupaten Bantul,0.0,nol_diturunkan,73540.0,2026-10-10T01:19:29.102437+00:00
2026-10-05T07:50:28.689561+00:00,2026-10-05,wilayah,Kabupaten Gunung Kidul,0.0,nol_diturunkan,73540.0,2026-10-10T01:19:29.102437+00:00
2026-10-05T07:50:28.689561+00:00,2026-10-05,wilayah,Kabupaten Kulon Progo,0.0,nol_diturunkan,73540.0,2026-10-10T01:19:29.102437+00:00
2026-10-05T07:50:28.689561+00:00,2026-10-05,wilayah,Kabupaten Sleman,0.0,nol_diturunkan,73540.0,2026-10-10T01:19:29.102437+00:00
2026-10-05T07:50:28.689561+00:00,2026-10-05,wilayah,Kecamatan Sleman,0.0,diturunkan,73540.0,2026-10-10T01:19:29.102437+00:00
2026-10-05T07:50:28.689561+00:00,2026-10-05,wilayah,Kota Yogyakarta,73540.0,tercatat,73540.0,2026-10-10T01:19:29.102437+00:00
2026-10-05T07:50:28.689561+00:00,2026-10-05,wilayah,Provinsi DI Yogyakarta,0.0,diturunkan,73540.0,2026-10-10T01:19:29.102437+00:00
2026-10-07T02:32:28.388544+00:00,2026-10-05,komoditas,Beras Medium,94370.0,tercatat,140350.0,2026-10-10T01:19:29.102437+00:00
2026-10-07T02:32:28.388544+00:00,2026-10-05,komoditas,Beras Premium,34220.0,tercatat,140350.0,2026-10-10T01:19:29.102437+00:00
2026-10-07T02:32:28.388544+00:00,2026-10-05,komoditas,Gabah Kering Giling (GKG),11600.0,tercatat,140350.0,2026-10-10T01:19:29.102437+00:00
2026-10-07T02:32:28.388544+00:00,2026-10-05,komoditas,Jagung,0.0,diturunkan,140350.0,2026-10-10T01:19:29.102437+00:00
2026-10-07T02:32:28.388544+00:00,2026-10-05,komoditas,Kacang Hijau,0.0,diturunkan,140350.0,2026-10-10T01:19:29.102437+00:00
2026-10-07T02:32:28.388544+00:00,2026-10-05,komoditas,Kacang Tanah,120.0,tercatat,140350.0,2026-10-10T01:19:29.102437+00:00
2026-10-07T02:32:28.388544+00:00,2026-10-05,komoditas,Kedelai,0.0,diturunkan,140350.0,2026-10-10T01:19:29.102437+00:00
2026-10-07T02:32:28.388544+00:00,2026-10-05,turunan,Setara beras,135867.8,tercatat,140350.0,2026-10-10T01:19:29.102437+00:00
2026-10-07T02:32:28.388544+00:00,2026-10-05,wilayah,Kabupaten Bantul,0.0,diturunkan,140350.0,2026-10-10T01:19:29.102437+00:00
2026-10-07T02:32:28.388544+00:00,2026-10-05,wilayah,Kabupaten Gunung Kidul,0.0,diturunkan,140350.0,2026-10-10T01:19:29.102437+00:00
2026-10-07T02:32:28.388544+00:00,2026-10-05,wilayah,Kabupaten Kulon Progo,0.0,diturunkan,140350.0,2026-10-10T01:19:29.102437+00:00
2026-10-07T02:32:28.388544+00:00,2026-10-05,wilayah,Kabupaten Sleman,66810.0,tercatat,140350.0,2026-10-10T01:19:29.102437+00:00
2026-10-07T02:32:28.388544+00:00,2026-10-05,wilayah,Kecamatan Sleman,0.0,diturunkan,140350.0,2026-10-10T01:19:29.102437+00:00
2026-10-07T02:32:28.388544+00:00,2026-10-05,wilayah,Kota Yogyakarta,73540.0,diturunkan,140350.0,2026-10-10T01:19:29.102437+00:00
2026-10-07T02:32:28.388544+00:00,2026-10-05,wilayah,Provinsi DI Yogyakarta,0.0,diturunkan,140350.0,2026-10-10T01:19:29.102437+00:00
2026-10-08T10:55:00+00:00,2026-10-05,komoditas,Beras Medium,94370.0,tercatat,140350.0,2026-10-10T01:19:29.102437+00:00
2026-10-08T10:55:00+00:00,2026-10-05,komoditas,Beras Premium,34220.0,tercatat,140350.0,2026-10-10T01:19:29.102437+00:00
2026-10-08T10:55:00+00:00,2026-10-05,komoditas,Gabah Kering Giling (GKG),11600.0,tercatat,140350.0,2026-10-10T01:19:29.102437+00:00
2026-10-08T10:55:00+00:00,2026-10-05,komoditas,Jagung,0.0,tercatat,140350.0,2026-10-10T01:19:29.102437+00:00
2026-10-08T10:55:00+00:00,2026-10-05,komoditas,Kacang Hijau,0.0,tercatat,140350.0,2026-10-10T01:19:29.102437+00:00
2026-10-08T10:55:00+00:00,2026-10-05,komoditas,Kacang Tanah,120.0,tercatat,140350.0,2026-10-10T01:19:29.102437+00:00
2026-10-08T10:55:00+00:00,2026-10-05,komoditas,Kedelai,40.0,tercatat,140350.0,2026-10-10T01:19:29.102437+00:00
2026-10-08T10:55:00+00:00,2026-10-05,turunan,Setara beras,135867.8,tercatat,140350.0,2026-10-10T01:19:29.102437+00:00
2026-10-08T10:55:00+00:00,2026-10-05,wilayah,Kabupaten Bantul,0.0,tercatat,140350.0,2026-10-10T01:19:29.102437+00:00
2026-10-08T10:55:00+00:00,2026-10-05,wilayah,Kabupaten Gunung Kidul,0.0,tercatat,140350.0,2026-10-10T01:19:29.102437+00:00
2026-10-08T10:55:00+00:00,2026-10-05,wilayah,Kabupaten Kulon Progo,0.0,tercatat,140350.0,2026-10-10T01:19:29.102437+00:00
2026-10-08T10:55:00+00:00,2026-10-05,wilayah,Kabupaten Sleman,66810.0,tercatat,140350.0,2026-10-10T01:19:29.102437+00:00
2026-10-08T10:55:00+00:00,2026-10-05,wilayah,Kecamatan Sleman,0.0,tercatat,140350.0,2026-10-10T01:19:29.102437+00:00
2026-10-08T10:55:00+00:00,2026-10-05,wilayah,Kota Yogyakarta,73540.0,tercatat,140350.0,2026-10-10T01:19:29.102437+00:00
2026-10-08T10:55:00+00:00,2026-10-05,wilayah,Provinsi DI Yogyakarta,0.0,tercatat,140350.0,2026-10-10T01:19:29.102437+00:00
