#,Wilayah,Jumlah Stok (Kg),tahun_filter,diambil_pada_utc,Jenis Komoditas,Nama,Alamat,skala_kg_terkoreksi,tanggal_data
1.0,Provinsi DI Yogyakarta,0.0,2026,2026-08-30T15:27:16.101016+00:00,,,,True,
2.0,Kabupaten Kulon Progo,0.0,2026,2026-08-30T15:27:16.101016+00:00,,,,True,
3.0,Kabupaten Bantul,0.0,2026,2026-08-30T15:27:16.101016+00:00,,,,True,
4.0,Kabupaten Gunung Kidul,0.0,2026,2026-08-30T15:27:16.101016+00:00,,,,True,
5.0,Kota Yogyakarta,101460.0,2026,2026-08-30T15:27:16.101016+00:00,,,,True,
6.0,Kabupaten Sleman,182240.0,2026,2026-08-30T15:27:16.101016+00:00,,,,True,
7.0,Kecamatan Sleman,0.0,2026,2026-08-30T15:27:16.101016+00:00,,,,True,
,Total,283700.0,2026,2026-08-30T15:27:16.101016+00:00,,,,True,
,,283700.0,2026,2026-08-30T15:27:16.101385+00:00,Total,,,True,
7.0,,0.0,2026,2026-08-30T15:27:16.101385+00:00,Kacang Hijau,,,True,
6.0,,25.0,2026,2026-08-30T15:27:16.101385+00:00,Kacang Tanah,,,True,
5.0,,15.0,2026,2026-08-30T15:27:16.101385+00:00,Kedelai,,,True,
2.0,,135190.0,2026,2026-08-30T15:27:16.101385+00:00,Beras Medium,,,True,
3.0,,59020.0,2026,2026-08-30T15:27:16.101385+00:00,Beras Premium,,,True,
1.0,,89450.0,2026,2026-08-30T15:27:16.101385+00:00,Gabah Kering Giling (GKG),,,True,
4.0,,0.0,2026,2026-08-30T15:27:16.101385+00:00,Jagung,,,True,
7.0,Kabupaten Kulon Progo,,2026,2026-08-30T15:27:16.101669+00:00,,Dinas Pertanian dan Pangan,"Jl. Sugiman No.21, Serut, Pengasih, Wates, Kabupaten Kulon Progo, Daerah Istimewa Yogyakarta 55652",True,
10.0,Kabupaten Kulon Progo,,2026,2026-08-30T15:27:16.101669+00:00,,KWT Sarwodadi,"Menguri, Hargotirto, Kokap",True,
8.0,Kabupaten Kulon Progo,,2026,2026-08-30T15:27:16.101669+00:00,,Jatimakmur,"Jimatan, Jatirejo, Lendah",True,
6.0,Kabupaten Kulon Progo,,2026,2026-08-30T15:27:16.101669+00:00,,Cipta Boga,Galur Kulon Progo,True,
9.0,Kabupaten Kulon Progo,,2026,2026-08-30T15:27:16.101669+00:00,,KWT Giriloji,"Tegiri II, Hargowilis, Kokap",True,
4.0,Kabupaten Kulon Progo,,2026,2026-08-30T15:27:16.101669+00:00,,Asri Lestari,"Kepiton, Banjar Asri, Kalibawang",True,
3.0,Kabupaten Kulon Progo,,2026,2026-08-30T15:27:16.101669+00:00,,Asih,"Plono Timur, Pagerharjo, Samigaluh",True,
2.0,Kabupaten Kulon Progo,,2026,2026-08-30T15:27:16.101669+00:00,,Among Tani,"Pencengan , Kedundang, Temon",True,
1.0,Provinsi DI Yogyakarta,,2026,2026-08-30T15:27:16.101669+00:00,,Dinas Pertanian dan Ketahanan Pangan DIY,Jl. Gondosuli No. 6 Yogyakarta,True,
5.0,Kabupaten Kulon Progo,,2026,2026-08-30T15:27:16.101669+00:00,,Catur Legowo,"Sidatan, Kalidengen, Temon",True,
5.0,Kota Yogyakarta,79100.0,2026,2026-08-31T02:02:53.154199+00:00,,,,True,
6.0,Kabupaten Sleman,0.0,2026,2026-08-31T02:02:53.154199+00:00,,,,True,
,Total,79100.0,2026,2026-08-31T02:02:53.154199+00:00,,,,True,
1.0,,0.0,2026,2026-08-31T02:02:53.154584+00:00,Gabah Kering Giling (GKG),,,True,
2.0,,69230.0,2026,2026-08-31T02:02:53.154584+00:00,Beras Medium,,,True,
3.0,,9870.0,2026,2026-08-31T02:02:53.154584+00:00,Beras Premium,,,True,
5.0,,0.0,2026,2026-08-31T02:02:53.154584+00:00,Kedelai,,,True,
6.0,,0.0,2026,2026-08-31T02:02:53.154584+00:00,Kacang Tanah,,,True,
,,79100.0,2026,2026-08-31T02:02:53.154584+00:00,Total,,,True,
,Total,85430.0,2026,2026-08-31T06:04:28.975697+00:00,,,,True,
4.0,Kabupaten Gunung Kidul,6330.0,2026,2026-08-31T06:04:28.975697+00:00,,,,True,
1.0,,5500.0,2026,2026-08-31T06:04:28.976083+00:00,Gabah Kering Giling (GKG),,,True,
2.0,,70030.0,2026,2026-08-31T06:04:28.976083+00:00,Beras Medium,,,True,
5.0,,30.0,2026,2026-08-31T06:04:28.976083+00:00,Kedelai,,,True,
,,85430.0,2026,2026-08-31T06:04:28.976083+00:00,Total,,,True,
3.0,Kabupaten Bantul,6700.0,2026,2026-08-31T07:51:39.596044+00:00,,,,True,
,Total,92130.0,2026,2026-08-31T07:51:39.596044+00:00,,,,True,
1.0,,9.0,2026,2026-08-31T07:51:39.596436+00:00,Gabah Kering Giling (GKG),,,True,
2.0,,72480.0,2026,2026-08-31T07:51:39.596436+00:00,Beras Medium,,,True,
3.0,,10620.0,2026,2026-08-31T07:51:39.596436+00:00,Beras Premium,,,True,
,,92130.0,2026,2026-08-31T07:51:39.596436+00:00,Total,,,True,
2.0,Kabupaten Kulon Progo,2900.0,2026,2026-09-02T12:07:31.377162+00:00,,,,True,
,Total,95030.0,2026,2026-09-02T12:07:31.377162+00:00,,,,True,
,,95030.0,2026,2026-09-02T12:07:31.377586+00:00,Total,,,True,
2.0,,74880.0,2026,2026-09-02T12:07:31.377586+00:00,Beras Medium,,,True,
1.0,,9500.0,2026,2026-09-02T12:07:31.377586+00:00,Gabah Kering Giling (GKG),,,True,
2.0,Kabupaten Kulon Progo,30400.0,2026,2026-09-02T18:07:09.025826+00:00,,,,True,
,Total,122530.0,2026,2026-09-02T18:07:09.025826+00:00,,,,True,
1.0,,26700.0,2026,2026-09-02T18:07:09.026239+00:00,Gabah Kering Giling (GKG),,,True,
2.0,,85180.0,2026,2026-09-02T18:07:09.026239+00:00,Beras Medium,,,True,
,,122530.0,2026,2026-09-02T18:07:09.026239+00:00,Total,,,True,
6.0,Kabupaten Sleman,97830.0,2026,2026-09-04T06:06:43.432949+00:00,,,,True,
,Total,220360.0,2026,2026-09-04T06:06:43.432949+00:00,,,,True,
,,220360.0,2026,2026-09-04T06:06:43.433382+00:00,Total,,,True,
5.0,,40.0,2026,2026-09-04T06:06:43.433382+00:00,Kedelai,,,True,
6.0,,20.0,2026,2026-09-04T06:06:43.433382+00:00,Kacang Tanah,,,True,
2.0,,134380.0,2026,2026-09-04T06:06:43.433382+00:00,Beras Medium,,,True,
1.0,,40100.0,2026,2026-09-04T06:06:43.433382+00:00,Gabah Kering Giling (GKG),,,True,
3.0,,45820.0,2026,2026-09-04T06:06:43.433382+00:00,Beras Premium,,,True,
5.0,Kota Yogyakarta,76990.0,2026,2026-09-07T06:07:44.579159+00:00,,,,True,
,Total,76990.0,2026,2026-09-07T06:07:44.579159+00:00,,,,True,
2.0,,68540.0,2026,2026-09-07T06:07:44.579567+00:00,Beras Medium,,,True,
3.0,,8450.0,2026,2026-09-07T06:07:44.579567+00:00,Beras Premium,,,True,
,,76990.0,2026,2026-09-07T06:07:44.579567+00:00,Total,,,True,
6.0,Kabupaten Sleman,20000.0,2026,2026-09-14T01:10:47.565518+00:00,,,,True,
,Total,96990.0,2026,2026-09-14T01:10:47.565518+00:00,,,,True,
,,96990.0,2026,2026-09-14T01:10:47.565847+00:00,Total,,,True,
1.0,,3.0,2026,2026-09-14T01:10:47.565847+00:00,Gabah Kering Giling (GKG),,,True,
2.0,,85540.0,2026,2026-09-14T01:10:47.565847+00:00,Beras Medium,,,True,
,Total,742105.0,2026,2026-09-14T02:04:07.177819+00:00,,,,True,
7.0,Kecamatan Sleman,570000.0,2026,2026-09-14T02:04:07.177819+00:00,,,,True,
6.0,Kabupaten Sleman,95115.0,2026,2026-09-14T02:04:07.177819+00:00,,,,True,
1.0,,465800.0,2026,2026-09-14T02:04:07.178244+00:00,Gabah Kering Giling (GKG),,,True,
2.0,,238040.0,2026,2026-09-14T02:04:07.178244+00:00,Beras Medium,,,True,
3.0,,38250.0,2026,2026-09-14T02:04:07.178244+00:00,Beras Premium,,,True,
5.0,,5.0,2026,2026-09-14T02:04:07.178244+00:00,Kedelai,,,True,
6.0,,10.0,2026,2026-09-14T02:04:07.178244+00:00,Kacang Tanah,,,True,
,,742105.0,2026,2026-09-14T02:04:07.178244+00:00,Total,,,True,
5.0,Kota Yogyakarta,99250.0,2026,2026-09-14T06:07:41.726229+00:00,,,,True,
6.0,Kabupaten Sleman,74715.0,2026,2026-09-14T06:07:41.726229+00:00,,,,True,
,Total,173965.0,2026,2026-09-14T06:07:41.726229+00:00,,,,True,
,,173965.0,2026,2026-09-14T06:07:41.726601+00:00,Total,,,True,
3.0,,49800.0,2026,2026-09-14T06:07:41.726601+00:00,Beras Premium,,,True,
1.0,,14700.0,2026,2026-09-14T06:07:41.726601+00:00,Gabah Kering Giling (GKG),,,True,
2.0,,109450.0,2026,2026-09-14T06:07:41.726601+00:00,Beras Medium,,,True,
5.0,Kota Yogyakarta,97450.0,2026,2026-09-18T06:07:07.215250+00:00,,,,True,
6.0,Kabupaten Sleman,154515.0,2026,2026-09-18T06:07:07.215250+00:00,,,,True,
7.0,Kecamatan Sleman,4050.0,2026,2026-09-18T06:07:07.215250+00:00,,,,True,
,Total,256015.0,2026,2026-09-18T06:07:07.215250+00:00,,,,True,
1.0,,70700.0,2026,2026-09-18T06:07:07.215695+00:00,Gabah Kering Giling (GKG),,,True,
2.0,,134300.0,2026,2026-09-18T06:07:07.215695+00:00,Beras Medium,,,True,
3.0,,51.0,2026,2026-09-18T06:07:07.215695+00:00,Beras Premium,,,True,
,,256015.0,2026,2026-09-18T06:07:07.215695+00:00,Total,,,True,
,Total,24000.0,2026,2026-09-21T02:03:27.978101+00:00,,,,True,
5.0,Kota Yogyakarta,24000.0,2026,2026-09-21T02:03:27.978101+00:00,,,,True,
,,24000.0,2026,2026-09-21T02:03:27.978521+00:00,Total,,,True,
3.0,,18.0,2026,2026-09-21T02:03:27.978521+00:00,Beras Premium,,,True,
2.0,,6.0,2026,2026-09-21T02:03:27.978521+00:00,Beras Medium,,,True,
5.0,Kota Yogyakarta,34100.0,2026,2026-09-21T06:07:59.876295+00:00,,,,True,
,Total,34100.0,2026,2026-09-21T06:07:59.876295+00:00,,,,True,
2.0,,10500.0,2026,2026-09-21T06:07:59.876634+00:00,Beras Medium,,,True,
3.0,,23600.0,2026,2026-09-21T06:07:59.876634+00:00,Beras Premium,,,True,
,,34100.0,2026,2026-09-21T06:07:59.876634+00:00,Total,,,True,
4.0,Kabupaten Gunung Kidul,9150.0,2026,2026-09-21T12:06:49.658375+00:00,,,,True,
,Total,43250.0,2026,2026-09-21T12:06:49.658375+00:00,,,,True,
5.0,,50.0,2026,2026-09-21T12:06:49.658802+00:00,Kedelai,,,True,
4.0,,2.0,2026,2026-09-21T12:06:49.658802+00:00,Jagung,,,True,
,,43250.0,2026,2026-09-21T12:06:49.658802+00:00,Total,,,True,
2.0,,11500.0,2026,2026-09-21T12:06:49.658802+00:00,Beras Medium,,,True,
1.0,,5900.0,2026,2026-09-21T12:06:49.658802+00:00,Gabah Kering Giling (GKG),,,True,
3.0,,23800.0,2026,2026-09-21T12:06:49.658802+00:00,Beras Premium,,,True,
6.0,Kabupaten Sleman,73455.0,2026,2026-09-23T02:03:38.264757+00:00,,,,True,
,Total,116705.0,2026,2026-09-23T02:03:38.264757+00:00,,,,True,
1.0,,17100.0,2026,2026-09-23T02:03:38.264983+00:00,Gabah Kering Giling (GKG),,,True,
2.0,,43.0,2026,2026-09-23T02:03:38.264983+00:00,Beras Medium,,,True,
3.0,,54400.0,2026,2026-09-23T02:03:38.264983+00:00,Beras Premium,,,True,
5.0,,155.0,2026,2026-09-23T02:03:38.264983+00:00,Kedelai,,,True,
6.0,,50.0,2026,2026-09-23T02:03:38.264983+00:00,Kacang Tanah,,,True,
,,116705.0,2026,2026-09-23T02:03:38.264983+00:00,Total,,,True,
6.0,Kabupaten Sleman,155455.0,2026,2026-09-28T02:03:46.778526+00:00,,,,True,
7.0,Kecamatan Sleman,2600.0,2026,2026-09-28T02:03:46.778526+00:00,,,,True,
,Total,201305.0,2026,2026-09-28T02:03:46.778526+00:00,,,,True,
,,201305.0,2026,2026-09-28T02:03:46.778968+00:00,Total,,,True,
3.0,,57400.0,2026,2026-09-28T02:03:46.778968+00:00,Beras Premium,,,True,
1.0,,72100.0,2026,2026-09-28T02:03:46.778968+00:00,Gabah Kering Giling (GKG),,,True,
2.0,,69600.0,2026,2026-09-28T02:03:46.778968+00:00,Beras Medium,,,True,
4.0,Kabupaten Gunung Kidul,9300.0,2026,2026-09-28T06:07:48.719992+00:00,,,,True,
5.0,Kota Yogyakarta,0.0,2026,2026-09-28T06:07:48.719992+00:00,,,,True,
,Total,9300.0,2026,2026-09-28T06:07:48.719992+00:00,,,,True,
,,9300.0,2026,2026-09-28T06:07:48.720322+00:00,Total,,,True,
1.0,,6500.0,2026,2026-09-28T06:07:48.720322+00:00,Gabah Kering Giling (GKG),,,True,
2.0,,1500.0,2026,2026-09-28T06:07:48.720322+00:00,Beras Medium,,,True,
3.0,,200.0,2026,2026-09-28T06:07:48.720322+00:00,Beras Premium,,,True,
4.0,,1.0,2026,2026-09-28T06:07:48.720322+00:00,Jagung,,,True,
5.0,,100.0,2026,2026-09-28T06:07:48.720322+00:00,Kedelai,,,True,
,Total,143900.0,2026,2026-09-28T12:07:18.888364+00:00,,,,True,
3.0,Kabupaten Bantul,134600.0,2026,2026-09-28T12:07:18.888364+00:00,,,,True,
1.0,,34900.0,2026,2026-09-28T12:07:18.888580+00:00,Gabah Kering Giling (GKG),,,True,
2.0,,107700.0,2026,2026-09-28T12:07:18.888580+00:00,Beras Medium,,,True,
,,143900.0,2026,2026-09-28T12:07:18.888580+00:00,Total,,,True,
5.0,Kota Yogyakarta,94460.0,2026,2026-09-30T02:14:14.208300+00:00,,,,True,
,Total,238360.0,2026,2026-09-30T02:14:14.208300+00:00,,,,True,
3.0,,19620.0,2026,2026-09-30T02:14:14.208682+00:00,Beras Premium,,,True,
2.0,,182740.0,2026,2026-09-30T02:14:14.208682+00:00,Beras Medium,,,True,
,,238360.0,2026,2026-09-30T02:14:14.208682+00:00,Total,,,True,
,Total,342285.0,2026,2026-09-30T03:07:56.528585+00:00,,,,True,
2.0,Kabupaten Kulon Progo,103925.0,2026,2026-09-30T03:07:56.528585+00:00,,,,True,
,,342285.0,2026,2026-09-30T03:07:56.528908+00:00,Total,,,True,
1.0,,132400.0,2026,2026-09-30T03:07:56.528908+00:00,Gabah Kering Giling (GKG),,,True,
2.0,,189165.0,2026,2026-09-30T03:07:56.528908+00:00,Beras Medium,,,True,
2.0,Kabupaten Kulon Progo,622925.0,2026,2026-09-30T07:37:49.529700+00:00,,,,True,
,Total,861285.0,2026,2026-09-30T07:37:49.529700+00:00,,,,True,
1.0,,437400.0,2026,2026-09-30T07:37:49.530072+00:00,Gabah Kering Giling (GKG),,,True,
2.0,,403165.0,2026,2026-09-30T07:37:49.530072+00:00,Beras Medium,,,True,
,,861285.0,2026,2026-09-30T07:37:49.530072+00:00,Total,,,True,
6.0,Kabupaten Sleman,19000.0,2026,2026-10-02T07:39:59.587241+00:00,,,,True,
,Total,880285.0,2026,2026-10-02T07:39:59.587241+00:00,,,,True,
1.0,,441400.0,2026,2026-10-02T07:39:59.587470+00:00,Gabah Kering Giling (GKG),,,True,
2.0,,418165.0,2026,2026-10-02T07:39:59.587470+00:00,Beras Medium,,,True,
,,880285.0,2026,2026-10-02T07:39:59.587470+00:00,Total,,,True,
,Total,888085.0,2026,2026-10-02T11:38:34.077061+00:00,,,,True,
3.0,Kabupaten Bantul,142400.0,2026,2026-10-02T11:38:34.077061+00:00,,,,True,
1.0,,445750.0,2026,2026-10-02T11:38:34.077459+00:00,Gabah Kering Giling (GKG),,,True,
2.0,,420665.0,2026,2026-10-02T11:38:34.077459+00:00,Beras Medium,,,True,
3.0,,20570.0,2026,2026-10-02T11:38:34.077459+00:00,Beras Premium,,,True,
,,888085.0,2026,2026-10-02T11:38:34.077459+00:00,Total,,,True,
4.0,Kabupaten Gunung Kidul,28100.0,2026,2026-10-05T01:12:42.941638+00:00,,,,True,
,Total,906885.0,2026,2026-10-05T01:12:42.941638+00:00,,,,True,
1.0,,463250.0,2026,2026-10-05T01:12:42.941997+00:00,Gabah Kering Giling (GKG),,,True,
,,906885.0,2026,2026-10-05T01:12:42.941997+00:00,Total,,,True,
2.0,,421965.0,2026,2026-10-05T01:12:42.941997+00:00,Beras Medium,,,True,
,Total,73540.0,2026,2026-10-05T07:50:28.689561+00:00,,,,True,2026-10-05
5.0,Kota Yogyakarta,73540.0,2026,2026-10-05T07:50:28.689561+00:00,,,,True,2026-10-05
,,73540.0,2026,2026-10-05T07:50:28.689964+00:00,Total,,,True,2026-10-05
2.0,,69020.0,2026,2026-10-05T07:50:28.689964+00:00,Beras Medium,,,True,2026-10-05
3.0,,4520.0,2026,2026-10-05T07:50:28.689964+00:00,Beras Premium,,,True,2026-10-05
6.0,Kabupaten Sleman,66810.0,2026,2026-10-07T02:32:28.388544+00:00,,,,True,2026-10-05
,Total,140350.0,2026,2026-10-07T02:32:28.388544+00:00,,,,True,2026-10-05
1.0,,11600.0,2026,2026-10-07T02:32:28.389163+00:00,Gabah Kering Giling (GKG),,,True,2026-10-05
2.0,,94370.0,2026,2026-10-07T02:32:28.389163+00:00,Beras Medium,,,True,2026-10-05
3.0,,34220.0,2026,2026-10-07T02:32:28.389163+00:00,Beras Premium,,,True,2026-10-05
6.0,,120.0,2026,2026-10-07T02:32:28.389163+00:00,Kacang Tanah,,,True,2026-10-05
,,140350.0,2026,2026-10-07T02:32:28.389163+00:00,Total,,,True,2026-10-05
,,140350.0,2026,2026-10-08T10:55:00+00:00,Total,,,True,2026-10-05
5.0,,40.0,2026,2026-10-08T10:55:00+00:00,Kedelai,,,True,2026-10-05
4.0,,0.0,2026,2026-10-08T10:55:00+00:00,Jagung,,,True,2026-10-05
3.0,,34220.0,2026,2026-10-08T10:55:00+00:00,Beras Premium,,,True,2026-10-05
2.0,,94370.0,2026,2026-10-08T10:55:00+00:00,Beras Medium,,,True,2026-10-05
1.0,,11600.0,2026,2026-10-08T10:55:00+00:00,Gabah Kering Giling (GKG),,,True,2026-10-05
7.0,Kecamatan Sleman,0.0,2026,2026-10-08T10:55:00+00:00,,,,True,2026-10-05
6.0,,120.0,2026,2026-10-08T10:55:00+00:00,Kacang Tanah,,,True,2026-10-05
5.0,Kota Yogyakarta,73540.0,2026,2026-10-08T10:55:00+00:00,,,,True,2026-10-05
4.0,Kabupaten Gunung Kidul,0.0,2026,2026-10-08T10:55:00+00:00,,,,True,2026-10-05
3.0,Kabupaten Bantul,0.0,2026,2026-10-08T10:55:00+00:00,,,,True,2026-10-05
2.0,Kabupaten Kulon Progo,0.0,2026,2026-10-08T10:55:00+00:00,,,,True,2026-10-05
1.0,Provinsi DI Yogyakarta,0.0,2026,2026-10-08T10:55:00+00:00,,,,True,2026-10-05
,Total,140350.0,2026,2026-10-08T10:55:00+00:00,,,,True,2026-10-05
6.0,Kabupaten Sleman,66810.0,2026,2026-10-08T10:55:00+00:00,,,,True,2026-10-05
7.0,,0.0,2026,2026-10-08T10:55:00+00:00,Kacang Hijau,,,True,2026-10-05
