periode,periode_mulai,periode_selesai,provinsi,kabupaten_kota,kecamatan,kode_wilayah,bera_ha,persiapan_lahan_ha,tanam_ha,vegetatif_1_ha,vegetatif_2_ha,generatif_1_ha,generatif_2_ha,panen_ha,total_luas_ha,sumber_layer,diambil_pada_utc
5 - 16 Agustus 2026,2026-08-05,2026-08-16,Daerah Istimewa Yogyakarta,Kulon Progo,Temon,340101,162.425,6.539,29.074,186.02,65.88,48.957,655.134,46.306,1200.335,simotandi_sentinel1/12,2026-08-30T16:43:22.197914+00:00
5 - 16 Agustus 2026,2026-08-05,2026-08-16,Daerah Istimewa Yogyakarta,Kulon Progo,Wates,340102,258.959,12.04,22.442,222.893,33.479,26.614,417.007,27.406,1020.84,simotandi_sentinel1/12,2026-08-30T16:43:22.197914+00:00
5 - 16 Agustus 2026,2026-08-05,2026-08-16,Daerah Istimewa Yogyakarta,Kulon Progo,Panjatan,340103,848.533,25.362,64.578,149.684,22.324,7.226,60.389,52.933,1231.029,simotandi_sentinel1/12,2026-08-30T16:43:22.197914+00:00
5 - 16 Agustus 2026,2026-08-05,2026-08-16,Daerah Istimewa Yogyakarta,Kulon Progo,Galur,340104,1027.705,29.846,48.704,29.641,8.855,3.403,9.142,2.583,1159.879,simotandi_sentinel1/12,2026-08-30T16:43:22.197914+00:00
5 - 16 Agustus 2026,2026-08-05,2026-08-16,Daerah Istimewa Yogyakarta,Kulon Progo,Lendah,340105,419.383,27.699,33.023,81.41,27.916,20.428,102.227,6.059,718.145,simotandi_sentinel1/12,2026-08-30T16:43:22.197914+00:00
5 - 16 Agustus 2026,2026-08-05,2026-08-16,Daerah Istimewa Yogyakarta,Kulon Progo,Sentolo,340106,355.051,144.336,35.159,145.0,132.616,132.379,199.755,207.916,1352.212,simotandi_sentinel1/12,2026-08-30T16:43:22.197914+00:00
5 - 16 Agustus 2026,2026-08-05,2026-08-16,Daerah Istimewa Yogyakarta,Kulon Progo,Pengasih,340107,152.744,53.916,56.584,256.019,35.796,16.898,139.238,22.845,734.04,simotandi_sentinel1/12,2026-08-30T16:43:22.197914+00:00
5 - 16 Agustus 2026,2026-08-05,2026-08-16,Daerah Istimewa Yogyakarta,Kulon Progo,Kokap,340108,9.056,0.364,2.55,23.056,6.506,5.777,51.005,5.205,103.519,simotandi_sentinel1/12,2026-08-30T16:43:22.197914+00:00
5 - 16 Agustus 2026,2026-08-05,2026-08-16,Daerah Istimewa Yogyakarta,Kulon Progo,Girimulyo,340109,117.833,8.76,19.831,168.807,24.597,18.147,47.653,45.631,451.259,simotandi_sentinel1/12,2026-08-30T16:43:22.197914+00:00
5 - 16 Agustus 2026,2026-08-05,2026-08-16,Daerah Istimewa Yogyakarta,Kulon Progo,Nanggulan,340110,682.704,13.324,30.715,144.06,69.131,30.759,176.722,211.634,1359.049,simotandi_sentinel1/12,2026-08-30T16:43:22.197914+00:00
5 - 16 Agustus 2026,2026-08-05,2026-08-16,Daerah Istimewa Yogyakarta,Kulon Progo,Samigaluh,340111,105.259,25.028,35.065,199.719,39.766,24.012,61.364,7.686,497.899,simotandi_sentinel1/12,2026-08-30T16:43:22.197914+00:00
5 - 16 Agustus 2026,2026-08-05,2026-08-16,Daerah Istimewa Yogyakarta,Kulon Progo,Kalibawang,340112,139.456,10.831,18.977,61.929,26.429,25.966,235.035,161.997,680.62,simotandi_sentinel1/12,2026-08-30T16:43:22.197914+00:00
5 - 16 Agustus 2026,2026-08-05,2026-08-16,Daerah Istimewa Yogyakarta,Bantul,Srandakan,340201,283.407,6.067,9.912,64.101,64.842,16.211,18.202,22.093,484.835,simotandi_sentinel1/12,2026-08-30T16:43:22.197914+00:00
5 - 16 Agustus 2026,2026-08-05,2026-08-16,Daerah Istimewa Yogyakarta,Bantul,Sanden,340202,155.493,15.286,24.701,196.593,133.93,49.553,296.863,102.751,975.17,simotandi_sentinel1/12,2026-08-30T16:43:22.197914+00:00
5 - 16 Agustus 2026,2026-08-05,2026-08-16,Daerah Istimewa Yogyakarta,Bantul,Kretek,340203,384.467,3.674,6.736,96.281,218.894,61.236,68.254,42.017,881.559,simotandi_sentinel1/12,2026-08-30T16:43:22.197914+00:00
5 - 16 Agustus 2026,2026-08-05,2026-08-16,Daerah Istimewa Yogyakarta,Bantul,Pundong,340204,230.32,15.439,21.785,137.598,102.174,41.86,131.206,73.548,753.93,simotandi_sentinel1/12,2026-08-30T16:43:22.197914+00:00
5 - 16 Agustus 2026,2026-08-05,2026-08-16,Daerah Istimewa Yogyakarta,Bantul,Bambanglipuro,340205,256.079,39.64,36.34,179.675,172.699,53.544,190.987,73.01,1001.974,simotandi_sentinel1/12,2026-08-30T16:43:22.197914+00:00
5 - 16 Agustus 2026,2026-08-05,2026-08-16,Daerah Istimewa Yogyakarta,Bantul,Pandak,340206,265.639,47.154,48.395,178.99,95.122,57.852,90.329,51.647,835.128,simotandi_sentinel1/12,2026-08-30T16:43:22.197914+00:00
5 - 16 Agustus 2026,2026-08-05,2026-08-16,Daerah Istimewa Yogyakarta,Bantul,Pajangan,340207,100.832,17.712,16.963,72.842,16.814,14.618,32.579,4.091,276.451,simotandi_sentinel1/12,2026-08-30T16:43:22.197914+00:00
5 - 16 Agustus 2026,2026-08-05,2026-08-16,Daerah Istimewa Yogyakarta,Bantul,Bantul,340208,217.919,31.578,23.462,130.415,130.602,184.615,136.805,49.955,905.351,simotandi_sentinel1/12,2026-08-30T16:43:22.197914+00:00
5 - 16 Agustus 2026,2026-08-05,2026-08-16,Daerah Istimewa Yogyakarta,Bantul,Jetis,340209,376.376,23.347,29.81,109.318,120.468,105.176,230.013,91.159,1085.667,simotandi_sentinel1/12,2026-08-30T16:43:22.197914+00:00
5 - 16 Agustus 2026,2026-08-05,2026-08-16,Daerah Istimewa Yogyakarta,Bantul,Imogiri,340210,393.117,62.433,71.3,300.644,213.238,96.334,173.546,58.391,1369.003,simotandi_sentinel1/12,2026-08-30T16:43:22.197914+00:00
5 - 16 Agustus 2026,2026-08-05,2026-08-16,Daerah Istimewa Yogyakarta,Bantul,Dlingo,340211,395.937,44.372,68.227,164.133,45.763,12.171,5.425,4.312,740.34,simotandi_sentinel1/12,2026-08-30T16:43:22.197914+00:00
5 - 16 Agustus 2026,2026-08-05,2026-08-16,Daerah Istimewa Yogyakarta,Bantul,Banguntapan,340212,235.16,42.033,41.807,105.957,58.056,65.617,72.839,25.107,646.576,simotandi_sentinel1/12,2026-08-30T16:43:22.197914+00:00
5 - 16 Agustus 2026,2026-08-05,2026-08-16,Daerah Istimewa Yogyakarta,Bantul,Pleret,340213,135.643,32.763,37.181,204.268,95.765,53.19,59.33,19.509,637.649,simotandi_sentinel1/12,2026-08-30T16:43:22.197914+00:00
5 - 16 Agustus 2026,2026-08-05,2026-08-16,Daerah Istimewa Yogyakarta,Bantul,Piyungan,340214,189.289,57.222,98.462,217.544,158.823,45.378,101.744,33.463,901.925,simotandi_sentinel1/12,2026-08-30T16:43:22.197914+00:00
5 - 16 Agustus 2026,2026-08-05,2026-08-16,Daerah Istimewa Yogyakarta,Bantul,Sewon,340215,257.624,31.088,36.817,177.087,116.602,131.723,192.302,60.72,1003.963,simotandi_sentinel1/12,2026-08-30T16:43:22.197914+00:00
5 - 16 Agustus 2026,2026-08-05,2026-08-16,Daerah Istimewa Yogyakarta,Bantul,Kasihan,340216,169.762,19.575,26.084,82.914,32.155,34.584,70.673,23.121,458.868,simotandi_sentinel1/12,2026-08-30T16:43:22.197914+00:00
5 - 16 Agustus 2026,2026-08-05,2026-08-16,Daerah Istimewa Yogyakarta,Bantul,Sedayu,340217,149.212,51.322,52.738,231.748,102.095,68.231,100.039,6.581,761.966,simotandi_sentinel1/12,2026-08-30T16:43:22.197914+00:00
5 - 16 Agustus 2026,2026-08-05,2026-08-16,Daerah Istimewa Yogyakarta,Gunungkidul,Wonosari,340301,1444.533,143.734,163.473,137.534,41.973,44.823,21.022,7.625,2004.717,simotandi_sentinel1/12,2026-08-30T16:43:22.197914+00:00
5 - 16 Agustus 2026,2026-08-05,2026-08-16,Daerah Istimewa Yogyakarta,Gunungkidul,Nglipar,340302,594.611,81.687,52.805,71.846,28.162,13.921,1.52,3.12,847.672,simotandi_sentinel1/12,2026-08-30T16:43:22.197914+00:00
5 - 16 Agustus 2026,2026-08-05,2026-08-16,Daerah Istimewa Yogyakarta,Gunungkidul,Playen,340303,1043.168,68.209,46.072,50.041,25.858,11.906,0.434,1.612,1247.3,simotandi_sentinel1/12,2026-08-30T16:43:22.197914+00:00
5 - 16 Agustus 2026,2026-08-05,2026-08-16,Daerah Istimewa Yogyakarta,Gunungkidul,Patuk,340304,532.217,82.943,54.825,121.864,106.564,32.949,3.355,3.758,938.475,simotandi_sentinel1/12,2026-08-30T16:43:22.197914+00:00
5 - 16 Agustus 2026,2026-08-05,2026-08-16,Daerah Istimewa Yogyakarta,Gunungkidul,Paliyan,340305,890.031,57.231,78.299,38.746,5.893,2.825,3.794,2.18,1078.999,simotandi_sentinel1/12,2026-08-30T16:43:22.197914+00:00
5 - 16 Agustus 2026,2026-08-05,2026-08-16,Daerah Istimewa Yogyakarta,Gunungkidul,Panggang,340306,672.136,45.522,106.568,93.352,24.125,18.601,12.727,9.51,982.541,simotandi_sentinel1/12,2026-08-30T16:43:22.197914+00:00
5 - 16 Agustus 2026,2026-08-05,2026-08-16,Daerah Istimewa Yogyakarta,Gunungkidul,Tepus,340307,1423.859,85.396,138.128,130.734,22.913,22.994,14.95,15.357,1854.331,simotandi_sentinel1/12,2026-08-30T16:43:22.197914+00:00
5 - 16 Agustus 2026,2026-08-05,2026-08-16,Daerah Istimewa Yogyakarta,Gunungkidul,Semanu,340308,2021.586,185.552,230.818,215.011,20.387,27.034,12.125,11.765,2724.278,simotandi_sentinel1/12,2026-08-30T16:43:22.197914+00:00
5 - 16 Agustus 2026,2026-08-05,2026-08-16,Daerah Istimewa Yogyakarta,Gunungkidul,Karangmojo,340309,1346.655,124.693,74.338,80.766,39.971,12.857,4.533,6.676,1690.489,simotandi_sentinel1/12,2026-08-30T16:43:22.197914+00:00
5 - 16 Agustus 2026,2026-08-05,2026-08-16,Daerah Istimewa Yogyakarta,Gunungkidul,Ponjong,340310,1434.395,148.649,153.839,184.0,42.01,16.745,20.467,41.422,2041.527,simotandi_sentinel1/12,2026-08-30T16:43:22.197914+00:00
5 - 16 Agustus 2026,2026-08-05,2026-08-16,Daerah Istimewa Yogyakarta,Gunungkidul,Rongkop,340311,1554.794,66.302,166.09,152.575,17.08,21.854,9.885,11.768,2000.348,simotandi_sentinel1/12,2026-08-30T16:43:22.197914+00:00
5 - 16 Agustus 2026,2026-08-05,2026-08-16,Daerah Istimewa Yogyakarta,Gunungkidul,Semin,340312,1283.078,274.114,236.127,214.316,78.178,42.275,2.573,7.107,2137.768,simotandi_sentinel1/12,2026-08-30T16:43:22.197914+00:00
5 - 16 Agustus 2026,2026-08-05,2026-08-16,Daerah Istimewa Yogyakarta,Gunungkidul,Ngawen,340313,856.365,172.229,114.004,79.225,51.113,87.225,2.0,8.556,1370.717,simotandi_sentinel1/12,2026-08-30T16:43:22.197914+00:00
5 - 16 Agustus 2026,2026-08-05,2026-08-16,Daerah Istimewa Yogyakarta,Gunungkidul,Gedangsari,340314,497.166,162.322,85.067,79.208,88.214,31.249,0.977,2.062,946.265,simotandi_sentinel1/12,2026-08-30T16:43:22.197914+00:00
5 - 16 Agustus 2026,2026-08-05,2026-08-16,Daerah Istimewa Yogyakarta,Gunungkidul,Saptosari,340315,766.695,59.346,113.081,92.192,16.977,13.508,9.005,11.441,1082.245,simotandi_sentinel1/12,2026-08-30T16:43:22.197914+00:00
5 - 16 Agustus 2026,2026-08-05,2026-08-16,Daerah Istimewa Yogyakarta,Gunungkidul,Girisubo,340316,1505.939,78.186,127.257,104.025,24.871,32.168,15.861,20.775,1909.082,simotandi_sentinel1/12,2026-08-30T16:43:22.197914+00:00
5 - 16 Agustus 2026,2026-08-05,2026-08-16,Daerah Istimewa Yogyakarta,Gunungkidul,Tanjungsari,340317,1118.818,65.436,87.535,84.255,22.411,18.897,11.479,12.338,1421.169,simotandi_sentinel1/12,2026-08-30T16:43:22.197914+00:00
5 - 16 Agustus 2026,2026-08-05,2026-08-16,Daerah Istimewa Yogyakarta,Gunungkidul,Purwosari,340318,360.236,28.626,46.998,62.013,23.072,21.485,23.865,9.339,575.634,simotandi_sentinel1/12,2026-08-30T16:43:22.197914+00:00
5 - 16 Agustus 2026,2026-08-05,2026-08-16,Daerah Istimewa Yogyakarta,Sleman,Gamping,340401,160.155,24.847,35.585,114.26,97.87,94.544,65.896,21.284,614.441,simotandi_sentinel1/12,2026-08-30T16:43:22.197914+00:00
5 - 16 Agustus 2026,2026-08-05,2026-08-16,Daerah Istimewa Yogyakarta,Sleman,Godean,340402,196.754,42.805,69.459,210.245,162.912,147.694,102.135,20.259,952.263,simotandi_sentinel1/12,2026-08-30T16:43:22.197914+00:00
5 - 16 Agustus 2026,2026-08-05,2026-08-16,Daerah Istimewa Yogyakarta,Sleman,Moyudan,340403,250.134,112.934,123.089,341.044,155.883,71.348,64.402,12.661,1131.495,simotandi_sentinel1/12,2026-08-30T16:43:22.197914+00:00
5 - 16 Agustus 2026,2026-08-05,2026-08-16,Daerah Istimewa Yogyakarta,Sleman,Minggir,340404,233.95,109.468,164.653,353.562,146.844,63.075,41.299,7.8,1120.651,simotandi_sentinel1/12,2026-08-30T16:43:22.197914+00:00
5 - 16 Agustus 2026,2026-08-05,2026-08-16,Daerah Istimewa Yogyakarta,Sleman,Seyegan,340405,111.322,35.95,55.821,340.324,219.867,137.871,138.779,15.865,1055.799,simotandi_sentinel1/12,2026-08-30T16:43:22.197914+00:00
5 - 16 Agustus 2026,2026-08-05,2026-08-16,Daerah Istimewa Yogyakarta,Sleman,Mlati,340406,107.574,31.299,53.564,208.723,121.061,105.538,68.26,8.016,704.035,simotandi_sentinel1/12,2026-08-30T16:43:22.197914+00:00
5 - 16 Agustus 2026,2026-08-05,2026-08-16,Daerah Istimewa Yogyakarta,Sleman,Depok,340407,67.463,13.321,19.95,53.467,34.744,19.214,7.305,2.885,218.349,simotandi_sentinel1/12,2026-08-30T16:43:22.197914+00:00
5 - 16 Agustus 2026,2026-08-05,2026-08-16,Daerah Istimewa Yogyakarta,Sleman,Berbah,340408,240.803,66.429,77.171,187.614,104.462,100.514,158.987,63.409,999.389,simotandi_sentinel1/12,2026-08-30T16:43:22.197914+00:00
5 - 16 Agustus 2026,2026-08-05,2026-08-16,Daerah Istimewa Yogyakarta,Sleman,Prambanan,340409,409.642,73.23,93.634,157.736,173.643,98.87,53.764,38.528,1099.047,simotandi_sentinel1/12,2026-08-30T16:43:22.197914+00:00
5 - 16 Agustus 2026,2026-08-05,2026-08-16,Daerah Istimewa Yogyakarta,Sleman,Kalasan,340410,212.442,94.385,115.308,360.969,192.13,165.708,154.025,27.414,1322.381,simotandi_sentinel1/12,2026-08-30T16:43:22.197914+00:00
5 - 16 Agustus 2026,2026-08-05,2026-08-16,Daerah Istimewa Yogyakarta,Sleman,Ngemplak,340411,166.773,94.221,89.215,381.0,236.376,198.112,167.528,25.167,1358.392,simotandi_sentinel1/12,2026-08-30T16:43:22.197914+00:00
5 - 16 Agustus 2026,2026-08-05,2026-08-16,Daerah Istimewa Yogyakarta,Sleman,Ngaglik,340412,209.743,46.681,67.409,340.216,188.957,154.019,148.03,13.447,1168.502,simotandi_sentinel1/12,2026-08-30T16:43:22.197914+00:00
5 - 16 Agustus 2026,2026-08-05,2026-08-16,Daerah Istimewa Yogyakarta,Sleman,Sleman,340413,151.137,30.251,48.773,397.381,218.78,163.853,198.052,13.296,1221.523,simotandi_sentinel1/12,2026-08-30T16:43:22.197914+00:00
5 - 16 Agustus 2026,2026-08-05,2026-08-16,Daerah Istimewa Yogyakarta,Sleman,Tempel,340414,153.112,38.508,53.517,368.891,164.039,116.776,139.947,15.206,1049.996,simotandi_sentinel1/12,2026-08-30T16:43:22.197914+00:00
5 - 16 Agustus 2026,2026-08-05,2026-08-16,Daerah Istimewa Yogyakarta,Sleman,Turi,340415,51.387,13.3,15.719,95.52,46.417,30.967,31.236,3.426,287.972,simotandi_sentinel1/12,2026-08-30T16:43:22.197914+00:00
5 - 16 Agustus 2026,2026-08-05,2026-08-16,Daerah Istimewa Yogyakarta,Sleman,Pakem,340416,178.383,38.377,53.94,251.198,154.632,108.755,68.753,10.75,864.788,simotandi_sentinel1/12,2026-08-30T16:43:22.197914+00:00
5 - 16 Agustus 2026,2026-08-05,2026-08-16,Daerah Istimewa Yogyakarta,Sleman,Cangkringan,340417,103.957,32.473,45.059,246.052,184.43,76.169,49.036,11.714,748.89,simotandi_sentinel1/12,2026-08-30T16:43:22.197914+00:00
5 - 16 Agustus 2026,2026-08-05,2026-08-16,Daerah Istimewa Yogyakarta,Kota Yogyakarta,Tegalrejo,347101,1.979,0.135,0.18,1.844,1.214,0.72,0.0,0.0,6.072,simotandi_sentinel1/12,2026-08-30T16:43:22.197914+00:00
5 - 16 Agustus 2026,2026-08-05,2026-08-16,Daerah Istimewa Yogyakarta,Kota Yogyakarta,Jetis,347102,0.0,0.0,0.0,0.0,0.0,0.0,0.0,0.0,0.0,simotandi_sentinel1/12,2026-08-30T16:43:22.197914+00:00
5 - 16 Agustus 2026,2026-08-05,2026-08-16,Daerah Istimewa Yogyakarta,Kota Yogyakarta,Gondokusuman,347103,0.0,0.0,0.0,0.0,0.0,0.0,0.0,0.0,0.0,simotandi_sentinel1/12,2026-08-30T16:43:22.197914+00:00
5 - 16 Agustus 2026,2026-08-05,2026-08-16,Daerah Istimewa Yogyakarta,Kota Yogyakarta,Danurejan,347104,0.0,0.0,0.0,0.0,0.0,0.0,0.0,0.0,0.0,simotandi_sentinel1/12,2026-08-30T16:43:22.197914+00:00
5 - 16 Agustus 2026,2026-08-05,2026-08-16,Daerah Istimewa Yogyakarta,Kota Yogyakarta,Gedongtengen,347105,0.0,0.0,0.0,0.0,0.0,0.0,0.0,0.0,0.0,simotandi_sentinel1/12,2026-08-30T16:43:22.197914+00:00
5 - 16 Agustus 2026,2026-08-05,2026-08-16,Daerah Istimewa Yogyakarta,Kota Yogyakarta,Ngampilan,347106,0.0,0.0,0.0,0.0,0.0,0.0,0.0,0.0,0.0,simotandi_sentinel1/12,2026-08-30T16:43:22.197914+00:00
5 - 16 Agustus 2026,2026-08-05,2026-08-16,Daerah Istimewa Yogyakarta,Kota Yogyakarta,Wirobrajan,347107,0.0,0.0,0.0,0.0,0.0,0.0,0.0,0.0,0.0,simotandi_sentinel1/12,2026-08-30T16:43:22.197914+00:00
5 - 16 Agustus 2026,2026-08-05,2026-08-16,Daerah Istimewa Yogyakarta,Kota Yogyakarta,Mantrijeron,347108,0.321,0.0,0.0,0.046,0.046,0.0,0.0,0.0,0.413,simotandi_sentinel1/12,2026-08-30T16:43:22.197914+00:00
5 - 16 Agustus 2026,2026-08-05,2026-08-16,Daerah Istimewa Yogyakarta,Kota Yogyakarta,Kraton,347109,0.0,0.0,0.0,0.0,0.0,0.0,0.0,0.0,0.0,simotandi_sentinel1/12,2026-08-30T16:43:22.197914+00:00
5 - 16 Agustus 2026,2026-08-05,2026-08-16,Daerah Istimewa Yogyakarta,Kota Yogyakarta,Gondomanan,347110,0.0,0.0,0.0,0.0,0.0,0.0,0.0,0.0,0.0,simotandi_sentinel1/12,2026-08-30T16:43:22.197914+00:00
5 - 16 Agustus 2026,2026-08-05,2026-08-16,Daerah Istimewa Yogyakarta,Kota Yogyakarta,Pakualaman,347111,0.0,0.0,0.0,0.0,0.0,0.0,0.0,0.0,0.0,simotandi_sentinel1/12,2026-08-30T16:43:22.197914+00:00
5 - 16 Agustus 2026,2026-08-05,2026-08-16,Daerah Istimewa Yogyakarta,Kota Yogyakarta,Mergangsan,347112,1.239,0.048,0.0,0.048,0.0,0.0,0.953,1.096,3.384,simotandi_sentinel1/12,2026-08-30T16:43:22.197914+00:00
5 - 16 Agustus 2026,2026-08-05,2026-08-16,Daerah Istimewa Yogyakarta,Kota Yogyakarta,Umbulharjo,347113,5.6,0.988,0.988,2.086,0.604,0.439,1.318,1.372,13.395,simotandi_sentinel1/12,2026-08-30T16:43:22.197914+00:00
5 - 16 Agustus 2026,2026-08-05,2026-08-16,Daerah Istimewa Yogyakarta,Kota Yogyakarta,Kotagede,347114,1.677,0.047,0.14,0.093,0.093,0.233,0.186,0.14,2.609,simotandi_sentinel1/12,2026-08-30T16:43:22.197914+00:00
14 - 25 Maret 2026,2026-03-14,2026-03-25,Daerah Istimewa Yogyakarta,Kulon Progo,Temon,340101,74.54,1.105,1.414,8.307,21.253,134.323,915.517,43.876,1200.335,simontadi2/15,2026-08-30T16:43:22.197914+00:00
14 - 25 Maret 2026,2026-03-14,2026-03-25,Daerah Istimewa Yogyakarta,Kulon Progo,Wates,340102,106.668,1.479,1.267,4.753,25.716,21.545,761.458,97.955,1020.841,simontadi2/15,2026-08-30T16:43:22.197914+00:00
14 - 25 Maret 2026,2026-03-14,2026-03-25,Daerah Istimewa Yogyakarta,Kulon Progo,Panjatan,340103,134.771,28.676,31.345,338.216,411.862,55.188,193.319,37.651,1231.028,simontadi2/15,2026-08-30T16:43:22.197914+00:00
14 - 25 Maret 2026,2026-03-14,2026-03-25,Daerah Istimewa Yogyakarta,Kulon Progo,Galur,340104,28.001,2.829,16.194,360.853,720.312,8.691,15.948,7.051,1159.879,simontadi2/15,2026-08-30T16:43:22.197914+00:00
14 - 25 Maret 2026,2026-03-14,2026-03-25,Daerah Istimewa Yogyakarta,Kulon Progo,Lendah,340105,32.936,1.298,6.102,28.348,323.388,206.748,115.254,4.068,718.142,simontadi2/15,2026-08-30T16:43:22.197914+00:00
14 - 25 Maret 2026,2026-03-14,2026-03-25,Daerah Istimewa Yogyakarta,Kulon Progo,Sentolo,340106,125.546,8.446,31.41,26.666,54.565,507.927,576.679,20.972,1352.211,simontadi2/15,2026-08-30T16:43:22.197914+00:00
14 - 25 Maret 2026,2026-03-14,2026-03-25,Daerah Istimewa Yogyakarta,Kulon Progo,Pengasih,340107,112.057,10.783,19.176,20.288,34.24,124.952,349.178,63.366,734.04,simontadi2/15,2026-08-30T16:43:22.197914+00:00
14 - 25 Maret 2026,2026-03-14,2026-03-25,Daerah Istimewa Yogyakarta,Kulon Progo,Kokap,340108,14.625,2.654,0.364,0.573,2.55,5.621,64.745,12.387,103.519,simontadi2/15,2026-08-30T16:43:22.197914+00:00
14 - 25 Maret 2026,2026-03-14,2026-03-25,Daerah Istimewa Yogyakarta,Kulon Progo,Girimulyo,340109,76.245,35.716,77.592,28.159,29.795,57.376,128.326,18.05,451.259,simontadi2/15,2026-08-30T16:43:22.197914+00:00
14 - 25 Maret 2026,2026-03-14,2026-03-25,Daerah Istimewa Yogyakarta,Kulon Progo,Nanggulan,340110,119.574,280.549,260.908,281.154,40.752,128.442,157.514,90.156,1359.049,simontadi2/15,2026-08-30T16:43:22.197914+00:00
14 - 25 Maret 2026,2026-03-14,2026-03-25,Daerah Istimewa Yogyakarta,Kulon Progo,Samigaluh,340111,143.945,28.967,26.68,27.633,14.547,56.917,164.654,34.557,497.9,simontadi2/15,2026-08-30T16:43:22.197914+00:00
14 - 25 Maret 2026,2026-03-14,2026-03-25,Daerah Istimewa Yogyakarta,Kulon Progo,Kalibawang,340112,149.963,250.679,101.133,24.207,10.599,23.976,59.846,60.217,680.62,simontadi2/15,2026-08-30T16:43:22.197914+00:00
14 - 25 Maret 2026,2026-03-14,2026-03-25,Daerah Istimewa Yogyakarta,Bantul,Srandakan,340201,72.253,16.766,34.505,158.169,25.566,24.316,80.127,73.133,484.835,simontadi2/15,2026-08-30T16:43:22.197914+00:00
14 - 25 Maret 2026,2026-03-14,2026-03-25,Daerah Istimewa Yogyakarta,Bantul,Sanden,340202,138.688,69.395,28.092,15.893,45.301,117.986,411.964,147.85,975.169,simontadi2/15,2026-08-30T16:43:22.197914+00:00
14 - 25 Maret 2026,2026-03-14,2026-03-25,Daerah Istimewa Yogyakarta,Bantul,Kretek,340203,101.981,67.265,224.782,113.898,25.578,35.611,178.29,134.153,881.558,simontadi2/15,2026-08-30T16:43:22.197914+00:00
14 - 25 Maret 2026,2026-03-14,2026-03-25,Daerah Istimewa Yogyakarta,Bantul,Pundong,340204,71.837,71.252,43.705,84.755,56.984,82.01,233.516,109.871,753.93,simontadi2/15,2026-08-30T16:43:22.197914+00:00
14 - 25 Maret 2026,2026-03-14,2026-03-25,Daerah Istimewa Yogyakarta,Bantul,Bambanglipuro,340205,92.288,45.107,37.613,86.726,79.656,180.523,374.62,105.439,1001.972,simontadi2/15,2026-08-30T16:43:22.197914+00:00
14 - 25 Maret 2026,2026-03-14,2026-03-25,Daerah Istimewa Yogyakarta,Bantul,Pandak,340206,108.943,9.414,19.726,188.532,106.29,150.021,189.516,62.687,835.129,simontadi2/15,2026-08-30T16:43:22.197914+00:00
14 - 25 Maret 2026,2026-03-14,2026-03-25,Daerah Istimewa Yogyakarta,Bantul,Pajangan,340207,67.753,3.792,11.625,15.417,16.464,71.445,78.779,11.176,276.451,simontadi2/15,2026-08-30T16:43:22.197914+00:00
14 - 25 Maret 2026,2026-03-14,2026-03-25,Daerah Istimewa Yogyakarta,Bantul,Bantul,340208,124.585,5.83,13.573,107.42,193.571,253.134,168.197,39.041,905.351,simontadi2/15,2026-08-30T16:43:22.197914+00:00
14 - 25 Maret 2026,2026-03-14,2026-03-25,Daerah Istimewa Yogyakarta,Bantul,Jetis,340209,141.903,70.679,70.36,176.037,127.021,133.848,253.315,112.503,1085.666,simontadi2/15,2026-08-30T16:43:22.197914+00:00
14 - 25 Maret 2026,2026-03-14,2026-03-25,Daerah Istimewa Yogyakarta,Bantul,Imogiri,340210,363.861,28.231,34.504,170.831,121.669,175.235,358.915,115.758,1369.004,simontadi2/15,2026-08-30T16:43:22.197914+00:00
14 - 25 Maret 2026,2026-03-14,2026-03-25,Daerah Istimewa Yogyakarta,Bantul,Dlingo,340211,359.354,26.985,55.499,28.932,6.19,37.139,137.705,88.535,740.339,simontadi2/15,2026-08-30T16:43:22.197914+00:00
14 - 25 Maret 2026,2026-03-14,2026-03-25,Daerah Istimewa Yogyakarta,Bantul,Banguntapan,340212,182.915,29.169,31.426,53.317,52.189,92.981,146.467,58.113,646.577,simontadi2/15,2026-08-30T16:43:22.197914+00:00
14 - 25 Maret 2026,2026-03-14,2026-03-25,Daerah Istimewa Yogyakarta,Bantul,Pleret,340213,148.037,5.451,15.55,39.993,37.583,115.733,228.883,46.419,637.649,simontadi2/15,2026-08-30T16:43:22.197914+00:00
14 - 25 Maret 2026,2026-03-14,2026-03-25,Daerah Istimewa Yogyakarta,Bantul,Piyungan,340214,212.906,18.908,34.248,21.69,24.901,134.279,355.176,99.818,901.926,simontadi2/15,2026-08-30T16:43:22.197914+00:00
14 - 25 Maret 2026,2026-03-14,2026-03-25,Daerah Istimewa Yogyakarta,Bantul,Sewon,340215,196.763,23.621,38.413,131.301,97.865,152.668,280.446,82.885,1003.962,simontadi2/15,2026-08-30T16:43:22.197914+00:00
14 - 25 Maret 2026,2026-03-14,2026-03-25,Daerah Istimewa Yogyakarta,Bantul,Kasihan,340216,95.105,13.892,15.98,47.504,36.624,65.573,155.384,28.804,458.866,simontadi2/15,2026-08-30T16:43:22.197914+00:00
14 - 25 Maret 2026,2026-03-14,2026-03-25,Daerah Istimewa Yogyakarta,Bantul,Sedayu,340217,122.203,16.407,23.033,75.863,68.825,197.244,214.656,43.735,761.966,simontadi2/15,2026-08-30T16:43:22.197914+00:00
14 - 25 Maret 2026,2026-03-14,2026-03-25,Daerah Istimewa Yogyakarta,Gunungkidul,Wonosari,340301,1758.723,49.455,76.178,10.903,3.848,10.119,45.108,50.382,2004.716,simontadi2/15,2026-08-30T16:43:22.197914+00:00
14 - 25 Maret 2026,2026-03-14,2026-03-25,Daerah Istimewa Yogyakarta,Gunungkidul,Nglipar,340302,515.644,33.043,78.567,104.329,4.0,15.201,49.044,47.844,847.672,simontadi2/15,2026-08-30T16:43:22.197914+00:00
14 - 25 Maret 2026,2026-03-14,2026-03-25,Daerah Istimewa Yogyakarta,Gunungkidul,Playen,340303,1051.911,33.981,63.497,18.479,1.302,4.899,26.168,47.064,1247.301,simontadi2/15,2026-08-30T16:43:22.197914+00:00
14 - 25 Maret 2026,2026-03-14,2026-03-25,Daerah Istimewa Yogyakarta,Gunungkidul,Patuk,340304,339.22,78.715,123.609,93.814,8.925,47.175,131.863,115.154,938.475,simontadi2/15,2026-08-30T16:43:22.197914+00:00
14 - 25 Maret 2026,2026-03-14,2026-03-25,Daerah Istimewa Yogyakarta,Gunungkidul,Paliyan,340305,942.5,12.835,18.162,5.166,1.453,8.637,53.034,37.212,1078.999,simontadi2/15,2026-08-30T16:43:22.197914+00:00
14 - 25 Maret 2026,2026-03-14,2026-03-25,Daerah Istimewa Yogyakarta,Gunungkidul,Panggang,340306,689.548,27.271,33.215,28.67,19.999,48.809,85.52,49.508,982.54,simontadi2/15,2026-08-30T16:43:22.197914+00:00
14 - 25 Maret 2026,2026-03-14,2026-03-25,Daerah Istimewa Yogyakarta,Gunungkidul,Tepus,340307,1592.701,29.413,25.838,12.675,15.438,44.526,77.189,56.551,1854.331,simontadi2/15,2026-08-30T16:43:22.197914+00:00
14 - 25 Maret 2026,2026-03-14,2026-03-25,Daerah Istimewa Yogyakarta,Gunungkidul,Semanu,340308,2552.557,33.769,43.649,16.705,13.382,22.273,21.196,20.747,2724.278,simontadi2/15,2026-08-30T16:43:22.197914+00:00
14 - 25 Maret 2026,2026-03-14,2026-03-25,Daerah Istimewa Yogyakarta,Gunungkidul,Karangmojo,340309,1145.811,114.144,137.385,62.058,2.885,17.142,73.267,137.797,1690.489,simontadi2/15,2026-08-30T16:43:22.197914+00:00
14 - 25 Maret 2026,2026-03-14,2026-03-25,Daerah Istimewa Yogyakarta,Gunungkidul,Ponjong,340310,1372.8,188.308,115.355,46.71,10.674,35.057,109.675,162.946,2041.525,simontadi2/15,2026-08-30T16:43:22.197914+00:00
14 - 25 Maret 2026,2026-03-14,2026-03-25,Daerah Istimewa Yogyakarta,Gunungkidul,Rongkop,340311,1807.83,22.123,27.637,19.904,19.971,37.253,32.344,33.285,2000.347,simontadi2/15,2026-08-30T16:43:22.197914+00:00
14 - 25 Maret 2026,2026-03-14,2026-03-25,Daerah Istimewa Yogyakarta,Gunungkidul,Semin,340312,1234.43,47.912,207.209,436.229,22.424,42.643,76.585,70.336,2137.768,simontadi2/15,2026-08-30T16:43:22.197914+00:00
14 - 25 Maret 2026,2026-03-14,2026-03-25,Daerah Istimewa Yogyakarta,Gunungkidul,Ngawen,340313,666.58,27.556,79.336,485.573,11.778,11.778,43.002,45.113,1370.716,simontadi2/15,2026-08-30T16:43:22.197914+00:00
14 - 25 Maret 2026,2026-03-14,2026-03-25,Daerah Istimewa Yogyakarta,Gunungkidul,Gedangsari,340314,476.008,51.105,107.202,153.642,7.487,41.34,60.437,49.044,946.265,simontadi2/15,2026-08-30T16:43:22.197914+00:00
14 - 25 Maret 2026,2026-03-14,2026-03-25,Daerah Istimewa Yogyakarta,Gunungkidul,Saptosari,340315,792.825,17.346,22.218,15.205,23.62,73.001,91.971,46.059,1082.245,simontadi2/15,2026-08-30T16:43:22.197914+00:00
14 - 25 Maret 2026,2026-03-14,2026-03-25,Daerah Istimewa Yogyakarta,Gunungkidul,Girisubo,340316,1585.019,43.189,17.499,23.903,48.773,62.623,62.772,65.304,1909.082,simontadi2/15,2026-08-30T16:43:22.197914+00:00
14 - 25 Maret 2026,2026-03-14,2026-03-25,Daerah Istimewa Yogyakarta,Gunungkidul,Tanjungsari,340317,1171.605,28.267,19.209,8.824,20.146,52.005,88.003,33.109,1421.168,simontadi2/15,2026-08-30T16:43:22.197914+00:00
14 - 25 Maret 2026,2026-03-14,2026-03-25,Daerah Istimewa Yogyakarta,Gunungkidul,Purwosari,340318,328.314,30.64,31.678,17.945,16.907,33.753,61.342,55.055,575.634,simontadi2/15,2026-08-30T16:43:22.197914+00:00
14 - 25 Maret 2026,2026-03-14,2026-03-25,Daerah Istimewa Yogyakarta,Sleman,Gamping,340401,134.309,28.078,30.026,52.926,43.424,133.454,147.707,44.516,614.44,simontadi2/15,2026-08-30T16:43:22.197914+00:00
14 - 25 Maret 2026,2026-03-14,2026-03-25,Daerah Istimewa Yogyakarta,Sleman,Godean,340402,144.24,28.288,45.979,102.041,98.961,232.277,239.606,60.87,952.262,simontadi2/15,2026-08-30T16:43:22.197914+00:00
14 - 25 Maret 2026,2026-03-14,2026-03-25,Daerah Istimewa Yogyakarta,Sleman,Moyudan,340403,133.244,39.784,74.469,250.354,202.086,201.866,197.25,32.443,1131.496,simontadi2/15,2026-08-30T16:43:22.197914+00:00
14 - 25 Maret 2026,2026-03-14,2026-03-25,Daerah Istimewa Yogyakarta,Sleman,Minggir,340404,127.052,25.338,54.734,213.526,253.562,277.097,132.642,36.7,1120.651,simontadi2/15,2026-08-30T16:43:22.197914+00:00
14 - 25 Maret 2026,2026-03-14,2026-03-25,Daerah Istimewa Yogyakarta,Sleman,Seyegan,340405,180.071,11.485,21.153,112.925,90.81,310.197,267.302,61.858,1055.801,simontadi2/15,2026-08-30T16:43:22.197914+00:00
14 - 25 Maret 2026,2026-03-14,2026-03-25,Daerah Istimewa Yogyakarta,Sleman,Mlati,340406,201.089,18.957,23.474,40.46,35.625,171.254,150.197,62.98,704.036,simontadi2/15,2026-08-30T16:43:22.197914+00:00
14 - 25 Maret 2026,2026-03-14,2026-03-25,Daerah Istimewa Yogyakarta,Sleman,Depok,340407,75.075,10.19,12.768,23.265,20.135,35.051,26.457,15.408,218.349,simontadi2/15,2026-08-30T16:43:22.197914+00:00
14 - 25 Maret 2026,2026-03-14,2026-03-25,Daerah Istimewa Yogyakarta,Sleman,Berbah,340408,188.717,39.95,33.272,55.976,76.59,163.342,312.458,129.083,999.388,simontadi2/15,2026-08-30T16:43:22.197914+00:00
14 - 25 Maret 2026,2026-03-14,2026-03-25,Daerah Istimewa Yogyakarta,Sleman,Prambanan,340409,299.697,42.219,75.377,131.021,91.688,115.315,232.71,111.019,1099.046,simontadi2/15,2026-08-30T16:43:22.197914+00:00
14 - 25 Maret 2026,2026-03-14,2026-03-25,Daerah Istimewa Yogyakarta,Sleman,Kalasan,340410,322.94,23.749,28.102,66.818,101.334,329.584,359.06,90.796,1322.383,simontadi2/15,2026-08-30T16:43:22.197914+00:00
14 - 25 Maret 2026,2026-03-14,2026-03-25,Daerah Istimewa Yogyakarta,Sleman,Ngemplak,340411,351.102,25.715,29.007,79.409,102.45,288.013,372.223,110.474,1358.393,simontadi2/15,2026-08-30T16:43:22.197914+00:00
14 - 25 Maret 2026,2026-03-14,2026-03-25,Daerah Istimewa Yogyakarta,Sleman,Ngaglik,340412,303.282,26.071,23.076,43.099,79.153,323.599,285.549,84.672,1168.501,simontadi2/15,2026-08-30T16:43:22.197914+00:00
14 - 25 Maret 2026,2026-03-14,2026-03-25,Daerah Istimewa Yogyakarta,Sleman,Sleman,340413,286.829,16.432,19.915,60.675,72.346,278.584,366.782,119.957,1221.52,simontadi2/15,2026-08-30T16:43:22.197914+00:00
14 - 25 Maret 2026,2026-03-14,2026-03-25,Daerah Istimewa Yogyakarta,Sleman,Tempel,340414,282.197,15.601,17.378,54.504,68.196,241.714,294.573,75.832,1049.995,simontadi2/15,2026-08-30T16:43:22.197914+00:00
14 - 25 Maret 2026,2026-03-14,2026-03-25,Daerah Istimewa Yogyakarta,Sleman,Turi,340415,124.875,7.658,6.717,16.054,8.934,31.034,63.21,29.489,287.971,simontadi2/15,2026-08-30T16:43:22.197914+00:00
14 - 25 Maret 2026,2026-03-14,2026-03-25,Daerah Istimewa Yogyakarta,Sleman,Pakem,340416,336.64,27.189,30.626,70.878,53.377,98.004,182.82,65.253,864.787,simontadi2/15,2026-08-30T16:43:22.197914+00:00
14 - 25 Maret 2026,2026-03-14,2026-03-25,Daerah Istimewa Yogyakarta,Sleman,Cangkringan,340417,174.187,12.749,15.801,62.712,103.303,142.096,199.141,38.902,748.891,simontadi2/15,2026-08-30T16:43:22.197914+00:00
14 - 25 Maret 2026,2026-03-14,2026-03-25,Daerah Istimewa Yogyakarta,Kota Yogyakarta,Tegalrejo,347101,0.72,0.27,0.72,2.069,1.439,0.765,0.045,0.045,6.073,simontadi2/15,2026-08-30T16:43:22.197914+00:00
14 - 25 Maret 2026,2026-03-14,2026-03-25,Daerah Istimewa Yogyakarta,Kota Yogyakarta,Jetis,347102,0.0,0.0,0.0,0.0,0.0,0.0,0.0,0.0,0.0,simontadi2/15,2026-08-30T16:43:22.197914+00:00
14 - 25 Maret 2026,2026-03-14,2026-03-25,Daerah Istimewa Yogyakarta,Kota Yogyakarta,Gondokusuman,347103,0.0,0.0,0.0,0.0,0.0,0.0,0.0,0.0,0.0,simontadi2/15,2026-08-30T16:43:22.197914+00:00
14 - 25 Maret 2026,2026-03-14,2026-03-25,Daerah Istimewa Yogyakarta,Kota Yogyakarta,Danurejan,347104,0.0,0.0,0.0,0.0,0.0,0.0,0.0,0.0,0.0,simontadi2/15,2026-08-30T16:43:22.197914+00:00
14 - 25 Maret 2026,2026-03-14,2026-03-25,Daerah Istimewa Yogyakarta,Kota Yogyakarta,Gedongtengen,347105,0.0,0.0,0.0,0.0,0.0,0.0,0.0,0.0,0.0,simontadi2/15,2026-08-30T16:43:22.197914+00:00
14 - 25 Maret 2026,2026-03-14,2026-03-25,Daerah Istimewa Yogyakarta,Kota Yogyakarta,Ngampilan,347106,0.0,0.0,0.0,0.0,0.0,0.0,0.0,0.0,0.0,simontadi2/15,2026-08-30T16:43:22.197914+00:00
14 - 25 Maret 2026,2026-03-14,2026-03-25,Daerah Istimewa Yogyakarta,Kota Yogyakarta,Wirobrajan,347107,0.0,0.0,0.0,0.0,0.0,0.0,0.0,0.0,0.0,simontadi2/15,2026-08-30T16:43:22.197914+00:00
14 - 25 Maret 2026,2026-03-14,2026-03-25,Daerah Istimewa Yogyakarta,Kota Yogyakarta,Mantrijeron,347108,0.229,0.0,0.0,0.0,0.046,0.092,0.046,0.0,0.413,simontadi2/15,2026-08-30T16:43:22.197914+00:00
14 - 25 Maret 2026,2026-03-14,2026-03-25,Daerah Istimewa Yogyakarta,Kota Yogyakarta,Kraton,347109,0.0,0.0,0.0,0.0,0.0,0.0,0.0,0.0,0.0,simontadi2/15,2026-08-30T16:43:22.197914+00:00
14 - 25 Maret 2026,2026-03-14,2026-03-25,Daerah Istimewa Yogyakarta,Kota Yogyakarta,Gondomanan,347110,0.0,0.0,0.0,0.0,0.0,0.0,0.0,0.0,0.0,simontadi2/15,2026-08-30T16:43:22.197914+00:00
14 - 25 Maret 2026,2026-03-14,2026-03-25,Daerah Istimewa Yogyakarta,Kota Yogyakarta,Pakualaman,347111,0.0,0.0,0.0,0.0,0.0,0.0,0.0,0.0,0.0,simontadi2/15,2026-08-30T16:43:22.197914+00:00
14 - 25 Maret 2026,2026-03-14,2026-03-25,Daerah Istimewa Yogyakarta,Kota Yogyakarta,Mergangsan,347112,0.81,0.0,0.048,0.0,0.0,0.048,1.239,1.239,3.384,simontadi2/15,2026-08-30T16:43:22.197914+00:00
14 - 25 Maret 2026,2026-03-14,2026-03-25,Daerah Istimewa Yogyakarta,Kota Yogyakarta,Umbulharjo,347113,4.392,0.933,0.274,0.165,0.384,1.263,3.898,2.086,13.395,simontadi2/15,2026-08-30T16:43:22.197914+00:00
14 - 25 Maret 2026,2026-03-14,2026-03-25,Daerah Istimewa Yogyakarta,Kota Yogyakarta,Kotagede,347114,0.978,0.047,0.279,0.047,0.047,0.419,0.466,0.326,2.609,simontadi2/15,2026-08-30T16:43:22.197914+00:00
26 Maret - 6 April 2026,2026-03-26,2026-04-06,Daerah Istimewa Yogyakarta,Kulon Progo,Temon,340101,108.342,10.074,1.105,6.098,6.539,31.858,690.217,346.103,1200.336,simontadi2/16,2026-08-30T16:43:22.197914+00:00
26 Maret - 6 April 2026,2026-03-26,2026-04-06,Daerah Istimewa Yogyakarta,Kulon Progo,Wates,340102,175.526,29.096,1.479,3.221,7.129,32.951,335.844,435.594,1020.84,simontadi2/16,2026-08-30T16:43:22.197914+00:00
26 Maret - 6 April 2026,2026-03-26,2026-04-06,Daerah Istimewa Yogyakarta,Kulon Progo,Panjatan,340103,138.683,33.739,28.676,162.756,510.04,144.115,92.057,120.963,1231.029,simontadi2/16,2026-08-30T16:43:22.197914+00:00
26 Maret - 6 April 2026,2026-03-26,2026-04-06,Daerah Istimewa Yogyakarta,Kulon Progo,Galur,340104,33.781,1.271,2.829,69.366,858.061,174.154,14.431,5.986,1159.879,simontadi2/16,2026-08-30T16:43:22.197914+00:00
26 Maret - 6 April 2026,2026-03-26,2026-04-06,Daerah Istimewa Yogyakarta,Kulon Progo,Lendah,340105,36.572,0.433,1.298,12.205,104.651,325.076,209.951,27.959,718.145,simontadi2/16,2026-08-30T16:43:22.197914+00:00
26 Maret - 6 April 2026,2026-03-26,2026-04-06,Daerah Istimewa Yogyakarta,Kulon Progo,Sentolo,340106,139.496,7.022,8.446,51.054,20.355,162.366,843.572,119.9,1352.211,simontadi2/16,2026-08-30T16:43:22.197914+00:00
26 Maret - 6 April 2026,2026-03-26,2026-04-06,Daerah Istimewa Yogyakarta,Kulon Progo,Pengasih,340107,148.187,27.236,10.783,32.85,22.011,62.81,287.924,142.239,734.04,simontadi2/16,2026-08-30T16:43:22.197914+00:00
26 Maret - 6 April 2026,2026-03-26,2026-04-06,Daerah Istimewa Yogyakarta,Kulon Progo,Kokap,340108,21.703,5.309,2.654,0.677,0.625,3.747,27.272,41.532,103.519,simontadi2/16,2026-08-30T16:43:22.197914+00:00
26 Maret - 6 April 2026,2026-03-26,2026-04-06,Daerah Istimewa Yogyakarta,Kulon Progo,Girimulyo,340109,81.78,12.515,35.716,96.124,23.73,42.503,128.326,30.565,451.259,simontadi2/16,2026-08-30T16:43:22.197914+00:00
26 Maret - 6 April 2026,2026-03-26,2026-04-06,Daerah Istimewa Yogyakarta,Kulon Progo,Nanggulan,340110,124.765,84.965,280.549,466.355,96.472,91.108,154.961,59.873,1359.048,simontadi2/16,2026-08-30T16:43:22.197914+00:00
26 Maret - 6 April 2026,2026-03-26,2026-04-06,Daerah Istimewa Yogyakarta,Kulon Progo,Samigaluh,340111,167.322,11.18,28.967,45.674,17.342,30.047,153.537,43.831,497.9,simontadi2/16,2026-08-30T16:43:22.197914+00:00
26 Maret - 6 April 2026,2026-03-26,2026-04-06,Daerah Istimewa Yogyakarta,Kulon Progo,Kalibawang,340112,131.727,78.453,250.679,118.304,12.543,16.292,37.306,35.315,680.619,simontadi2/16,2026-08-30T16:43:22.197914+00:00
26 Maret - 6 April 2026,2026-03-26,2026-04-06,Daerah Istimewa Yogyakarta,Bantul,Srandakan,340201,135.937,9.448,16.766,112.084,98.745,19.128,45.806,46.918,484.832,simontadi2/16,2026-08-30T16:43:22.197914+00:00
26 Maret - 6 April 2026,2026-03-26,2026-04-06,Daerah Istimewa Yogyakarta,Bantul,Sanden,340202,185.963,100.574,69.395,38.266,14.122,84.276,210.968,271.606,975.17,simontadi2/16,2026-08-30T16:43:22.197914+00:00
26 Maret - 6 April 2026,2026-03-26,2026-04-06,Daerah Istimewa Yogyakarta,Bantul,Kretek,340203,210.368,25.766,67.265,309.193,35.705,34.951,73.106,125.204,881.558,simontadi2/16,2026-08-30T16:43:22.197914+00:00
26 Maret - 6 April 2026,2026-03-26,2026-04-06,Daerah Istimewa Yogyakarta,Bantul,Pundong,340204,131.566,50.142,71.252,88.671,64.861,80.614,116.353,150.471,753.93,simontadi2/16,2026-08-30T16:43:22.197914+00:00
26 Maret - 6 April 2026,2026-03-26,2026-04-06,Daerah Istimewa Yogyakarta,Bantul,Bambanglipuro,340205,154.552,43.175,45.107,75.179,97.52,82.296,363.073,141.072,1001.974,simontadi2/16,2026-08-30T16:43:22.197914+00:00
26 Maret - 6 April 2026,2026-03-26,2026-04-06,Daerah Istimewa Yogyakarta,Bantul,Pandak,340206,164.398,7.231,9.414,101.497,163.585,98.673,210.226,80.103,835.127,simontadi2/16,2026-08-30T16:43:22.197914+00:00
26 Maret - 6 April 2026,2026-03-26,2026-04-06,Daerah Istimewa Yogyakarta,Bantul,Pajangan,340207,76.634,2.295,3.792,22.95,10.677,30.783,98.387,30.933,276.451,simontadi2/16,2026-08-30T16:43:22.197914+00:00
26 Maret - 6 April 2026,2026-03-26,2026-04-06,Daerah Istimewa Yogyakarta,Bantul,Bantul,340208,157.095,6.53,5.83,51.261,172.255,222.909,211.995,77.475,905.35,simontadi2/16,2026-08-30T16:43:22.197914+00:00
26 Maret - 6 April 2026,2026-03-26,2026-04-06,Daerah Istimewa Yogyakarta,Bantul,Jetis,340209,204.39,50.017,70.679,161.792,151.324,126.43,191.875,129.16,1085.667,simontadi2/16,2026-08-30T16:43:22.197914+00:00
26 Maret - 6 April 2026,2026-03-26,2026-04-06,Daerah Istimewa Yogyakarta,Bantul,Imogiri,340210,466.83,12.788,28.231,111.897,188.264,76.79,295.697,188.506,1369.003,simontadi2/16,2026-08-30T16:43:22.197914+00:00
26 Maret - 6 April 2026,2026-03-26,2026-04-06,Daerah Istimewa Yogyakarta,Bantul,Dlingo,340211,422.852,25.037,26.985,79.632,6.677,19.96,71.843,87.352,740.338,simontadi2/16,2026-08-30T16:43:22.197914+00:00
26 Maret - 6 April 2026,2026-03-26,2026-04-06,Daerah Istimewa Yogyakarta,Bantul,Banguntapan,340212,211.971,29.056,29.169,65.109,42.372,74.362,113.348,81.189,646.576,simontadi2/16,2026-08-30T16:43:22.197914+00:00
26 Maret - 6 April 2026,2026-03-26,2026-04-06,Daerah Istimewa Yogyakarta,Bantul,Pleret,340213,188.661,5.795,5.451,40.395,33.05,70.805,202.202,91.289,637.648,simontadi2/16,2026-08-30T16:43:22.197914+00:00
26 Maret - 6 April 2026,2026-03-26,2026-04-06,Daerah Istimewa Yogyakarta,Bantul,Piyungan,340214,257.214,55.51,18.908,51.015,12.629,76.201,242.017,188.433,901.927,simontadi2/16,2026-08-30T16:43:22.197914+00:00
26 Maret - 6 April 2026,2026-03-26,2026-04-06,Daerah Istimewa Yogyakarta,Bantul,Sewon,340215,258.516,21.132,23.621,104.064,121.533,113.832,227.334,133.93,1003.962,simontadi2/16,2026-08-30T16:43:22.197914+00:00
26 Maret - 6 April 2026,2026-03-26,2026-04-06,Daerah Istimewa Yogyakarta,Bantul,Kasihan,340216,109.143,14.766,13.892,40.85,40.753,44.833,136.878,57.753,458.868,simontadi2/16,2026-08-30T16:43:22.197914+00:00
26 Maret - 6 April 2026,2026-03-26,2026-04-06,Daerah Istimewa Yogyakarta,Bantul,Sedayu,340217,145.785,20.154,16.407,54.201,77.508,115.074,252.13,80.707,761.966,simontadi2/16,2026-08-30T16:43:22.197914+00:00
26 Maret - 6 April 2026,2026-03-26,2026-04-06,Daerah Istimewa Yogyakarta,Gunungkidul,Wonosari,340301,1791.86,17.245,49.455,85.228,2.637,5.273,24.158,28.861,2004.717,simontadi2/16,2026-08-30T16:43:22.197914+00:00
26 Maret - 6 April 2026,2026-03-26,2026-04-06,Daerah Istimewa Yogyakarta,Gunungkidul,Nglipar,340302,550.047,13.441,33.043,169.615,14.481,10.081,26.402,30.563,847.673,simontadi2/16,2026-08-30T16:43:22.197914+00:00
26 Maret - 6 April 2026,2026-03-26,2026-04-06,Daerah Istimewa Yogyakarta,Gunungkidul,Playen,340303,1084.031,14.944,33.981,79.619,2.666,3.038,12.526,16.494,1247.299,simontadi2/16,2026-08-30T16:43:22.197914+00:00
26 Maret - 6 April 2026,2026-03-26,2026-04-06,Daerah Istimewa Yogyakarta,Gunungkidul,Patuk,340304,417.399,36.975,78.715,205.68,14.562,31.204,74.89,79.051,938.476,simontadi2/16,2026-08-30T16:43:22.197914+00:00
26 Maret - 6 April 2026,2026-03-26,2026-04-06,Daerah Istimewa Yogyakarta,Gunungkidul,Paliyan,340305,969.864,9.848,12.835,22.602,1.211,4.036,28.495,30.109,1079.0,simontadi2/16,2026-08-30T16:43:22.197914+00:00
26 Maret - 6 April 2026,2026-03-26,2026-04-06,Daerah Istimewa Yogyakarta,Gunungkidul,Panggang,340306,711.155,27.901,27.271,52.725,14.824,37.411,44.753,66.5,982.54,simontadi2/16,2026-08-30T16:43:22.197914+00:00
26 Maret - 6 April 2026,2026-03-26,2026-04-06,Daerah Istimewa Yogyakarta,Gunungkidul,Tepus,340307,1598.145,51.107,29.413,35.345,9.263,31.201,39.001,60.858,1854.333,simontadi2/16,2026-08-30T16:43:22.197914+00:00
26 Maret - 6 April 2026,2026-03-26,2026-04-06,Daerah Istimewa Yogyakarta,Gunungkidul,Semanu,340308,2535.852,37.452,33.769,56.761,8.442,16.436,16.256,19.31,2724.278,simontadi2/16,2026-08-30T16:43:22.197914+00:00
26 Maret - 6 April 2026,2026-03-26,2026-04-06,Daerah Istimewa Yogyakarta,Gunungkidul,Karangmojo,340309,1256.164,27.444,114.144,195.323,4.862,6.181,37.581,48.789,1690.488,simontadi2/16,2026-08-30T16:43:22.197914+00:00
26 Maret - 6 April 2026,2026-03-26,2026-04-06,Daerah Istimewa Yogyakarta,Gunungkidul,Ponjong,340310,1409.522,126.224,188.308,156.385,9.695,16.255,48.864,86.271,2041.524,simontadi2/16,2026-08-30T16:43:22.197914+00:00
26 Maret - 6 April 2026,2026-03-26,2026-04-06,Daerah Istimewa Yogyakarta,Gunungkidul,Rongkop,340311,1805.947,35.168,22.123,42.699,13.18,29.251,20.711,31.268,2000.347,simontadi2/16,2026-08-30T16:43:22.197914+00:00
26 Maret - 6 April 2026,2026-03-26,2026-04-06,Daerah Istimewa Yogyakarta,Gunungkidul,Semin,340312,1273.642,31.124,47.912,444.317,217.992,23.527,41.907,57.347,2137.768,simontadi2/16,2026-08-30T16:43:22.197914+00:00
26 Maret - 6 April 2026,2026-03-26,2026-04-06,Daerah Istimewa Yogyakarta,Gunungkidul,Ngawen,340313,692.025,19.667,27.556,269.232,304.344,6.778,21.001,30.112,1370.715,simontadi2/16,2026-08-30T16:43:22.197914+00:00
26 Maret - 6 April 2026,2026-03-26,2026-04-06,Daerah Istimewa Yogyakarta,Gunungkidul,Gedangsari,340314,510.078,14.974,51.105,235.02,28.32,30.164,35.589,41.015,946.265,simontadi2/16,2026-08-30T16:43:22.197914+00:00
26 Maret - 6 April 2026,2026-03-26,2026-04-06,Daerah Istimewa Yogyakarta,Gunungkidul,Saptosari,340315,812.385,26.499,17.346,31.37,10.629,51.817,63.258,68.941,1082.245,simontadi2/16,2026-08-30T16:43:22.197914+00:00
26 Maret - 6 April 2026,2026-03-26,2026-04-06,Daerah Istimewa Yogyakarta,Gunungkidul,Girisubo,340316,1588.817,61.506,43.189,32.54,35.221,56.666,34.998,56.145,1909.082,simontadi2/16,2026-08-30T16:43:22.197914+00:00
26 Maret - 6 April 2026,2026-03-26,2026-04-06,Daerah Istimewa Yogyakarta,Gunungkidul,Tanjungsari,340317,1174.338,30.376,28.267,23.738,9.058,35.529,58.018,61.844,1421.168,simontadi2/16,2026-08-30T16:43:22.197914+00:00
26 Maret - 6 April 2026,2026-03-26,2026-04-06,Daerah Istimewa Yogyakarta,Gunungkidul,Purwosari,340318,365.669,17.701,30.64,43.153,11.475,25.635,31.739,49.623,575.635,simontadi2/16,2026-08-30T16:43:22.197914+00:00
26 Maret - 6 April 2026,2026-03-26,2026-04-06,Daerah Istimewa Yogyakarta,Sleman,Gamping,340401,156.924,21.902,28.078,61.525,41.571,96.777,142.814,64.85,614.441,simontadi2/16,2026-08-30T16:43:22.197914+00:00
26 Maret - 6 April 2026,2026-03-26,2026-04-06,Daerah Istimewa Yogyakarta,Sleman,Godean,340402,179.296,25.814,28.288,104.095,91.352,182.33,264.766,76.321,952.262,simontadi2/16,2026-08-30T16:43:22.197914+00:00
26 Maret - 6 April 2026,2026-03-26,2026-04-06,Daerah Istimewa Yogyakarta,Sleman,Moyudan,340403,137.816,27.871,39.784,177.864,270.752,200.283,218.703,58.423,1131.496,simontadi2/16,2026-08-30T16:43:22.197914+00:00
26 Maret - 6 April 2026,2026-03-26,2026-04-06,Daerah Istimewa Yogyakarta,Sleman,Minggir,340404,144.545,19.207,25.338,147.115,250.045,301.037,187.241,46.123,1120.651,simontadi2/16,2026-08-30T16:43:22.197914+00:00
26 Maret - 6 April 2026,2026-03-26,2026-04-06,Daerah Istimewa Yogyakarta,Sleman,Seyegan,340405,229.589,12.339,11.485,76.761,101.12,196.15,343.369,84.988,1055.801,simontadi2/16,2026-08-30T16:43:22.197914+00:00
26 Maret - 6 April 2026,2026-03-26,2026-04-06,Daerah Istimewa Yogyakarta,Sleman,Mlati,340406,243.203,20.866,18.957,50.511,30.154,97.078,175.389,67.878,704.036,simontadi2/16,2026-08-30T16:43:22.197914+00:00
26 Maret - 6 April 2026,2026-03-26,2026-04-06,Daerah Istimewa Yogyakarta,Sleman,Depok,340407,73.847,16.636,10.19,25.414,20.196,33.455,20.933,17.679,218.35,simontadi2/16,2026-08-30T16:43:22.197914+00:00
26 Maret - 6 April 2026,2026-03-26,2026-04-06,Daerah Istimewa Yogyakarta,Sleman,Berbah,340408,248.12,69.68,39.95,57.022,67.474,127.457,222.396,167.291,999.39,simontadi2/16,2026-08-30T16:43:22.197914+00:00
26 Maret - 6 April 2026,2026-03-26,2026-04-06,Daerah Istimewa Yogyakarta,Sleman,Prambanan,340409,341.581,69.135,42.219,158.944,90.547,107.596,164.313,124.712,1099.047,simontadi2/16,2026-08-30T16:43:22.197914+00:00
26 Maret - 6 April 2026,2026-03-26,2026-04-06,Daerah Istimewa Yogyakarta,Sleman,Kalasan,340410,368.452,45.283,23.749,65.138,68.956,226.035,365.016,159.752,1322.381,simontadi2/16,2026-08-30T16:43:22.197914+00:00
26 Maret - 6 April 2026,2026-03-26,2026-04-06,Daerah Istimewa Yogyakarta,Sleman,Ngemplak,340411,417.002,44.573,25.715,76.598,78.381,194.272,362.348,159.504,1358.393,simontadi2/16,2026-08-30T16:43:22.197914+00:00
26 Maret - 6 April 2026,2026-03-26,2026-04-06,Daerah Istimewa Yogyakarta,Sleman,Ngaglik,340412,351.666,36.288,26.071,45.801,52.671,195.768,321.896,138.341,1168.502,simontadi2/16,2026-08-30T16:43:22.197914+00:00
26 Maret - 6 April 2026,2026-03-26,2026-04-06,Daerah Istimewa Yogyakarta,Sleman,Sleman,340413,387.568,19.219,16.432,54.347,62.766,149.279,393.49,138.421,1221.522,simontadi2/16,2026-08-30T16:43:22.197914+00:00
26 Maret - 6 April 2026,2026-03-26,2026-04-06,Daerah Istimewa Yogyakarta,Sleman,Tempel,340414,341.902,16.127,15.601,49.699,59.375,135.536,338.018,93.737,1049.995,simontadi2/16,2026-08-30T16:43:22.197914+00:00
26 Maret - 6 April 2026,2026-03-26,2026-04-06,Daerah Istimewa Yogyakarta,Sleman,Turi,340415,145.497,8.867,7.658,15.114,13.3,17.465,52.798,27.272,287.971,simontadi2/16,2026-08-30T16:43:22.197914+00:00
26 Maret - 6 April 2026,2026-03-26,2026-04-06,Daerah Istimewa Yogyakarta,Sleman,Pakem,340416,368.078,33.814,27.189,74.316,58.815,69.941,149.131,83.504,864.788,simontadi2/16,2026-08-30T16:43:22.197914+00:00
26 Maret - 6 April 2026,2026-03-26,2026-04-06,Daerah Istimewa Yogyakarta,Sleman,Cangkringan,340417,193.039,20.05,12.749,45.113,85.214,117.85,214.56,60.314,748.889,simontadi2/16,2026-08-30T16:43:22.197914+00:00
26 Maret - 6 April 2026,2026-03-26,2026-04-06,Daerah Istimewa Yogyakarta,Kota Yogyakarta,Tegalrejo,347101,0.54,0.225,0.27,2.384,0.81,1.529,0.27,0.045,6.073,simontadi2/16,2026-08-30T16:43:22.197914+00:00
26 Maret - 6 April 2026,2026-03-26,2026-04-06,Daerah Istimewa Yogyakarta,Kota Yogyakarta,Jetis,347102,0.0,0.0,0.0,0.0,0.0,0.0,0.0,0.0,0.0,simontadi2/16,2026-08-30T16:43:22.197914+00:00
26 Maret - 6 April 2026,2026-03-26,2026-04-06,Daerah Istimewa Yogyakarta,Kota Yogyakarta,Gondokusuman,347103,0.0,0.0,0.0,0.0,0.0,0.0,0.0,0.0,0.0,simontadi2/16,2026-08-30T16:43:22.197914+00:00
26 Maret - 6 April 2026,2026-03-26,2026-04-06,Daerah Istimewa Yogyakarta,Kota Yogyakarta,Danurejan,347104,0.0,0.0,0.0,0.0,0.0,0.0,0.0,0.0,0.0,simontadi2/16,2026-08-30T16:43:22.197914+00:00
26 Maret - 6 April 2026,2026-03-26,2026-04-06,Daerah Istimewa Yogyakarta,Kota Yogyakarta,Gedongtengen,347105,0.0,0.0,0.0,0.0,0.0,0.0,0.0,0.0,0.0,simontadi2/16,2026-08-30T16:43:22.197914+00:00
26 Maret - 6 April 2026,2026-03-26,2026-04-06,Daerah Istimewa Yogyakarta,Kota Yogyakarta,Ngampilan,347106,0.0,0.0,0.0,0.0,0.0,0.0,0.0,0.0,0.0,simontadi2/16,2026-08-30T16:43:22.197914+00:00
26 Maret - 6 April 2026,2026-03-26,2026-04-06,Daerah Istimewa Yogyakarta,Kota Yogyakarta,Wirobrajan,347107,0.0,0.0,0.0,0.0,0.0,0.0,0.0,0.0,0.0,simontadi2/16,2026-08-30T16:43:22.197914+00:00
26 Maret - 6 April 2026,2026-03-26,2026-04-06,Daerah Istimewa Yogyakarta,Kota Yogyakarta,Mantrijeron,347108,0.183,0.046,0.0,0.0,0.0,0.138,0.046,0.0,0.413,simontadi2/16,2026-08-30T16:43:22.197914+00:00
26 Maret - 6 April 2026,2026-03-26,2026-04-06,Daerah Istimewa Yogyakarta,Kota Yogyakarta,Kraton,347109,0.0,0.0,0.0,0.0,0.0,0.0,0.0,0.0,0.0,simontadi2/16,2026-08-30T16:43:22.197914+00:00
26 Maret - 6 April 2026,2026-03-26,2026-04-06,Daerah Istimewa Yogyakarta,Kota Yogyakarta,Gondomanan,347110,0.0,0.0,0.0,0.0,0.0,0.0,0.0,0.0,0.0,simontadi2/16,2026-08-30T16:43:22.197914+00:00
26 Maret - 6 April 2026,2026-03-26,2026-04-06,Daerah Istimewa Yogyakarta,Kota Yogyakarta,Pakualaman,347111,0.0,0.0,0.0,0.0,0.0,0.0,0.0,0.0,0.0,simontadi2/16,2026-08-30T16:43:22.197914+00:00
26 Maret - 6 April 2026,2026-03-26,2026-04-06,Daerah Istimewa Yogyakarta,Kota Yogyakarta,Mergangsan,347112,1.954,0.095,0.0,0.048,0.0,0.0,0.048,1.239,3.384,simontadi2/16,2026-08-30T16:43:22.197914+00:00
26 Maret - 6 April 2026,2026-03-26,2026-04-06,Daerah Istimewa Yogyakarta,Kota Yogyakarta,Umbulharjo,347113,5.6,0.878,0.933,0.384,0.165,1.263,1.263,2.91,13.396,simontadi2/16,2026-08-30T16:43:22.197914+00:00
26 Maret - 6 April 2026,2026-03-26,2026-04-06,Daerah Istimewa Yogyakarta,Kota Yogyakarta,Kotagede,347114,0.885,0.419,0.047,0.279,0.047,0.326,0.233,0.373,2.609,simontadi2/16,2026-08-30T16:43:22.197914+00:00
7 - 18 April 2026,2026-04-07,2026-04-18,Daerah Istimewa Yogyakarta,Kulon Progo,Temon,340101,767.276,140.509,60.534,11.179,6.098,5.7,83.863,125.177,1200.336,simontadi2/18,2026-08-30T16:43:22.197914+00:00
7 - 18 April 2026,2026-04-07,2026-04-18,Daerah Istimewa Yogyakarta,Kulon Progo,Wates,340102,632.877,201.982,95.895,30.575,3.221,6.02,24.343,25.928,1020.841,simontadi2/18,2026-08-30T16:43:22.197914+00:00
7 - 18 April 2026,2026-04-07,2026-04-18,Daerah Istimewa Yogyakarta,Kulon Progo,Panjatan,340103,195.989,52.795,80.826,62.414,162.756,508.798,146.738,20.713,1231.029,simontadi2/18,2026-08-30T16:43:22.197914+00:00
7 - 18 April 2026,2026-04-07,2026-04-18,Daerah Istimewa Yogyakarta,Kulon Progo,Galur,340104,42.965,1.394,0.615,4.1,69.366,857.446,177.516,6.477,1159.879,simontadi2/18,2026-08-30T16:43:22.197914+00:00
7 - 18 April 2026,2026-04-07,2026-04-18,Daerah Istimewa Yogyakarta,Kulon Progo,Lendah,340105,86.776,6.405,0.39,1.731,12.205,104.002,425.528,81.107,718.144,simontadi2/18,2026-08-30T16:43:22.197914+00:00
7 - 18 April 2026,2026-04-07,2026-04-18,Daerah Istimewa Yogyakarta,Kulon Progo,Sentolo,340106,303.048,193.112,14.709,15.468,51.054,19.928,389.64,365.252,1352.211,simontadi2/18,2026-08-30T16:43:22.197914+00:00
7 - 18 April 2026,2026-04-07,2026-04-18,Daerah Istimewa Yogyakarta,Kulon Progo,Pengasih,340107,231.618,117.004,46.802,38.019,32.85,21.455,117.171,129.121,734.04,simontadi2/18,2026-08-30T16:43:22.197914+00:00
7 - 18 April 2026,2026-04-07,2026-04-18,Daerah Istimewa Yogyakarta,Kulon Progo,Kokap,340108,77.34,4.736,4.736,7.963,0.677,0.468,2.602,4.996,103.518,simontadi2/18,2026-08-30T16:43:22.197914+00:00
7 - 18 April 2026,2026-04-07,2026-04-18,Daerah Istimewa Yogyakarta,Kulon Progo,Girimulyo,340109,138.386,10.012,8.135,48.23,96.124,23.49,66.233,60.649,451.259,simontadi2/18,2026-08-30T16:43:22.197914+00:00
7 - 18 April 2026,2026-04-07,2026-04-18,Daerah Istimewa Yogyakarta,Kulon Progo,Nanggulan,340110,196.622,13.671,23.275,365.514,466.355,96.04,126.02,71.554,1359.051,simontadi2/18,2026-08-30T16:43:22.197914+00:00
7 - 18 April 2026,2026-04-07,2026-04-18,Daerah Istimewa Yogyakarta,Kulon Progo,Samigaluh,340111,249.776,12.959,11.053,40.147,45.674,16.389,53.487,68.415,497.9,simontadi2/18,2026-08-30T16:43:22.197914+00:00
7 - 18 April 2026,2026-04-07,2026-04-18,Daerah Istimewa Yogyakarta,Kulon Progo,Kalibawang,340112,158.665,6.619,17.82,329.132,118.304,11.849,22.402,15.829,680.62,simontadi2/18,2026-08-30T16:43:22.197914+00:00
7 - 18 April 2026,2026-04-07,2026-04-18,Daerah Istimewa Yogyakarta,Bantul,Srandakan,340201,189.154,7.086,9.726,26.215,112.084,98.421,26.956,15.192,484.834,simontadi2/18,2026-08-30T16:43:22.197914+00:00
7 - 18 April 2026,2026-04-07,2026-04-18,Daerah Istimewa Yogyakarta,Bantul,Sanden,340202,418.19,50.161,107.559,169.969,38.266,13.97,117.733,59.322,975.17,simontadi2/18,2026-08-30T16:43:22.197914+00:00
7 - 18 April 2026,2026-04-07,2026-04-18,Daerah Istimewa Yogyakarta,Bantul,Kretek,340203,341.036,17.382,18.277,93.031,309.193,35.658,40.368,26.614,881.559,simontadi2/18,2026-08-30T16:43:22.197914+00:00
7 - 18 April 2026,2026-04-07,2026-04-18,Daerah Istimewa Yogyakarta,Bantul,Pundong,340204,249.45,44.606,54.463,121.394,88.671,63.87,95.288,36.189,753.931,simontadi2/18,2026-08-30T16:43:22.197914+00:00
7 - 18 April 2026,2026-04-07,2026-04-18,Daerah Istimewa Yogyakarta,Bantul,Bambanglipuro,340205,270.784,87.292,76.498,88.282,75.179,96.295,156.72,150.923,1001.973,simontadi2/18,2026-08-30T16:43:22.197914+00:00
7 - 18 April 2026,2026-04-07,2026-04-18,Daerah Istimewa Yogyakarta,Bantul,Pandak,340206,278.391,19.17,10.869,16.645,101.497,163.286,169.362,75.909,835.129,simontadi2/18,2026-08-30T16:43:22.197914+00:00
7 - 18 April 2026,2026-04-07,2026-04-18,Daerah Istimewa Yogyakarta,Bantul,Pajangan,340207,123.183,11.226,1.996,6.087,22.95,10.228,57.476,43.306,276.452,simontadi2/18,2026-08-30T16:43:22.197914+00:00
7 - 18 April 2026,2026-04-07,2026-04-18,Daerah Istimewa Yogyakarta,Bantul,Bantul,340208,244.599,44.405,16.838,12.361,51.261,171.088,265.588,99.211,905.351,simontadi2/18,2026-08-30T16:43:22.197914+00:00
7 - 18 April 2026,2026-04-07,2026-04-18,Daerah Istimewa Yogyakarta,Bantul,Jetis,340209,383.021,22.027,28.399,120.695,161.792,149.822,160.609,59.301,1085.666,simontadi2/18,2026-08-30T16:43:22.197914+00:00
7 - 18 April 2026,2026-04-07,2026-04-18,Daerah Istimewa Yogyakarta,Bantul,Imogiri,340210,754.987,22.319,24.672,41.019,111.897,185.429,134.276,94.404,1369.003,simontadi2/18,2026-08-30T16:43:22.197914+00:00
7 - 18 April 2026,2026-04-07,2026-04-18,Daerah Istimewa Yogyakarta,Bantul,Dlingo,340211,525.991,10.293,13.492,52.022,79.632,6.398,27.75,24.759,740.337,simontadi2/18,2026-08-30T16:43:22.197914+00:00
7 - 18 April 2026,2026-04-07,2026-04-18,Daerah Istimewa Yogyakarta,Bantul,Banguntapan,340212,309.86,17.49,15.685,58.226,65.109,40.792,95.519,43.895,646.576,simontadi2/18,2026-08-30T16:43:22.197914+00:00
7 - 18 April 2026,2026-04-07,2026-04-18,Daerah Istimewa Yogyakarta,Bantul,Pleret,340213,353.854,10.041,4.303,11.246,40.395,32.419,106.782,78.609,637.649,simontadi2/18,2026-08-30T16:43:22.197914+00:00
7 - 18 April 2026,2026-04-07,2026-04-18,Daerah Istimewa Yogyakarta,Bantul,Piyungan,340214,410.615,76.843,89.115,74.417,51.015,12.058,108.736,79.126,901.925,simontadi2/18,2026-08-30T16:43:22.197914+00:00
7 - 18 April 2026,2026-04-07,2026-04-18,Daerah Istimewa Yogyakarta,Bantul,Sewon,340215,452.884,22.635,13.525,44.753,104.064,119.655,160.228,86.219,1003.963,simontadi2/18,2026-08-30T16:43:22.197914+00:00
7 - 18 April 2026,2026-04-07,2026-04-18,Daerah Istimewa Yogyakarta,Bantul,Kasihan,340216,204.346,13.892,7.772,28.658,40.85,39.83,71.499,52.021,458.868,simontadi2/18,2026-08-30T16:43:22.197914+00:00
7 - 18 April 2026,2026-04-07,2026-04-18,Daerah Istimewa Yogyakarta,Bantul,Sedayu,340217,249.799,26.826,18.235,36.56,54.201,77.28,192.902,106.162,761.965,simontadi2/18,2026-08-30T16:43:22.197914+00:00
7 - 18 April 2026,2026-04-07,2026-04-18,Daerah Istimewa Yogyakarta,Gunungkidul,Wonosari,340301,1810.957,8.979,16.034,66.7,85.228,2.637,9.193,4.988,2004.716,simontadi2/18,2026-08-30T16:43:22.197914+00:00
7 - 18 April 2026,2026-04-07,2026-04-18,Daerah Istimewa Yogyakarta,Gunungkidul,Nglipar,340302,582.53,2.0,11.841,46.484,169.615,14.401,14.641,6.161,847.673,simontadi2/18,2026-08-30T16:43:22.197914+00:00
7 - 18 April 2026,2026-04-07,2026-04-18,Daerah Istimewa Yogyakarta,Gunungkidul,Playen,340303,1100.154,1.426,6.201,48.925,79.619,2.604,4.589,3.783,1247.301,simontadi2/18,2026-08-30T16:43:22.197914+00:00
7 - 18 April 2026,2026-04-07,2026-04-18,Daerah Istimewa Yogyakarta,Gunungkidul,Patuk,340304,487.122,12.213,36.17,115.691,205.68,14.294,43.418,23.89,938.478,simontadi2/18,2026-08-30T16:43:22.197914+00:00
7 - 18 April 2026,2026-04-07,2026-04-18,Daerah Istimewa Yogyakarta,Gunungkidul,Paliyan,340305,1007.48,1.453,6.619,22.683,22.602,1.049,6.538,10.574,1078.998,simontadi2/18,2026-08-30T16:43:22.197914+00:00
7 - 18 April 2026,2026-04-07,2026-04-18,Daerah Istimewa Yogyakarta,Gunungkidul,Panggang,340306,775.488,4.335,20.838,55.172,52.725,13.566,44.823,15.594,982.541,simontadi2/18,2026-08-30T16:43:22.197914+00:00
7 - 18 April 2026,2026-04-07,2026-04-18,Daerah Istimewa Yogyakarta,Gunungkidul,Tepus,340307,1646.571,7.069,28.194,80.521,35.345,7.475,34.451,14.707,1854.333,simontadi2/18,2026-08-30T16:43:22.197914+00:00
7 - 18 April 2026,2026-04-07,2026-04-18,Daerah Istimewa Yogyakarta,Gunungkidul,Semanu,340308,2526.691,7.903,28.65,71.221,56.761,7.185,19.22,6.646,2724.277,simontadi2/18,2026-08-30T16:43:22.197914+00:00
7 - 18 April 2026,2026-04-07,2026-04-18,Daerah Istimewa Yogyakarta,Gunungkidul,Karangmojo,340309,1292.839,8.571,23.9,141.588,195.323,4.698,9.89,13.681,1690.49,simontadi2/18,2026-08-30T16:43:22.197914+00:00
7 - 18 April 2026,2026-04-07,2026-04-18,Daerah Istimewa Yogyakarta,Gunungkidul,Ponjong,340310,1462.499,17.039,43.772,314.533,156.385,8.715,25.46,13.122,2041.525,simontadi2/18,2026-08-30T16:43:22.197914+00:00
7 - 18 April 2026,2026-04-07,2026-04-18,Daerah Istimewa Yogyakarta,Gunungkidul,Rongkop,340311,1819.262,7.195,24.208,57.291,42.699,10.961,29.385,9.347,2000.348,simontadi2/18,2026-08-30T16:43:22.197914+00:00
7 - 18 April 2026,2026-04-07,2026-04-18,Daerah Istimewa Yogyakarta,Gunungkidul,Semin,340312,1330.009,0.49,12.621,79.036,444.317,214.684,40.192,16.42,2137.769,simontadi2/18,2026-08-30T16:43:22.197914+00:00
7 - 18 April 2026,2026-04-07,2026-04-18,Daerah Istimewa Yogyakarta,Gunungkidul,Ngawen,340313,725.471,0.222,5.334,47.224,269.232,303.344,11.889,8.0,1370.716,simontadi2/18,2026-08-30T16:43:22.197914+00:00
7 - 18 April 2026,2026-04-07,2026-04-18,Daerah Istimewa Yogyakarta,Gunungkidul,Gedangsari,340314,555.541,0.434,7.812,66.079,235.02,27.886,41.557,11.935,946.264,simontadi2/18,2026-08-30T16:43:22.197914+00:00
7 - 18 April 2026,2026-04-07,2026-04-18,Daerah Istimewa Yogyakarta,Gunungkidul,Saptosari,340315,898.23,1.624,12.105,43.845,31.37,9.153,61.412,24.506,1082.245,simontadi2/18,2026-08-30T16:43:22.197914+00:00
7 - 18 April 2026,2026-04-07,2026-04-18,Daerah Istimewa Yogyakarta,Gunungkidul,Girisubo,340316,1619.57,14.297,45.497,104.695,32.54,28.147,47.954,16.382,1909.082,simontadi2/18,2026-08-30T16:43:22.197914+00:00
7 - 18 April 2026,2026-04-07,2026-04-18,Daerah Istimewa Yogyakarta,Gunungkidul,Tanjungsari,340317,1250.94,2.733,13.743,58.643,23.738,8.121,42.557,20.693,1421.168,simontadi2/18,2026-08-30T16:43:22.197914+00:00
7 - 18 April 2026,2026-04-07,2026-04-18,Daerah Istimewa Yogyakarta,Gunungkidul,Purwosari,340318,411.263,2.93,16.114,48.341,43.153,9.766,32.777,11.292,575.636,simontadi2/18,2026-08-30T16:43:22.197914+00:00
7 - 18 April 2026,2026-04-07,2026-04-18,Daerah Istimewa Yogyakarta,Sleman,Gamping,340401,250.138,5.511,4.798,49.98,61.525,41.048,142.814,58.627,614.441,simontadi2/18,2026-08-30T16:43:22.197914+00:00
7 - 18 April 2026,2026-04-07,2026-04-18,Daerah Istimewa Yogyakarta,Sleman,Godean,340402,303.65,4.855,8.542,54.102,104.095,91.072,272.842,113.104,952.262,simontadi2/18,2026-08-30T16:43:22.197914+00:00
7 - 18 April 2026,2026-04-07,2026-04-18,Daerah Istimewa Yogyakarta,Sleman,Moyudan,340403,226.879,5.407,10.243,67.655,177.864,270.312,275.675,97.46,1131.495,simontadi2/18,2026-08-30T16:43:22.197914+00:00
7 - 18 April 2026,2026-04-07,2026-04-18,Daerah Istimewa Yogyakarta,Sleman,Minggir,340404,211.587,3.922,5.951,44.545,147.115,249.595,392.066,65.87,1120.651,simontadi2/18,2026-08-30T16:43:22.197914+00:00
7 - 18 April 2026,2026-04-07,2026-04-18,Daerah Istimewa Yogyakarta,Sleman,Seyegan,340405,386.851,17.414,10.577,23.824,76.761,98.128,283.06,159.185,1055.8,simontadi2/18,2026-08-30T16:43:22.197914+00:00
7 - 18 April 2026,2026-04-07,2026-04-18,Daerah Istimewa Yogyakarta,Sleman,Mlati,340406,356.884,12.532,7.761,39.823,50.511,28.563,141.354,66.606,704.034,simontadi2/18,2026-08-30T16:43:22.197914+00:00
7 - 18 April 2026,2026-04-07,2026-04-18,Daerah Istimewa Yogyakarta,Sleman,Depok,340407,92.386,3.56,4.481,26.826,25.414,19.459,37.691,8.533,218.35,simontadi2/18,2026-08-30T16:43:22.197914+00:00
7 - 18 April 2026,2026-04-07,2026-04-18,Daerah Istimewa Yogyakarta,Sleman,Berbah,340408,395.087,78.506,70.9,109.63,57.022,65.79,139.825,82.629,999.389,simontadi2/18,2026-08-30T16:43:22.197914+00:00
7 - 18 April 2026,2026-04-07,2026-04-18,Daerah Istimewa Yogyakarta,Sleman,Prambanan,340409,458.238,45.71,50.542,111.355,158.944,89.607,128.538,56.114,1099.048,simontadi2/18,2026-08-30T16:43:22.197914+00:00
7 - 18 April 2026,2026-04-07,2026-04-18,Daerah Istimewa Yogyakarta,Sleman,Kalasan,340410,579.902,82.549,57.043,69.032,65.138,65.749,254.671,148.297,1322.381,simontadi2/18,2026-08-30T16:43:22.197914+00:00
7 - 18 April 2026,2026-04-07,2026-04-18,Daerah Istimewa Yogyakarta,Sleman,Ngemplak,340411,614.839,73.718,55.82,70.289,76.598,72.483,237.679,156.967,1358.393,simontadi2/18,2026-08-30T16:43:22.197914+00:00
7 - 18 April 2026,2026-04-07,2026-04-18,Daerah Istimewa Yogyakarta,Sleman,Ngaglik,340412,585.308,24.897,16.5,62.359,45.801,49.617,258.186,125.834,1168.502,simontadi2/18,2026-08-30T16:43:22.197914+00:00
7 - 18 April 2026,2026-04-07,2026-04-18,Daerah Istimewa Yogyakarta,Sleman,Sleman,340413,638.224,41.515,16.083,35.65,54.347,59.05,215.122,161.53,1221.521,simontadi2/18,2026-08-30T16:43:22.197914+00:00
7 - 18 April 2026,2026-04-07,2026-04-18,Daerah Istimewa Yogyakarta,Sleman,Tempel,340414,492.71,49.962,26.594,31.728,49.699,53.978,181.878,163.447,1049.996,simontadi2/18,2026-08-30T16:43:22.197914+00:00
7 - 18 April 2026,2026-04-07,2026-04-18,Daerah Istimewa Yogyakarta,Sleman,Turi,340415,181.569,6.381,7.926,16.525,15.114,12.158,26.533,21.764,287.97,simontadi2/18,2026-08-30T16:43:22.197914+00:00
7 - 18 April 2026,2026-04-07,2026-04-18,Daerah Istimewa Yogyakarta,Sleman,Pakem,340416,471.583,21.501,18.813,61.003,74.316,55.69,92.754,69.128,864.788,simontadi2/18,2026-08-30T16:43:22.197914+00:00
7 - 18 April 2026,2026-04-07,2026-04-18,Daerah Istimewa Yogyakarta,Sleman,Cangkringan,340417,280.487,21.794,21.848,32.8,45.113,81.454,167.867,97.527,748.89,simontadi2/18,2026-08-30T16:43:22.197914+00:00
7 - 18 April 2026,2026-04-07,2026-04-18,Daerah Istimewa Yogyakarta,Kota Yogyakarta,Tegalrejo,347101,0.54,0.0,0.09,0.495,2.384,0.81,1.754,0.0,6.073,simontadi2/18,2026-08-30T16:43:22.197914+00:00
7 - 18 April 2026,2026-04-07,2026-04-18,Daerah Istimewa Yogyakarta,Kota Yogyakarta,Jetis,347102,0.0,0.0,0.0,0.0,0.0,0.0,0.0,0.0,0.0,simontadi2/18,2026-08-30T16:43:22.197914+00:00
7 - 18 April 2026,2026-04-07,2026-04-18,Daerah Istimewa Yogyakarta,Kota Yogyakarta,Gondokusuman,347103,0.0,0.0,0.0,0.0,0.0,0.0,0.0,0.0,0.0,simontadi2/18,2026-08-30T16:43:22.197914+00:00
7 - 18 April 2026,2026-04-07,2026-04-18,Daerah Istimewa Yogyakarta,Kota Yogyakarta,Danurejan,347104,0.0,0.0,0.0,0.0,0.0,0.0,0.0,0.0,0.0,simontadi2/18,2026-08-30T16:43:22.197914+00:00
7 - 18 April 2026,2026-04-07,2026-04-18,Daerah Istimewa Yogyakarta,Kota Yogyakarta,Gedongtengen,347105,0.0,0.0,0.0,0.0,0.0,0.0,0.0,0.0,0.0,simontadi2/18,2026-08-30T16:43:22.197914+00:00
7 - 18 April 2026,2026-04-07,2026-04-18,Daerah Istimewa Yogyakarta,Kota Yogyakarta,Ngampilan,347106,0.0,0.0,0.0,0.0,0.0,0.0,0.0,0.0,0.0,simontadi2/18,2026-08-30T16:43:22.197914+00:00
7 - 18 April 2026,2026-04-07,2026-04-18,Daerah Istimewa Yogyakarta,Kota Yogyakarta,Wirobrajan,347107,0.0,0.0,0.0,0.0,0.0,0.0,0.0,0.0,0.0,simontadi2/18,2026-08-30T16:43:22.197914+00:00
7 - 18 April 2026,2026-04-07,2026-04-18,Daerah Istimewa Yogyakarta,Kota Yogyakarta,Mantrijeron,347108,0.229,0.0,0.0,0.046,0.0,0.0,0.138,0.0,0.413,simontadi2/18,2026-08-30T16:43:22.197914+00:00
7 - 18 April 2026,2026-04-07,2026-04-18,Daerah Istimewa Yogyakarta,Kota Yogyakarta,Kraton,347109,0.0,0.0,0.0,0.0,0.0,0.0,0.0,0.0,0.0,simontadi2/18,2026-08-30T16:43:22.197914+00:00
7 - 18 April 2026,2026-04-07,2026-04-18,Daerah Istimewa Yogyakarta,Kota Yogyakarta,Gondomanan,347110,0.0,0.0,0.0,0.0,0.0,0.0,0.0,0.0,0.0,simontadi2/18,2026-08-30T16:43:22.197914+00:00
7 - 18 April 2026,2026-04-07,2026-04-18,Daerah Istimewa Yogyakarta,Kota Yogyakarta,Pakualaman,347111,0.0,0.0,0.0,0.0,0.0,0.0,0.0,0.0,0.0,simontadi2/18,2026-08-30T16:43:22.197914+00:00
7 - 18 April 2026,2026-04-07,2026-04-18,Daerah Istimewa Yogyakarta,Kota Yogyakarta,Mergangsan,347112,2.526,0.572,0.143,0.095,0.048,0.0,0.0,0.0,3.384,simontadi2/18,2026-08-30T16:43:22.197914+00:00
7 - 18 April 2026,2026-04-07,2026-04-18,Daerah Istimewa Yogyakarta,Kota Yogyakarta,Umbulharjo,347113,8.619,0.329,0.165,1.812,0.384,0.165,1.263,0.659,13.396,simontadi2/18,2026-08-30T16:43:22.197914+00:00
7 - 18 April 2026,2026-04-07,2026-04-18,Daerah Istimewa Yogyakarta,Kota Yogyakarta,Kotagede,347114,1.165,0.047,0.093,0.466,0.279,0.047,0.326,0.186,2.609,simontadi2/18,2026-08-30T16:43:22.197914+00:00
