pilar,berkas,otomatis,dicek_pada_utc,baris,berubah
PIHPS Bank Indonesia,harga_pangan_diy.csv,True,2026-10-09T02:17:38+00:00,26640,True
SP2KP Kemendag,harga_sp2kp_diy.csv,False,,112915,False
DPKP DIY,harga_pangan_dpkp_diy.csv,True,2026-10-09T02:17:38+00:00,7610,False
SIMOTANDI Kementan,simotandi_fase_tanam_diy.csv,False,,6396,False
Cadangan Pangan DIY,cadangan_pangan_diy.csv,True,2026-10-09T02:17:38+00:00,215,True
BMKG,cuaca_diy.csv,True,2026-10-09T02:17:38+00:00,24731,True
NOAA (ENSO/ONI),enso_oni.csv,True,2026-10-09T02:17:38+00:00,920,False
Google Trends,google_trends_panik.csv,True,2026-10-09T02:17:38+00:00,93,False
Sinyal Media,validasi_berita.csv,True,2026-10-09T02:17:38+00:00,822,False
Gabungan & deteksi anomali,gabungan_anomali.csv,True,2026-10-09T02:17:38+00:00,26640,True
Prakiraan harga,prakiraan_harga.csv,True,2026-10-09T02:17:38+00:00,72,True
